,Model,Fuel Type,Engine Size,Transmission,Mileage,Doors,BHP,Year,MPG,Body Type,CO2,Colour,Previous Keepers,Ultra Low Emission Zone  ,Tax,Price,MOT Expires,Interior Trim,Euro Status
0,Q8,Diesel,3.0L,Automatic,"9,680 miles",5.0,282 bhp,2019 (69),33.6,Estate,178 g/km,BLACK,1.0,Euro 6,£199,"£51,500",,,
1,Q8,Diesel,3.0L,Automatic,"21,906 miles",5.0,282 bhp,2019 (69),33.6,Estate,178 g/km,BLUE,1.0,Euro 6,£199,"£49,250",,,
2,Q7,Diesel,3.0L,Automatic,"11,982 miles",5.0,282 bhp,2019 (69),33.2,Estate,177 g/km,Samurai grey metallic,1.0,Euro 6,£199,"£49,000",,,
3,Q7,Diesel,3.0L,Automatic,"14,045 miles",5.0,282 bhp,2019 (69),33.2,Estate,177 g/km,DAYTONA GREY,1.0,Euro 6,£199,"£48,500",,,
4,Q5,Petrol,2.0L,Automatic,"25,232 miles",5.0,248 bhp,2018 (68),40.4,Estate,159 g/km,GLACIER WHITE,1.0,Euro 6,£199,"£34,000",12-10-2022,,
5,A5,Diesel,2.0L,Automatic,"19,436 miles",5.0,161 bhp,2020 (70),51.4,Hatchback,143 g/km,WHITE,1.0,Euro 6,£199,"£33,000",,,
6,A6,Diesel,2.0L,Automatic,"2,627 miles",4.0,201 bhp,2019 (69),50.4,Saloon,118 g/km,BRILLIANT BLACK,1.0,Euro 6,£199,"£33,000",,,
7,Q7,Diesel,3.0L,Automatic,"51,461 miles",5.0,215 bhp,2015 (65),48.7,Estate,150 g/km,BLACK,2.0,Euro 6,£199,"£32,200",19-10-2022,,
8,Q5,Diesel,2.0L,Automatic,"32,386 miles",5.0,188 bhp,2019 (68),38.2,Estate,146 g/km,IBIS WHITE,1.0,Euro 6,£199,"£31,900",,,
9,Q5,Diesel,2.0L,Automatic,"34,712 miles",5.0,188 bhp,2019 (69),39.2,Estate,144 g/km,BLUE,1.0,Euro 6,£199,"£31,800",,,
10,A3,Petrol,1.5L,Automatic,"2,918 miles",4.0,148 bhp,2021 (21),47.9,Saloon,112 g/km,GREY,1.0,Euro 6,£199,"£31,500",,,
11,Q5,Diesel,2.0L,Automatic,"21,341 miles",5.0,188 bhp,2017 (67),55.4,Estate,133 g/km,FLORET SILVER,1.0,Euro 6,£199,"£30,900",,,
12,Q5,Diesel,2.0L,Automatic,"26,693 miles",5.0,188 bhp,2018 (18),55.4,Estate,133 g/km,GLACIER WHITE,1.0,Euro 6,£199,"£30,250",09-06-2022,,
13,Q3,Diesel,2.0L,Automatic,"9,543 miles",5.0,148 bhp,2019 (69),48.7,Estate,124 g/km,BLACK,1.0,Euro 6,£199,"£29,900",,,
14,A4,Diesel,2.0L,Automatic,"11,611 miles",5.0,161 bhp,2019 (69),49.6,Estate,110 g/km,DAYTONA GREY,1.0,Euro 6,£199,"£29,700",,,
15,Q7,Diesel,3.0L,Automatic,"71,243 miles",5.0,268 bhp,2015 (65),47.9,Estate,153 g/km,PURE WHITE,2.0,Euro 6,£199,"£29,600",10-12-2021,,
16,Q5,Diesel,2.0L,Automatic,"44,578 miles",5.0,188 bhp,2018 (18),55.4,Estate,133 g/km,GREY,1.0,Euro 6,£199,"£29,500",14-06-2022,,
17,A5,Petrol,2.0L,Automatic,"15,275 miles",2.0,248 bhp,2018 (68),43.5,Convertible,149 g/km,GREY,1.0,Euro 6,£199,"£29,200",,,
18,Q5,Diesel,2.0L,Automatic,"21,186 miles",5.0,188 bhp,2017 (17),55.4,Estate,133 g/km,SILVER,1.0,Euro 6,£199,"£29,000",,,
19,Q5,Diesel,2.0L,Automatic,"26,591 miles",5.0,188 bhp,2018 (18),56.5,Estate,132 g/km,IBIS WHITE,1.0,Euro 6,£199,"£29,000",31-10-2022,,
20,Q5,Diesel,2.0L,Automatic,"60,890 miles",5.0,188 bhp,2018 (18),55.4,Estate,133 g/km,BLACK,2.0,Euro 6,£199,"£29,000",19-07-2022,,
21,A3,Petrol,1.5L,Automatic,"6,264 miles",4.0,148 bhp,2020 (70),47.9,Saloon,112 g/km,MYTHOS BLACK,1.0,Euro 6,£199,"£28,750",,,
22,Q5,Diesel,2.0L,Automatic,"27,574 miles",5.0,188 bhp,2017 (17),55.4,Estate,133 g/km,DAYTONA GREY,1.0,Euro 6,£199,"£28,600",02-01-2022,,
23,Q5,Diesel,2.0L,Automatic,"25,555 miles",5.0,188 bhp,2017 (17),55.4,Estate,133 g/km,BLUE,2.0,Euro 6,£199,"£28,500",30-08-2022,,
24,Q5,Diesel,2.0L,Automatic,"23,505 miles",5.0,188 bhp,2018 (18),56.5,Estate,132 g/km,BLACK,1.0,Euro 6,£199,"£28,500",,,
25,Q5,Diesel,2.0L,Automatic,"37,409 miles",5.0,188 bhp,2017 (17),55.4,Estate,133 g/km,FLORET SILVER,2.0,Euro 6,£199,"£28,200",28-10-2022,,
26,A5,Petrol,2.0L,Automatic,"16,562 miles",5.0,249 bhp,2018 (18),45.6,Hatchback,141 g/km,GREY,1.0,Euro 6,£199,"£28,100",02-08-2022,,
27,A7,Diesel,3.0L,Automatic,"30,862 miles",5.0,268 bhp,2017 (67),52.3,Hatchback,142 g/km,BLUE,1.0,Euro 6,£199,"£28,000",29-11-2021,,
28,Q5,Diesel,2.0L,Automatic,"49,845 miles",5.0,188 bhp,2017 (17),55.4,Estate,133 g/km,MYTHOS BLACK,1.0,Euro 6,£199,"£27,700",23-10-2022,,
29,Q5,Petrol,2.0L,Automatic,"37,101 miles",5.0,248 bhp,2017 (17),40.9,Estate,157 g/km,MANHATTAN GREY,1.0,Euro 6,£199,"£27,600",20-08-2022,,
30,Q5,Diesel,2.0L,Automatic,"35,166 miles",5.0,188 bhp,2017 (67),56.5,Estate,132 g/km,BLACK,2.0,Euro 6,£199,"£27,600",01-11-2022,,
31,S3,Petrol,2.0L,Automatic,"37,987 miles",4.0,306 bhp,2018 (18),43.5,Saloon,151 g/km,BLUE,1.0,Euro 6,£199,"£27,500",03-04-2022,,
32,A6,Diesel,2.0L,Automatic,"32,243 miles",5.0,201 bhp,2019 (19),47.9,Estate,123 g/km,Vesuvius grey metallic,1.0,Euro 6,£199,"£27,400",,,
33,A5,Petrol,2.0L,Automatic,"18,415 miles",2.0,188 bhp,2019 (19),37.7,Convertible,140 g/km,GREY,1.0,Euro 6,£199,"£27,200",,,
34,Q5,Diesel,2.0L,Automatic,"27,652 miles",5.0,188 bhp,2018 (67),56.5,Estate,132 g/km,BLACK,2.0,Euro 6,£199,"£27,200",14-03-2022,,
35,A5,Petrol,2.0L,Automatic,"29,300 miles",5.0,249 bhp,2017 (67),45.6,Hatchback,141 g/km,DAYTONA GREY,2.0,Euro 6,£199,"£26,500",31-08-2022,,
36,A5,Petrol,2.0L,Automatic,"20,348 miles",5.0,188 bhp,2019 (19),39.8,Hatchback,136 g/km,WHITE,1.0,Euro 6,£199,"£26,500",,,
37,A6,Diesel,2.0L,Automatic,"26,049 miles",5.0,188 bhp,2017 (67),58.9,Estate,124 g/km,TORNADO GREY,1.0,Euro 6,£199,"£26,400",08-11-2021,,
38,A6,Diesel,2.0L,Automatic,"45,331 miles",5.0,188 bhp,2018 (18),58.9,Estate,124 g/km,TORNADO GREY,2.0,Euro 6,£199,"£26,300",06-06-2022,,
39,Q5,Diesel,2.0L,Automatic,"40,965 miles",5.0,188 bhp,2017 (67),56.5,Estate,132 g/km,WHITE,1.0,Euro 6,£199,"£26,200",30-10-2021,,
40,Q5,Diesel,2.0L,Automatic,"57,867 miles",5.0,188 bhp,2018 (68),56.5,Estate,132 g/km,GREY,1.0,Euro 6,£199,"£26,000",28-09-2022,,
41,Q5,Diesel,2.0L,Automatic,"52,443 miles",5.0,188 bhp,2017 (67),56.5,Estate,132 g/km,SILVER,1.0,Euro 6,£199,"£25,950",06-09-2022,,
42,S3,Petrol,2.0L,Automatic,"26,852 miles",5.0,306 bhp,2017 (67),43.5,Hatchback,149 g/km,GREY,1.0,Euro 6,£199,"£25,900",29-09-2022,,
43,A6,Diesel,2.0L,Automatic,"27,532 miles",5.0,188 bhp,2018 (68),61.4,Estate,119 g/km,MYTHOS BLACK,2.0,Euro 6,£199,"£25,700",,,
44,Q3,Petrol,1.4L,Manual,"33,605 miles",5.0,148 bhp,2018 (68),45.6,Estate,143 g/km,WHITE,1.0,Euro 6,£199,"£25,600",31-08-2022,,
45,A6,Diesel,2.0L,Automatic,"43,754 miles",5.0,188 bhp,2017 (67),58.9,Estate,124 g/km,DAYTONA GREY,2.0,Euro 6,£199,"£25,600",15-11-2021,,
46,A6,Diesel,2.0L,Automatic,"37,521 miles",5.0,201 bhp,2019 (19),47.9,Estate,123 g/km,GREY,1.0,Euro 6,£199,"£25,500",,,
47,Q5,Petrol,2.0L,Automatic,"40,924 miles",5.0,227 bhp,2016 (16),37.7,Estate,174 g/km,BLUE,,Euro 6,£199,"£25,400",14-09-2022,,
48,A3,Petrol,1.5L,Automatic,"16,755 miles",5.0,148 bhp,2019 (19),41.5,Hatchback,117 g/km,GREY,2.0,Euro 6,£199,"£25,400",,,
49,A4,Petrol,2.0L,Automatic,"40,017 miles",5.0,188 bhp,2018 (18),48.7,Estate,131 g/km,GREY,2.0,Euro 6,£199,"£25,300",30-06-2022,,
50,Q3,Petrol,1.4L,Automatic,"26,841 miles",5.0,148 bhp,2018 (18),45.6,Estate,143 g/km,WHITE,1.0,Euro 6,£199,"£25,000",15-07-2022,,
51,Q5,Diesel,2.0L,Automatic,"64,538 miles",5.0,188 bhp,2017 (17),55.4,Estate,133 g/km,MANHATTAN GREY,2.0,Euro 6,£199,"£25,000",15-11-2021,,
52,A4,Diesel,2.0L,Automatic,"45,517 miles",4.0,161 bhp,2019 (69),50.4,Saloon,109 g/km,GREY,1.0,Euro 6,£199,"£25,000",,,
53,A3,Petrol,2.0L,Automatic,"20,590 miles",5.0,187 bhp,2018 (18),47.9,Hatchback,134 g/km,BLACK,1.0,Euro 6,£199,"£25,000",24-05-2022,,
54,Q5,Diesel,2.0L,Automatic,"32,311 miles",5.0,187 bhp,2016 (66),47.1,Estate,157 g/km,MONSOON GREY,2.0,Euro 6,£199,"£25,000",06-12-2021,,
55,Q5,Diesel,2.0L,Automatic,"60,366 miles",5.0,188 bhp,2017 (17),56.5,Estate,132 g/km,GREY,2.0,Euro 6,£199,"£25,000",08-09-2022,,
56,A6,Diesel,2.0L,Automatic,"55,506 miles",5.0,188 bhp,2018 (18),54.3,Estate,138 g/km,DAYTONA GREY,2.0,Euro 6,£199,"£25,000",31-03-2022,,
57,Q3,Petrol,1.4L,Automatic,"25,195 miles",5.0,148 bhp,2018 (68),47.9,Estate,138 g/km,MYTHOS BLACK,1.0,Euro 6,£199,"£24,800",,,
58,A6,Diesel,2.0L,Automatic,"28,640 miles",4.0,188 bhp,2018 (18),61.4,Saloon,119 g/km,MOONLIGHT BLUE,2.0,Euro 6,£199,"£24,600",25-02-2022,,
59,A3,Diesel,2.0L,Automatic,"11,362 miles",5.0,148 bhp,2020 (20),50.4,Hatchback,117 g/km,RED,2.0,Euro 6,£199,"£24,500",,,
60,A5,Petrol,2.0L,Automatic,"44,292 miles",2.0,188 bhp,2018 (68),48.7,Convertible,131 g/km,GREY,1.0,Euro 6,£199,"£24,500",03-10-2022,,
61,Q5,Petrol,2.0L,Automatic,"78,079 miles",5.0,248 bhp,2017 (67),40.9,Estate,157 g/km,BLACK,1.0,Euro 6,£199,"£24,300",22-11-2022,,
62,A7,Diesel,3.0L,Automatic,"49,900 miles",5.0,268 bhp,2016 (16),52.3,Hatchback,142 g/km,WHITE,,Euro 6,£199,"£24,200",22-08-2022,,
63,A6,Diesel,2.0L,Automatic,"23,970 miles",5.0,188 bhp,2016 (16),54.3,Estate,138 g/km,BLUE,,Euro 6,£199,"£24,000",29-12-2021,,
64,Q5,Diesel,2.0L,Automatic,"72,189 miles",5.0,188 bhp,2017 (67),55.4,Estate,133 g/km,BLUE,2.0,Euro 6,£199,"£24,000",05-10-2021,,
65,A5,Diesel,2.0L,Automatic,"30,496 miles",2.0,188 bhp,2017 (67),62.8,Coupe,118 g/km,BLACK,1.0,Euro 6,£199,"£24,000",14-06-2022,,
66,Q3,Diesel,2.0L,Automatic,"22,627 miles",5.0,182 bhp,2018 (18),53.3,Estate,139 g/km,MONSOON GREY,1.0,Euro 6,£199,"£24,000",13-03-2022,,
67,A5,Diesel,2.0L,Automatic,"10,217 miles",5.0,188 bhp,2017 (67),68.9,Hatchback,106 g/km,BLUE,1.0,Euro 6,£199,"£24,000",06-10-2022,,
68,Q3,Diesel,2.0L,Automatic,"38,337 miles",5.0,148 bhp,2018 (18),53.3,Estate,140 g/km,BLUE,2.0,Euro 6,£199,"£23,900",21-05-2022,,
69,A6,Diesel,2.0L,Automatic,"25,335 miles",4.0,188 bhp,2017 (67),56.5,Saloon,133 g/km,GREY,2.0,Euro 6,£199,"£23,900",17-10-2022,,
70,A3,Diesel,2.0L,Manual,"1,895 miles",5.0,148 bhp,2019 (19),54.3,Hatchback,115 g/km,GREY,1.0,Euro 6,£199,"£23,600",,,
71,A3,Petrol,1.5L,Automatic,"20,245 miles",4.0,148 bhp,2018 (68),56.5,Saloon,113 g/km,BLUE,2.0,Euro 6,£199,"£23,500",03-08-2022,,
72,A6,Diesel,2.0L,Automatic,"32,966 miles",4.0,188 bhp,2018 (68),57.7,Saloon,128 g/km,DAYTONA GREY,1.0,Euro 6,£199,"£23,500",,,
73,Q3,Diesel,2.0L,Automatic,"35,748 miles",5.0,182 bhp,2017 (17),51.4,Estate,144 g/km,BLUE,2.0,Euro 6,£199,"£23,500",26-11-2021,,
74,A6,Diesel,2.0L,Automatic,"45,059 miles",5.0,188 bhp,2017 (67),54.3,Estate,138 g/km,GLACIER WHITE,,Euro 6,£199,"£23,500",21-10-2021,,
75,A6,Diesel,2.0L,Manual,"28,263 miles",4.0,188 bhp,2017 (67),61.4,Saloon,120 g/km,BRILLIANT BLACK,2.0,Euro 6,£199,"£23,400",15-11-2021,,
76,A4,Petrol,2.0L,Automatic,"11,527 miles",4.0,188 bhp,2018 (67),50.4,Saloon,126 g/km,BLACK,2.0,Euro 6,£199,"£23,100",07-02-2022,,
77,A7,Diesel,3.0L,Automatic,"41,298 miles",5.0,268 bhp,2015 (64),54.3,Hatchback,136 g/km,GREY,2.0,Euro 6,£199,"£23,100",21-01-2022,,
78,A5,Petrol,2.0L,Manual,"28,398 miles",5.0,188 bhp,2018 (18),48.7,Hatchback,132 g/km,BLACK,1.0,Euro 6,£199,"£23,000",30-05-2022,,
79,A5,Diesel,2.0L,Automatic,"18,685 miles",2.0,188 bhp,2017 (67),57.7,Convertible,127 g/km,RED,2.0,Euro 6,£199,"£23,000",06-07-2022,,
80,A6,Diesel,2.0L,Automatic,"24,031 miles",4.0,188 bhp,2018 (67),57.7,Saloon,128 g/km,MOONLIGHT BLUE,,Euro 6,£199,"£23,000",19-04-2022,,
81,A5,Diesel,2.0L,Automatic,"37,000 miles",5.0,188 bhp,2017 (67),65.7,Hatchback,112 g/km,MYTHOS BLACK,1.0,Euro 6,£199,"£22,900",03-09-2022,,
82,A6,Diesel,2.0L,Automatic,"40,193 miles",5.0,188 bhp,2016 (66),58.9,Estate,124 g/km,MYTHOS BLACK,,Euro 6,£199,"£22,800",19-07-2022,,
83,A3,Petrol,1.5L,Automatic,"44,941 miles",4.0,148 bhp,2018 (18),56.5,Saloon,113 g/km,SILVER,2.0,Euro 6,£199,"£22,800",27-03-2022,,
84,A6,Diesel,2.0L,Automatic,"34,226 miles",4.0,188 bhp,2017 (67),61.4,Saloon,119 g/km,MYTHOS BLACK,1.0,Euro 6,£199,"£22,700",,,
85,A4,Petrol,2.0L,Automatic,"51,213 miles",4.0,188 bhp,2019 (69),38.7,Saloon,137 g/km,BRILLIANT BLACK,1.0,Euro 6,£199,"£22,600",,,
86,A5,Diesel,2.0L,Automatic,"30,567 miles",2.0,188 bhp,2017 (17),67.3,Coupe,111 g/km,BRILLIANT BLACK,2.0,Euro 6,£199,"£22,500",26-10-2022,,
87,A3,Diesel,2.0L,Manual,"23,732 miles",4.0,148 bhp,2018 (68),67.3,Saloon,111 g/km,WHITE,1.0,Euro 6,£199,"£22,500",27-09-2022,,
88,A5,Petrol,2.0L,Manual,"24,065 miles",2.0,188 bhp,2018 (18),47.1,Convertible,137 g/km,WHITE,2.0,Euro 6,£199,"£22,500",07-03-2022,,
89,S3,Petrol,2.0L,Manual,"50,740 miles",5.0,306 bhp,2017 (67),40.4,Hatchback,162 g/km,WHITE,1.0,Euro 6,£199,"£22,300",,,
90,A5,Petrol,2.0L,Manual,"30,630 miles",2.0,188 bhp,2018 (18),49.6,Coupe,130 g/km,WHITE,2.0,Euro 6,£199,"£22,300",29-04-2022,,
91,A5,Petrol,2.0L,Automatic,"54,220 miles",2.0,188 bhp,2018 (68),50.4,Coupe,128 g/km,GREY,1.0,Euro 6,£199,"£22,300",29-10-2022,,
92,Q3,Petrol,1.4L,Automatic,"20,907 miles",5.0,148 bhp,2018 (18),47.9,Estate,136 g/km,BLUE,2.0,Euro 6,£199,"£22,200",20-06-2022,,
93,A5,Diesel,2.0L,Automatic,"36,319 miles",2.0,188 bhp,2018 (18),67.3,Coupe,111 g/km,WHITE,2.0,Euro 6,£199,"£22,200",29-04-2022,,
94,A3,Petrol,1.5L,Automatic,"19,275 miles",5.0,148 bhp,2019 (19),42.2,Hatchback,117 g/km,GREY,2.0,Euro 6,£199,"£22,100",,,
95,Q5,Diesel,2.0L,Automatic,"49,902 miles",5.0,187 bhp,2016 (65),47.1,Estate,157 g/km,WHITE,2.0,Euro 6,£199,"£22,100",02-03-2022,,
96,A5,Petrol,1.4L,Automatic,"13,699 miles",2.0,148 bhp,2018 (18),53.3,Coupe,122 g/km,MONSOON GREY,1.0,Euro 6,£199,"£22,100",30-07-2022,,
97,A3,Petrol,1.5L,Manual,"27,211 miles",5.0,148 bhp,2018 (18),54.3,Hatchback,118 g/km,GREY,1.0,Euro 6,£199,"£22,100",22-07-2022,,
98,A5,Diesel,2.0L,Manual,"31,146 miles",5.0,,2017 (17),,Hatchback,113 g/km,White,2.0,,£199,"£22,100",,,
99,A4,Diesel,2.0L,Automatic,"60,024 miles",4.0,188 bhp,2018 (68),61.4,Saloon,121 g/km,GLACIER WHITE,1.0,Euro 6,£199,"£22,000",12-09-2022,,
100,A5,Petrol,2.0L,Automatic,"33,671 miles",5.0,188 bhp,2018 (18),51.4,Hatchback,124 g/km,BLUE,2.0,Euro 6,£199,"£22,000",28-02-2022,,
101,A3,Petrol,1.5L,Manual,"18,144 miles",5.0,148 bhp,2019 (19),42.2,Hatchback,125 g/km,WHITE,1.0,Euro 6,£199,"£22,000",,,
102,A5,Diesel,2.0L,Manual,"17,787 miles",2.0,188 bhp,2018 (18),64.2,Coupe,113 g/km,WHITE,2.0,Euro 6,£199,"£22,000",30-05-2022,,
103,A3,Petrol,1.5L,Manual,"17,719 miles",2.0,148 bhp,2018 (18),53.3,Convertible,120 g/km,BLUE,2.0,Euro 6,£199,"£22,000",10-05-2022,,
104,A3,Diesel,2.0L,Automatic,"28,261 miles",5.0,148 bhp,2018 (18),62.8,Hatchback,116 g/km,BLACK,1.0,Euro 6,£199,"£22,000",24-07-2022,,
105,Q3,Petrol,1.4L,Automatic,"30,918 miles",5.0,148 bhp,2017 (67),47.9,Estate,136 g/km,BLACK,1.0,Euro 6,£199,"£21,900",,,
106,A3,Petrol,1.5L,Automatic,"26,811 miles",5.0,148 bhp,2018 (67),56.5,Hatchback,114 g/km,GREY,,Euro 6,£199,"£21,800",29-01-2022,,
107,A3,Petrol,1.5L,Automatic,"29,566 miles",5.0,148 bhp,2017 (17),56.5,Hatchback,114 g/km,TANGO RED,2.0,Euro 6,£199,"£21,600",23-01-2022,,
108,A5,Diesel,2.0L,Automatic,"44,630 miles",2.0,188 bhp,2017 (67),62.8,Coupe,118 g/km,BLACK,2.0,Euro 6,£199,"£21,600",28-09-2022,,
109,A3,Petrol,1.5L,Automatic,"27,670 miles",4.0,148 bhp,2017 (67),56.5,Saloon,113 g/km,GREY,2.0,Euro 6,£199,"£21,600",12-04-2022,,
110,TT,Petrol,2.0L,Automatic,"20,330 miles",2.0,227 bhp,2015 (15),44.1,Coupe,149 g/km,WHITE,2.0,Euro 6,£199,"£21,550",12-09-2022,,
111,Q3,Petrol,1.4L,Automatic,"36,182 miles",5.0,148 bhp,2017 (17),47.9,Estate,138 g/km,SILVER,2.0,Euro 6,£199,"£21,500",26-07-2022,,
112,A4,Petrol,1.4L,Manual,"23,072 miles",4.0,148 bhp,2018 (68),51.4,Saloon,131 g/km,DAYTONA GREY,1.0,Euro 6,£199,"£21,500",,,
113,Q5,Diesel,2.0L,Manual,"44,288 miles",5.0,187 bhp,2016 (66),47.9,Estate,153 g/km,SCUBA BLUE,2.0,Euro 6,£199,"£21,500",13-12-2021,,
114,A5,Diesel,2.0L,Automatic,"36,123 miles",2.0,188 bhp,2017 (67),67.3,Coupe,111 g/km,BRILLIANT BLACK,1.0,Euro 6,£199,"£21,500",13-08-2022,,
115,A3,Petrol,1.4L,Automatic,"22,786 miles",4.0,148 bhp,2017 (17),57.7,Saloon,113 g/km,BLACK,2.0,Euro 6,£199,"£21,400",,,
116,Q3,Diesel,2.0L,Manual,"43,648 miles",5.0,148 bhp,2018 (18),61.4,Estate,119 g/km,BLACK,2.0,Euro 6,£199,"£21,300",15-08-2022,,
117,Q3,Diesel,2.0L,Manual,"58,907 miles",5.0,148 bhp,2018 (18),54.3,Estate,138 g/km,WHITE,1.0,Euro 6,£199,"£21,300",26-09-2022,,
118,TT,Petrol,1.8L,Manual,"39,679 miles",2.0,178 bhp,2017 (17),47.1,Coupe,138 g/km,GREY,2.0,Euro 6,£199,"£21,300",04-08-2022,,
119,Q3,Diesel,2.0L,Automatic,"31,587 miles",5.0,148 bhp,2016 (66),51.4,Estate,144 g/km,BLACK,1.0,Euro 6,£199,"£21,300",,,
120,A3,Petrol,1.5L,Manual,"12,470 miles",5.0,148 bhp,2018 (18),54.3,Hatchback,118 g/km,WHITE,1.0,Euro 6,£199,"£21,200",16-07-2022,,
121,Q5,Diesel,2.0L,Automatic,"44,743 miles",5.0,187 bhp,2015 (65),47.1,Estate,157 g/km,BLACK,,Euro 6,£199,"£21,200",01-07-2022,,
122,TT,Petrol,2.0L,Automatic,"31,150 miles",2.0,227 bhp,2016 (16),42.8,Coupe,153 g/km,WHITE,,Euro 6,£199,"£21,200",10-03-2022,,
123,A3,Petrol,1.5L,Automatic,"44,501 miles",5.0,148 bhp,2019 (19),41.5,Hatchback,117 g/km,DAYTONA GREY,1.0,Euro 6,£199,"£21,200",,,
124,A5,Petrol,1.4L,Automatic,"38,111 miles",2.0,148 bhp,2018 (68),52.3,Coupe,125 g/km,GREY,1.0,Euro 6,£199,"£21,200",13-10-2022,,
125,TT,Petrol,2.0L,Automatic,"54,052 miles",2.0,227 bhp,2016 (66),42.8,Coupe,153 g/km,GREY,2.0,Euro 6,£199,"£21,154",24-08-2022,,
126,A4,Petrol,2.0L,Automatic,"42,572 miles",5.0,188 bhp,2017 (17),52.3,Estate,124 g/km,BLACK,2.0,Euro 6,£199,"£21,100",11-06-2022,,
127,TT,Petrol,2.0L,Automatic,"32,242 miles",2.0,227 bhp,2016 (16),42.8,Coupe,153 g/km,MYTHOS BLACK,2.0,Euro 6,£199,"£21,000",01-11-2021,,
128,A3,Petrol,1.5L,Automatic,"19,629 miles",5.0,148 bhp,2018 (18),56.5,Hatchback,114 g/km,BLUE,2.0,Euro 6,£199,"£21,000",28-06-2022,,
129,A3,Petrol,1.5L,Manual,"20,931 miles",5.0,148 bhp,2019 (68),42.2,Hatchback,125 g/km,BLACK,1.0,Euro 6,£199,"£21,000",,,
130,A4,Petrol,1.4L,Manual,"28,865 miles",4.0,148 bhp,2018 (68),51.4,Saloon,131 g/km,MYTHOS BLACK,1.0,Euro 6,£199,"£21,000",,,
131,Q3,Diesel,2.0L,Automatic,"34,198 miles",5.0,148 bhp,2016 (66),51.4,Estate,144 g/km,BLACK,1.0,Euro 6,£199,"£21,000",08-10-2022,,
132,A4,Petrol,2.0L,Manual,"33,497 miles",4.0,148 bhp,2019 (19),38.7,Saloon,137 g/km,BRILLIANT BLACK,1.0,Euro 6,£199,"£20,800",,,
133,A5,Diesel,2.0L,Automatic,"72,612 miles",2.0,188 bhp,2018 (68),67.3,Coupe,111 g/km,BLACK,2.0,Euro 6,£199,"£20,800",04-11-2022,,
134,A3,Petrol,1.5L,Manual,"30,014 miles",5.0,148 bhp,2018 (18),54.3,Hatchback,118 g/km,WHITE,1.0,Euro 6,£199,"£20,700",17-06-2022,,
135,A3,Petrol,1.5L,Automatic,"38,393 miles",5.0,148 bhp,2018 (67),56.5,Hatchback,114 g/km,WHITE,2.0,Euro 6,£199,"£20,700",28-01-2022,,
136,TT,Diesel,2.0L,Manual,"30,419 miles",2.0,182 bhp,2016 (16),62.8,Coupe,116 g/km,BLUE,2.0,Euro 6,£199,"£20,700",07-10-2022,,
137,A4,Diesel,2.0L,Manual,"42,250 miles",4.0,148 bhp,2017 (67),67.3,Saloon,111 g/km,BLACK,2.0,Euro 6,£199,"£20,600",24-11-2022,,
138,A6,Diesel,2.0L,Automatic,"35,509 miles",4.0,188 bhp,2016 (66),61.4,Saloon,119 g/km,GREY,,Euro 6,£199,"£20,600",02-09-2022,,
139,A5,Diesel,2.0L,Manual,"60,135 miles",5.0,148 bhp,2017 (67),65.7,Hatchback,111 g/km,BLACK,1.0,Euro 6,£199,"£20,600",31-08-2022,,
140,Q5,Diesel,2.0L,Automatic,"51,370 miles",5.0,187 bhp,2015 (65),47.1,Estate,157 g/km,GLACIER WHITE,,Euro 6,£199,"£20,500",,,
141,A5,Diesel,2.0L,Automatic,"46,749 miles",2.0,188 bhp,2017 (17),67.3,Coupe,111 g/km,GREY,2.0,Euro 6,£199,"£20,500",30-06-2022,,
142,Q3,Diesel,2.0L,Automatic,"30,413 miles",5.0,182 bhp,2016 (66),50.4,Estate,146 g/km,SILVER,1.0,Euro 6,£199,"£20,500",24-06-2022,,
143,Q5,Diesel,2.0L,Manual,"42,329 miles",5.0,187 bhp,2016 (16),47.9,Estate,153 g/km,MOONLIGHT BLUE,,Euro 6,£199,"£20,500",13-07-2022,,
144,A1,Petrol,1.0L,Manual,"18,374 miles",5.0,114 bhp,2019 (19),49.6,Hatchback,111 g/km,BLUE,1.0,Euro 6,£199,"£20,500",,,
145,TT,Petrol,2.0L,Automatic,"55,902 miles",2.0,227 bhp,2015 (15),42.2,Convertible,154 g/km,IBIS WHITE,,Euro 6,£199,"£20,500",27-10-2022,,
146,A3,Diesel,2.0L,Automatic,"33,914 miles",5.0,148 bhp,2017 (67),62.8,Hatchback,116 g/km,SILVER,2.0,Euro 6,£199,"£20,500",23-09-2022,,
147,Q3,Diesel,2.0L,Automatic,"32,511 miles",5.0,182 bhp,2016 (16),50.4,Estate,146 g/km,GLACIER WHITE,2.0,Euro 6,£199,"£20,500",21-10-2021,,
148,A3,Petrol,1.4L,Automatic,"28,999 miles",2.0,148 bhp,2016 (16),55.4,Convertible,118 g/km,GREY,2.0,Euro 6,£199,"£20,500",,,
149,Q3,Petrol,1.4L,Automatic,"49,637 miles",5.0,148 bhp,2018 (67),47.9,Estate,136 g/km,BLACK,1.0,Euro 6,£199,"£20,500",15-02-2022,,
150,A6,Diesel,2.0L,Automatic,"37,734 miles",4.0,188 bhp,2017 (67),64.2,Saloon,114 g/km,MYTHOS BLACK,1.0,Euro 6,£199,"£20,500",10-10-2022,,
151,TT,Petrol,2.0L,Manual,"23,842 miles",2.0,227 bhp,2016 (65),46.3,Coupe,141 g/km,WHITE,,Euro 6,£199,"£20,446",17-03-2022,,
152,A1,Petrol,1.0L,Manual,"20,517 miles",5.0,114 bhp,2019 (19),49.6,Hatchback,111 g/km,WHITE,2.0,Euro 6,£199,"£20,400",,,
153,A6,Diesel,2.0L,Manual,"26,467 miles",5.0,188 bhp,2017 (67),61.4,Estate,119 g/km,BRILLIANT BLACK,1.0,Euro 6,£199,"£20,400",26-07-2022,,
154,TT,Petrol,2.0L,Automatic,"34,814 miles",2.0,227 bhp,2016 (16),43.5,Coupe,150 g/km,WHITE,2.0,Euro 6,£199,"£20,400",06-09-2022,,
155,Q3,Petrol,1.4L,Automatic,"37,009 miles",5.0,148 bhp,2017 (17),47.9,Estate,136 g/km,MYTHOS BLACK,2.0,Euro 6,£199,"£20,400",13-08-2022,,
156,Q2,Diesel,1.6L,Manual,"29,626 miles",5.0,114 bhp,2019 (19),49.6,Estate,122 g/km,RED,1.0,Euro 6,£199,"£20,300",,,
157,A3,Petrol,1.0L,Manual,"12,680 miles",5.0,114 bhp,2018 (68),47.1,Hatchback,118 g/km,WHITE,1.0,Euro 6,£199,"£20,300",15-09-2022,,
158,A5,Petrol,2.0L,Automatic,"65,162 miles",2.0,188 bhp,2018 (68),50.4,Coupe,128 g/km,GREY,1.0,Euro 6,£199,"£20,300",25-09-2022,,
159,Q3,Petrol,1.4L,Manual,"41,463 miles",5.0,148 bhp,2017 (66),49.6,Estate,131 g/km,GREY,2.0,Euro 6,£199,"£20,300",08-01-2022,,
160,A6,Diesel,2.0L,Automatic,"35,991 miles",4.0,188 bhp,2017 (67),64.2,Saloon,114 g/km,BRILLIANT BLACK,1.0,Euro 6,£199,"£20,250",16-03-2022,,
161,A4,Diesel,2.0L,Automatic,"58,594 miles",5.0,188 bhp,2018 (18),62.8,Estate,116 g/km,RED,2.0,Euro 6,£199,"£20,200",19-04-2022,,
162,TT,Petrol,1.8L,Manual,"13,496 miles",2.0,178 bhp,2016 (66),46.3,Convertible,142 g/km,IBIS WHITE,2.0,Euro 6,£199,"£20,200",09-07-2022,Black Alcantara/leather ,
163,Q3,Petrol,1.4L,Manual,"22,342 miles",5.0,148 bhp,2018 (18),51.4,Estate,127 g/km,WHITE,1.0,Euro 6,£199,"£20,200",07-03-2022,,
164,A6,Diesel,2.0L,Automatic,"40,591 miles",4.0,188 bhp,2016 (66),57.7,Saloon,128 g/km,TORNADO GREY,,Euro 6,£199,"£20,150",27-08-2022,,
165,A4,Petrol,1.4L,Automatic,"29,872 miles",4.0,148 bhp,2017 (67),51.4,Saloon,126 g/km,GREY,1.0,Euro 6,£199,"£20,100",14-09-2022,,
166,A3,Diesel,2.0L,Automatic,"68,717 miles",4.0,182 bhp,2018 (18),56.5,Saloon,130 g/km,GREY,2.0,Euro 6,£199,"£20,100",28-03-2022,,
167,A4,Petrol,1.4L,Manual,"20,622 miles",4.0,148 bhp,2018 (18),52.3,Saloon,128 g/km,BRILLIANT BLACK,1.0,Euro 6,£199,"£20,100",21-06-2022,,
168,Q3,Petrol,2.0L,Automatic,"58,091 miles",5.0,178 bhp,2016 (16),40.4,Estate,161 g/km,BLUE,,Euro 6,£199,"£20,000",17-09-2022,,
169,Q3,Diesel,2.0L,Manual,"19,904 miles",5.0,148 bhp,2017 (17),61.4,Estate,119 g/km,BLACK,2.0,Euro 6,£199,"£20,000",17-01-2022,,
170,A3,Petrol,1.4L,Automatic,"39,479 miles",2.0,148 bhp,2016 (16),55.4,Convertible,118 g/km,GREY,,Euro 6,£199,"£20,000",29-03-2022,,
171,TT,Petrol,2.0L,Manual,"43,887 miles",2.0,227 bhp,2018 (18),46.3,Coupe,141 g/km,IBIS WHITE,1.0,Euro 6,£199,"£20,000",26-07-2022,,
172,Q3,Petrol,1.4L,Manual,"19,373 miles",5.0,148 bhp,2018 (18),51.4,Estate,127 g/km,WHITE,2.0,Euro 6,£199,"£20,000",26-03-2022,,
173,A3,Diesel,2.0L,Manual,"22,911 miles",2.0,148 bhp,2017 (67),64.2,Convertible,116 g/km,WHITE,1.0,Euro 6,£199,"£20,000",05-10-2022,,
174,A3,Petrol,1.5L,Manual,"25,968 miles",5.0,148 bhp,2018 (68),42.2,Hatchback,125 g/km,BLUE,1.0,Euro 6,£199,"£20,000",30-10-2022,,
175,A5,Diesel,2.0L,Automatic,"62,421 miles",2.0,188 bhp,2018 (68),70.6,Coupe,105 g/km,BLACK,1.0,Euro 6,£199,"£19,900",28-10-2022,,
176,Q3,Diesel,2.0L,Automatic,"22,870 miles",5.0,182 bhp,2017 (66),53.3,Estate,139 g/km,RED,2.0,Euro 6,£199,"£19,900",09-01-2022,,
177,TT,Petrol,1.8L,Manual,"20,062 miles",2.0,178 bhp,2017 (67),47.1,Coupe,138 g/km,BLACK,2.0,Euro 6,£199,"£19,900",20-10-2022,,
178,Q3,Petrol,1.4L,Manual,"44,778 miles",5.0,148 bhp,2018 (68),51.4,Estate,127 g/km,WHITE,1.0,Euro 6,£199,"£19,800",06-10-2022,,
179,Q2,Diesel,1.6L,Automatic,"42,999 miles",5.0,114 bhp,2018 (68),47.9,Estate,118 g/km,BLACK,1.0,Euro 6,£199,"£19,800",14-11-2022,,
180,Q3,Diesel,2.0L,Manual,"40,328 miles",5.0,148 bhp,2016 (66),52.3,Estate,140 g/km,GLACIER WHITE,2.0,Euro 6,£199,"£19,800",24-10-2022,,
181,Q3,Petrol,1.4L,Manual,"50,063 miles",5.0,148 bhp,2017 (17),49.6,Estate,131 g/km,BRILLIANT BLACK,1.0,Euro 6,£199,"£19,800",29-11-2022,,
182,A5,Diesel,2.0L,Manual,"69,666 miles",5.0,188 bhp,2017 (67),65.7,Hatchback,113 g/km,GREY,1.0,Euro 6,£199,"£19,800",25-09-2022,,
183,A4,Petrol,2.0L,Automatic,"41,135 miles",4.0,188 bhp,2017 (17),53.3,Saloon,119 g/km,BLUE,2.0,Euro 6,£199,"£19,700",,,
184,A6,Diesel,2.0L,Manual,"65,230 miles",5.0,188 bhp,2017 (67),61.4,Estate,119 g/km,BLUE,1.0,Euro 6,£199,"£19,700",14-09-2022,,
185,TT,Petrol,2.0L,Automatic,"27,659 miles",2.0,227 bhp,2016 (16),43.5,Coupe,150 g/km,SILVER,2.0,Euro 6,£199,"£19,700",04-11-2022,,
186,Q3,Diesel,2.0L,Automatic,"37,709 miles",5.0,182 bhp,2015 (15),50.4,Estate,146 g/km,MYTHOS BLACK,2.0,Euro 6,£199,"£19,700",06-11-2022,,
187,A6,Diesel,2.0L,Automatic,"51,957 miles",5.0,188 bhp,2016 (65),61.4,Estate,119 g/km,WHITE,2.0,Euro 6,£199,"£19,700",11-01-2022,,
188,Q3,Petrol,1.4L,Automatic,"51,489 miles",5.0,148 bhp,2017 (17),47.9,Estate,136 g/km,BLACK,2.0,Euro 6,£199,"£19,600",28-06-2022,,
189,TT,Petrol,2.0L,Automatic,"49,105 miles",2.0,227 bhp,2015 (65),44.1,Coupe,149 g/km,DAYTONA GREY,2.0,Euro 6,£199,"£19,600",,,
190,Q3,Diesel,2.0L,Automatic,"52,816 miles",5.0,182 bhp,2015 (65),50.4,Estate,146 g/km,MYTHOS BLACK,2.0,Euro 6,£199,"£19,600",,,
191,A5,Petrol,2.0L,Manual,"42,903 miles",2.0,188 bhp,2017 (17),49.6,Coupe,130 g/km,WHITE,2.0,Euro 6,£199,"£19,600",11-04-2022,,
192,A4,Diesel,2.0L,Automatic,"38,491 miles",4.0,188 bhp,2017 (17),67.3,Saloon,111 g/km,GREY,1.0,Euro 6,£199,"£19,600",18-06-2022,,
193,Q2,Petrol,1.0L,Manual,"23,820 miles",5.0,114 bhp,2018 (68),46.3,Estate,119 g/km,WHITE,2.0,Euro 6,£199,"£19,600",,,
194,A3,Petrol,1.8L,Automatic,"34,401 miles",2.0,178 bhp,2015 (65),42.2,Convertible,157 g/km,BLACK,,Euro 6,£199,"£19,600",09-08-2022,,
195,A3,Petrol,1.5L,Manual,"27,685 miles",5.0,148 bhp,2017 (67),54.3,Hatchback,118 g/km,BLACK,1.0,Euro 6,£199,"£19,600",31-08-2022,,
196,A4,Petrol,1.4L,Manual,"26,601 miles",4.0,148 bhp,2018 (18),52.3,Saloon,128 g/km,IBIS WHITE,,Euro 6,£199,"£19,600",03-12-2021,,
197,A3,Petrol,1.4L,Automatic,"47,982 miles",2.0,148 bhp,2016 (66),55.4,Convertible,118 g/km,BLACK,2.0,Euro 6,£199,"£19,500",,,
198,A5,Diesel,2.0L,Automatic,"41,531 miles",2.0,188 bhp,2017 (66),62.8,Coupe,118 g/km,GREY,1.0,Euro 6,£199,"£19,500",25-08-2022,,
199,A3,Petrol,1.5L,Manual,"46,159 miles",5.0,,2018 (18),,Hatchback,118 g/km,Grey,2.0,,£199,"£19,500",,,
200,Q2,Petrol,1.4L,Manual,"23,274 miles",5.0,148 bhp,2018 (68),52.3,Estate,124 g/km,BLACK,1.0,Euro 6,£199,"£19,500",09-09-2022,,
201,A4,Petrol,1.4L,Manual,"27,806 miles",4.0,148 bhp,2018 (18),52.3,Saloon,128 g/km,BRILLIANT BLACK,2.0,Euro 6,£199,"£19,500",30-04-2022,,
202,TT,Petrol,2.0L,Manual,"39,532 miles",2.0,227 bhp,2016 (16),46.3,Coupe,141 g/km,BLUE,,Euro 6,£199,"£19,450",03-08-2022,,
203,TT,Petrol,1.8L,Manual,"33,197 miles",2.0,178 bhp,2016 (66),47.1,Coupe,138 g/km,IBIS WHITE,,Euro 6,£199,"£19,450",29-10-2021,,
204,A4,Petrol,2.0L,Manual,"32,900 miles",4.0,148 bhp,2019 (19),39.8,Saloon,136 g/km,GREY,1.0,Euro 6,£199,"£19,400",,,
205,A3,Hybrid Petrol,1.4L,Automatic,"44,906 miles",5.0,201 bhp,2017 (67),99.99,Hatchback,38 g/km,COSMOS BLUE,1.0,Euro 6,£199,"£19,400",05-08-2022,,
206,A3,Diesel,2.0L,Manual,"31,149 miles",5.0,148 bhp,2017 (17),65.7,Hatchback,109 g/km,BLACK,1.0,Euro 6,£199,"£19,400",20-12-2021,,
207,A6,Diesel,2.0L,Automatic,"76,041 miles",4.0,188 bhp,2017 (17),64.2,Saloon,114 g/km,BLUE,1.0,Euro 6,£199,"£19,300",18-11-2021,,
208,A3,Petrol,1.5L,Manual,"24,352 miles",2.0,148 bhp,2017 (67),53.3,Convertible,120 g/km,BLACK,1.0,Euro 6,£199,"£19,300",15-11-2021,,
209,A3,Diesel,2.0L,Automatic,"60,033 miles",4.0,148 bhp,2017 (17),61.4,Saloon,119 g/km,GREY,,Euro 6,£199,"£19,300",26-10-2022,,
210,A3,Petrol,1.4L,Manual,"20,094 miles",5.0,148 bhp,2017 (17),60.1,Hatchback,112 g/km,GREY,2.0,Euro 6,£199,"£19,250",20-07-2022,,
211,A6,Diesel,2.0L,Automatic,"63,111 miles",4.0,188 bhp,2017 (67),64.2,Saloon,114 g/km,DAYTONA GREY,2.0,Euro 6,£199,"£19,250",02-08-2022,,
212,Q2,Diesel,1.6L,Manual,"17,770 miles",5.0,114 bhp,2018 (18),64.2,Estate,114 g/km,BLACK,,Euro 6,£199,"£19,250",26-07-2022,,
213,A4,Diesel,2.0L,Automatic,"49,649 miles",4.0,188 bhp,2017 (17),62.8,Saloon,118 g/km,BLUE,2.0,Euro 6,£199,"£19,200",,,
214,A3,Diesel,2.0L,Automatic,"52,726 miles",4.0,182 bhp,2016 (66),57.7,Saloon,129 g/km,GREY,2.0,Euro 6,£199,"£19,200",13-09-2022,,
215,Q5,Diesel,2.0L,Manual,"50,928 miles",5.0,175 bhp,2014 (64),47.9,Estate,154 g/km,GREY,2.0,,£199,"£19,200",21-01-2022,,Euro 5
216,A3,Petrol,1.5L,Automatic,"63,424 miles",4.0,148 bhp,2018 (18),56.5,Saloon,113 g/km,DAYTONA GREY,1.0,Euro 6,£199,"£19,200",12-03-2022,,
217,A3,Petrol,1.5L,Automatic,"76,736 miles",4.0,148 bhp,2018 (68),42.2,Saloon,117 g/km,GREY,1.0,Euro 6,£199,"£19,100",16-11-2022,,
218,A3,Petrol,1.4L,Automatic,"33,701 miles",4.0,148 bhp,2016 (66),57.7,Saloon,113 g/km,BLACK,2.0,Euro 6,£199,"£19,100",01-09-2022,,
219,TT,Petrol,2.0L,Manual,"30,677 miles",2.0,227 bhp,2015 (65),46.3,Coupe,141 g/km,WHITE,2.0,Euro 6,£199,"£19,100",07-02-2022,,
220,A6,Diesel,2.0L,Automatic,"37,306 miles",4.0,188 bhp,2017 (67),67.3,Saloon,109 g/km,IBIS WHITE,2.0,Euro 6,£199,"£19,000",28-10-2022,,
221,Q3,Diesel,2.0L,Automatic,"47,977 miles",5.0,182 bhp,2016 (66),50.4,Estate,146 g/km,BLUE,2.0,Euro 6,£199,"£19,000",24-09-2022,,
222,A3,Petrol,1.5L,Automatic,"53,115 miles",4.0,148 bhp,2018 (18),56.5,Saloon,113 g/km,WHITE,1.0,Euro 6,£199,"£19,000",15-03-2022,,
223,A4,Diesel,2.0L,Manual,"41,779 miles",5.0,188 bhp,2017 (66),62.8,Estate,116 g/km,GREY,,Euro 6,£199,"£19,000",30-01-2022,,
224,A5,Diesel,2.0L,Automatic,"60,023 miles",2.0,188 bhp,2018 (18),67.3,Coupe,111 g/km,WHITE,1.0,Euro 6,£199,"£19,000",05-08-2022,,
225,Q3,Diesel,2.0L,Manual,"22,349 miles",5.0,148 bhp,2016 (16),52.3,Estate,140 g/km,BLUE,1.0,Euro 6,£199,"£19,000",18-06-2022,,
226,Q3,Diesel,2.0L,Manual,"60,209 miles",5.0,148 bhp,2018 (68),61.4,Estate,119 g/km,GLACIER WHITE,1.0,Euro 6,£199,"£19,000",30-09-2022,,
227,A4,Diesel,2.0L,Automatic,"49,010 miles",5.0,148 bhp,2016 (66),65.7,Estate,112 g/km,GREY,2.0,Euro 6,£199,"£19,000",14-09-2022,,
228,A4,Diesel,2.0L,Automatic,"49,169 miles",5.0,148 bhp,2018 (18),70.6,Estate,104 g/km,BLACK,1.0,Euro 6,£199,"£19,000",05-08-2022,,
229,A3,Petrol,1.5L,Automatic,"45,901 miles",4.0,148 bhp,2018 (18),56.5,Saloon,113 g/km,BLACK,1.0,Euro 6,£199,"£19,000",19-06-2022,,
230,Q3,Petrol,1.5L,Manual,"48,700 miles",5.0,148 bhp,2017 (67),40.9,Estate,136 g/km,BLUE,2.0,Euro 6,£199,"£19,000",31-08-2022,,
231,A6,Diesel,2.0L,Automatic,"27,825 miles",4.0,188 bhp,2017 (17),67.3,Saloon,109 g/km,BRILLIANT BLACK,1.0,Euro 6,£199,"£19,000",07-10-2022,,
232,A3,Petrol,1.5L,Manual,"16,384 miles",5.0,148 bhp,2018 (18),54.3,Hatchback,118 g/km,BLACK,1.0,Euro 6,£199,"£19,000",07-07-2022,,
233,A3,Petrol,1.4L,Automatic,"32,542 miles",2.0,148 bhp,2016 (66),56.5,Convertible,117 g/km,BROWN,1.0,Euro 6,£199,"£19,000",01-10-2021,Chestnut brown Milano leather,
234,A1,Petrol,1.5L,Manual,"29,000 miles",5.0,,2019 (19),,Hatchback,119 g/km,White,1.0,,£199,"£18,900",,,
235,Q3,Diesel,2.0L,Manual,"53,846 miles",5.0,148 bhp,2016 (66),52.3,Estate,140 g/km,MYTHOS BLACK,,Euro 6,£199,"£18,850",09-11-2021,,
236,TT,Petrol,1.8L,Manual,"45,786 miles",2.0,178 bhp,2017 (66),47.1,Coupe,138 g/km,WHITE,2.0,Euro 6,£199,"£18,850",23-08-2022,,
237,Q5,Diesel,2.0L,Manual,"40,487 miles",5.0,148 bhp,2014 (14),47.9,Estate,154 g/km,GLACIER WHITE,2.0,,£199,"£18,800",03-06-2022,,Euro 5
238,Q3,Petrol,1.4L,Manual,"57,129 miles",5.0,148 bhp,2017 (67),49.6,Estate,131 g/km,HAINAN BLUE,1.0,Euro 6,£199,"£18,800",,,
239,Q5,Diesel,2.0L,Automatic,"71,085 miles",5.0,187 bhp,2015 (65),47.1,Estate,157 g/km,GREY,,Euro 6,£199,"£18,800",25-09-2022,,
240,A3,Petrol,1.5L,Automatic,"27,507 miles",5.0,148 bhp,2018 (68),43.5,Hatchback,115 g/km,BLUE,1.0,Euro 6,£199,"£18,700",25-10-2022,,
241,A4,Petrol,1.4L,Manual,"26,234 miles",4.0,148 bhp,2018 (18),52.3,Saloon,128 g/km,SCUBA BLUE,1.0,Euro 6,£199,"£18,700",24-06-2022,,
242,A5,Diesel,2.0L,Automatic,"70,000 miles",2.0,187 bhp,2016 (65),51.4,Coupe,144 g/km,MYTHOS BLACK,2.0,Euro 6,£199,"£18,700",06-10-2022,,
243,A4,Petrol,1.4L,Automatic,"56,229 miles",5.0,148 bhp,2018 (67),50.4,Estate,129 g/km,BLACK,1.0,Euro 6,£199,"£18,700",30-01-2022,,
244,A4,Petrol,1.4L,Manual,"30,187 miles",4.0,148 bhp,2017 (67),52.3,Saloon,128 g/km,BLACK,2.0,Euro 6,£199,"£18,700",26-07-2022,,
245,A3,Petrol,1.5L,Manual,"26,213 miles",5.0,148 bhp,2017 (17),54.3,Hatchback,118 g/km,BLUE,1.0,Euro 6,£199,"£18,700",01-11-2022,,
246,TT,Petrol,1.8L,Manual,"61,529 miles",2.0,178 bhp,2017 (17),47.1,Coupe,138 g/km,BRILLIANT BLACK,2.0,Euro 6,£199,"£18,600",28-03-2022,,
247,A6,Diesel,2.0L,Automatic,"30,348 miles",5.0,188 bhp,2015 (65),64.2,Estate,114 g/km,Aviator blue,,Euro 6,£199,"£18,600",29-07-2022,BLACK MILANO LEATHER,
248,TT,Diesel,2.0L,Manual,"44,903 miles",2.0,182 bhp,2017 (17),62.8,Coupe,117 g/km,GREY,2.0,Euro 6,£199,"£18,600",27-04-2022,,
249,Q3,Diesel,2.0L,Manual,"40,615 miles",5.0,148 bhp,2017 (17),61.4,Estate,119 g/km,WHITE,1.0,Euro 6,£199,"£18,500",17-08-2022,,
250,A4,Petrol,1.4L,Manual,"30,029 miles",5.0,148 bhp,2017 (67),50.4,Estate,133 g/km,WHITE,2.0,Euro 6,£199,"£18,500",17-12-2021,,
251,Q2,Diesel,1.6L,Manual,"51,333 miles",5.0,114 bhp,2018 (68),49.6,Estate,122 g/km,GREY,1.0,Euro 6,£199,"£18,500",25-10-2022,,
252,A3,Diesel,1.6L,Automatic,"32,501 miles",4.0,114 bhp,2017 (67),70.6,Saloon,105 g/km,BLACK,,Euro 6,£199,"£18,500",,,
253,A3,Diesel,2.0L,Manual,"58,168 miles",5.0,148 bhp,2018 (18),65.7,Hatchback,112 g/km,WHITE,1.0,Euro 6,£199,"£18,500",02-07-2022,,
254,A3,Petrol,1.0L,Manual,"12,824 miles",5.0,114 bhp,2019 (68),47.1,Hatchback,118 g/km,BLACK,1.0,Euro 6,£199,"£18,500",,,
255,Q3,Petrol,2.0L,Automatic,"76,338 miles",5.0,178 bhp,2016 (16),40.4,Estate,161 g/km,GREY,,Euro 6,£199,"£18,300",11-10-2022,,
256,A3,Diesel,1.6L,Automatic,"35,872 miles",4.0,114 bhp,2017 (67),70.6,Saloon,105 g/km,GREY,,Euro 6,£199,"£18,300",25-09-2022,,
257,Q3,Diesel,2.0L,Manual,"60,668 miles",5.0,148 bhp,2016 (16),52.3,Estate,140 g/km,BLACK,1.0,Euro 6,£199,"£18,300",27-07-2022,,
258,A5,Petrol,2.0L,Automatic,"50,062 miles",2.0,222 bhp,2015 (15),42.2,Coupe,155 g/km,IBIS WHITE,2.0,Euro 6,£199,"£18,300",06-08-2022,,
259,A3,Diesel,1.6L,Automatic,"21,710 miles",5.0,114 bhp,2017 (67),72.4,Hatchback,103 g/km,BLACK,1.0,Euro 6,£199,"£18,200",15-07-2022,,
260,A3,Diesel,1.6L,Manual,"49,457 miles",4.0,114 bhp,2018 (18),68.9,Saloon,108 g/km,BLACK,1.0,Euro 6,£199,"£18,200",21-06-2022,,
261,A3,Diesel,2.0L,Manual,"34,477 miles",5.0,148 bhp,2017 (17),65.7,Hatchback,109 g/km,BLACK,,Euro 6,£199,"£18,200",09-07-2022,,
262,A3,Petrol,1.0L,Manual,"30,253 miles",5.0,114 bhp,2018 (68),47.1,Hatchback,118 g/km,WHITE,1.0,Euro 6,£199,"£18,200",26-07-2022,,
263,A3,Diesel,1.6L,Automatic,"35,794 miles",5.0,114 bhp,2017 (17),70.6,Hatchback,107 g/km,GLACIER WHITE,2.0,Euro 6,£199,"£18,200",28-06-2022,,
264,Q3,Diesel,2.0L,Manual,"37,459 miles",5.0,148 bhp,2016 (66),56.5,Estate,131 g/km,MONSOON GREY,2.0,Euro 6,£199,"£18,200",05-10-2022,,
265,Q3,Diesel,2.0L,Automatic,"53,265 miles",5.0,148 bhp,2015 (15),51.4,Estate,144 g/km,BLACK,,Euro 6,£199,"£18,100",02-04-2022,,
266,A4,Diesel,2.0L,Manual,"30,228 miles",5.0,148 bhp,2016 (66),70.6,Estate,104 g/km,BLUE,2.0,Euro 6,£199,"£18,100",11-11-2022,,
267,A6,Diesel,2.0L,Automatic,"71,981 miles",4.0,188 bhp,2017 (17),61.4,Saloon,119 g/km,WHITE,2.0,Euro 6,£199,"£18,000",26-12-2021,,
268,TT,Petrol,1.8L,Manual,"34,467 miles",2.0,178 bhp,2016 (16),46.3,Convertible,142 g/km,BRILLIANT BLACK,,Euro 6,£199,"£18,000",01-03-2022,,
269,Q2,Diesel,1.6L,Manual,"4,125 miles",5.0,114 bhp,2018 (18),64.2,Estate,114 g/km,BLACK,1.0,Euro 6,£199,"£18,000",12-04-2022,,
270,A4,Petrol,1.4L,Manual,"16,866 miles",4.0,148 bhp,2019 (68),53.3,Saloon,126 g/km,BLACK,1.0,Euro 6,£199,"£18,000",,,
271,A6,Diesel,2.0L,Automatic,"48,706 miles",4.0,188 bhp,2016 (16),61.4,Saloon,119 g/km,WHITE,2.0,Euro 6,£199,"£18,000",04-02-2022,,
272,Q3,Petrol,1.4L,Manual,"20,140 miles",5.0,148 bhp,2015 (65),49.6,Estate,131 g/km,BLUE,,Euro 6,£199,"£18,000",08-11-2021,,
273,A5,Petrol,2.0L,Automatic,"46,394 miles",2.0,222 bhp,2015 (65),38.7,Coupe,168 g/km,BLUE,,Euro 6,£199,"£18,000",28-01-2022,,
274,Q3,Petrol,1.4L,Manual,"48,272 miles",5.0,148 bhp,2016 (66),49.6,Estate,131 g/km,BLUE,1.0,Euro 6,£199,"£18,000",30-10-2021,,
275,TT,Petrol,2.0L,Automatic,"71,107 miles",2.0,227 bhp,2015 (15),44.1,Coupe,149 g/km,FLORET SILVER,2.0,Euro 6,£199,"£17,900",30-03-2022,,
276,A3,Diesel,2.0L,Manual,"42,461 miles",4.0,148 bhp,2017 (17),65.7,Saloon,108 g/km,WHITE,1.0,Euro 6,£199,"£17,900",08-12-2021,,
277,A1,Petrol,1.0L,Manual,"28,522 miles",5.0,114 bhp,2019 (19),50.4,Hatchback,111 g/km,WHITE,1.0,Euro 6,£199,"£17,800",,,
278,TT,Petrol,1.8L,Manual,"63,626 miles",2.0,178 bhp,2016 (66),47.1,Coupe,138 g/km,GREY,2.0,Euro 6,£199,"£17,750",,,
279,Q2,Petrol,1.4L,Manual,"40,751 miles",5.0,148 bhp,2017 (66),52.3,Estate,124 g/km,TANGO RED,2.0,Euro 6,£199,"£17,742",04-03-2022,,
280,TT,Petrol,2.0L,Manual,"27,975 miles",2.0,227 bhp,2016 (65),46.3,Coupe,141 g/km,BLACK,2.0,Euro 6,£199,"£17,700",28-09-2022,,
281,A3,Petrol,1.5L,Manual,"62,287 miles",5.0,148 bhp,2018 (68),54.3,Hatchback,118 g/km,SILVER,1.0,Euro 6,£199,"£17,700",02-09-2022,,
282,A3,Petrol,1.0L,Manual,"27,404 miles",5.0,114 bhp,2018 (18),60.1,Hatchback,108 g/km,MONSOON GREY,1.0,Euro 6,£199,"£17,700",13-08-2022,,
283,A3,Petrol,1.4L,Automatic,"28,238 miles",4.0,148 bhp,2016 (66),58.9,Saloon,112 g/km,BLACK,2.0,Euro 6,£199,"£17,700",13-09-2022,,
284,A4,Diesel,2.0L,Manual,"44,223 miles",4.0,188 bhp,2017 (66),64.2,Saloon,113 g/km,GLACIER WHITE,2.0,Euro 6,£199,"£17,700",19-01-2022,,
285,Q3,Petrol,1.4L,Manual,"42,792 miles",5.0,148 bhp,2017 (17),51.4,Estate,127 g/km,WHITE,2.0,Euro 6,£199,"£17,700",19-06-2022,,
286,TT,Petrol,1.8L,Manual,"55,581 miles",2.0,178 bhp,2016 (66),47.1,Coupe,138 g/km,DAYTONA GREY,,Euro 6,£199,"£17,700",21-06-2022,,
287,Q3,Diesel,2.0L,Automatic,"71,725 miles",5.0,182 bhp,2015 (15),50.4,Estate,146 g/km,DAYTONA GREY,2.0,Euro 6,£199,"£17,600",19-11-2022,,
288,A1,Petrol,1.0L,Manual,"40,778 miles",5.0,94 bhp,2019 (19),50.4,Hatchback,105 g/km,BLACK,1.0,Euro 6,£199,"£17,600",,,
289,A6,Diesel,2.0L,Automatic,"79,052 miles",5.0,188 bhp,2018 (18),64.2,Estate,114 g/km,BLACK,1.0,Euro 6,£199,"£17,600",27-03-2022,,
290,Q3,Diesel,2.0L,Manual,"20,893 miles",5.0,148 bhp,2016 (66),60.1,Estate,122 g/km,RED,,Euro 6,£199,"£17,600",22-07-2022,,
291,TT,Petrol,1.8L,Manual,"39,393 miles",2.0,178 bhp,2016 (16),47.1,Coupe,138 g/km,WHITE,2.0,Euro 6,£199,"£17,600",30-06-2022,,
292,TT,Petrol,1.8L,Manual,"41,450 miles",2.0,178 bhp,2016 (16),47.1,Coupe,138 g/km,BLACK,2.0,Euro 6,£199,"£17,600",25-03-2022,,
293,A3,Petrol,1.5L,Manual,"23,039 miles",5.0,148 bhp,2018 (18),56.5,Hatchback,114 g/km,GREY,1.0,Euro 6,£199,"£17,585",10-04-2022,,
294,A3,Diesel,1.6L,Manual,"47,772 miles",4.0,109 bhp,2016 (66),70.6,Saloon,107 g/km,WHITE,1.0,Euro 6,£199,"£17,550",22-02-2022,,
295,Q3,Diesel,2.0L,Manual,"55,088 miles",5.0,148 bhp,2016 (16),52.3,Estate,140 g/km,BLACK,,Euro 6,£199,"£17,500",26-08-2022,,
296,Q3,Diesel,2.0L,Manual,"31,804 miles",5.0,148 bhp,2015 (15),60.1,Estate,122 g/km,MYTHOS BLACK,2.0,Euro 6,£199,"£17,500",07-11-2022,,
297,A4,Diesel,2.0L,Manual,"61,011 miles",5.0,188 bhp,2017 (17),67.3,Estate,111 g/km,BLUE,1.0,Euro 6,£199,"£17,500",18-05-2022,,
298,A4,Diesel,2.0L,Automatic,"48,259 miles",4.0,188 bhp,2016 (16),62.8,Saloon,118 g/km,GLACIER WHITE,,Euro 6,£199,"£17,500",09-02-2022,,
299,A3,Petrol,1.4L,Automatic,"56,449 miles",2.0,148 bhp,2016 (16),55.4,Convertible,118 g/km,BLUE,2.0,Euro 6,£199,"£17,500",,,
300,A3,Diesel,1.6L,Manual,"41,814 miles",4.0,109 bhp,2016 (66),70.6,Saloon,107 g/km,WHITE,2.0,Euro 6,£199,"£17,500",28-10-2022,,
301,A3,Petrol,1.5L,Manual,"51,110 miles",4.0,148 bhp,2017 (67),55.4,Saloon,117 g/km,BLACK,1.0,Euro 6,£199,"£17,500",21-09-2022,,
302,A3,Diesel,2.0L,Manual,"62,499 miles",5.0,148 bhp,2017 (17),65.7,Hatchback,109 g/km,GREY,,Euro 6,£199,"£17,400",,,
303,TT,Petrol,1.8L,Manual,"49,644 miles",2.0,178 bhp,2016 (16),46.3,Convertible,142 g/km,WHITE,1.0,Euro 6,£199,"£17,400",13-07-2022,,
304,Q3,Diesel,2.0L,Manual,"32,537 miles",5.0,148 bhp,2015 (65),60.1,Estate,122 g/km,GLACIER WHITE,2.0,Euro 6,£199,"£17,400",11-10-2022,,
305,Q5,Diesel,2.0L,Manual,"69,817 miles",5.0,175 bhp,2014 (64),47.9,Estate,154 g/km,GLACIER WHITE,2.0,,£199,"£17,300",05-10-2022,,Euro 5
306,A3,Diesel,1.6L,Automatic,"36,836 miles",5.0,114 bhp,2017 (17),72.4,Hatchback,103 g/km,BLACK,1.0,Euro 6,£199,"£17,300",15-12-2021,,
307,A6,Diesel,2.0L,Manual,"46,885 miles",4.0,188 bhp,2015 (65),64.2,Saloon,115 g/km,MYTHOS BLACK,1.0,Euro 6,£199,"£17,300",07-12-2021,,
308,A3,Diesel,2.0L,Manual,"38,099 miles",5.0,148 bhp,2016 (66),57.7,Hatchback,126 g/km,WHITE,2.0,Euro 6,£199,"£17,250",02-11-2021,,
309,A6,Diesel,2.0L,Automatic,"60,100 miles",5.0,188 bhp,2017 (17),64.2,Estate,114 g/km,TORNADO GREY,1.0,Euro 6,£199,"£17,200",15-11-2021,,
310,A5,Diesel,2.0L,Manual,"74,129 miles",5.0,188 bhp,2017 (17),68.9,Hatchback,108 g/km,WHITE,1.0,Euro 6,£199,"£17,200",28-12-2021,,
311,A3,Petrol,1.0L,Manual,"18,363 miles",5.0,114 bhp,2018 (68),48.7,Hatchback,114 g/km,BLACK,1.0,Euro 6,£199,"£17,200",11-11-2022,,
312,A1,Petrol,1.4L,Manual,"28,719 miles",5.0,123 bhp,2018 (18),54.3,Hatchback,123 g/km,GREY,2.0,Euro 6,£199,"£17,200",03-05-2022,,
313,A3,Diesel,1.6L,Manual,"24,876 miles",5.0,114 bhp,2017 (67),70.6,Hatchback,106 g/km,GREY,1.0,Euro 6,£199,"£17,100",27-10-2022,,
314,A3,Petrol,1.4L,Manual,"40,345 miles",4.0,148 bhp,2017 (17),58.9,Saloon,111 g/km,SILVER,2.0,Euro 6,£199,"£17,000",21-09-2022,,
315,A4,Diesel,2.0L,Automatic,"68,521 miles",5.0,148 bhp,2018 (18),70.6,Estate,104 g/km,IBIS WHITE,2.0,Euro 6,£199,"£17,000",14-10-2022,,
316,TT,Diesel,2.0L,Manual,"52,699 miles",2.0,182 bhp,2016 (66),62.8,Coupe,117 g/km,MYTHOS BLACK,2.0,Euro 6,£199,"£17,000",15-01-2022,,
317,A1,Petrol,1.4L,Manual,"8,154 miles",5.0,148 bhp,2018 (18),58.9,Hatchback,112 g/km,BLUE,2.0,Euro 6,£199,"£17,000",18-10-2022,,
318,TT,Diesel,2.0L,Manual,"63,094 miles",2.0,182 bhp,2017 (17),62.8,Coupe,117 g/km,MYTHOS BLACK,,Euro 6,£199,"£17,000",31-01-2022,,
319,A4,Petrol,1.4L,Manual,"25,599 miles",4.0,148 bhp,2018 (18),52.3,Saloon,128 g/km,WHITE,2.0,Euro 6,£199,"£17,000",27-06-2022,,
320,A3,Petrol,1.0L,Manual,"29,289 miles",5.0,114 bhp,2019 (19),47.1,Hatchback,117 g/km,BLACK,1.0,Euro 6,£199,"£16,900",,,
321,Q3,Diesel,2.0L,Automatic,"75,435 miles",5.0,148 bhp,2015 (65),51.4,Estate,144 g/km,GREY,2.0,Euro 6,£199,"£16,900",06-01-2022,,
322,A3,Diesel,1.6L,Automatic,"44,586 miles",5.0,114 bhp,2017 (67),70.6,Hatchback,107 g/km,GLACIER WHITE,2.0,Euro 6,£199,"£16,900",12-10-2021,,
323,A1,Petrol,1.0L,Manual,"23,882 miles",3.0,93 bhp,2018 (68),47.1,Hatchback,119 g/km,GREY,1.0,Euro 6,£199,"£16,800",27-07-2022,,
324,A3,Diesel,2.0L,Manual,"24,402 miles",5.0,148 bhp,2018 (18),67.3,Hatchback,109 g/km,GREY,1.0,Euro 6,£199,"£16,800",22-04-2022,,
325,Q3,Petrol,1.4L,Manual,"83,130 miles",5.0,148 bhp,2017 (17),51.4,Estate,127 g/km,WHITE,1.0,Euro 6,£199,"£16,800",10-08-2022,,
326,A3,Petrol,1.5L,Automatic,"44,919 miles",5.0,148 bhp,2018 (68),43.5,Hatchback,115 g/km,RED,1.0,Euro 6,£199,"£16,800",25-10-2022,,
327,A5,Diesel,2.0L,Automatic,"60,198 miles",5.0,187 bhp,2016 (66),52.3,Hatchback,142 g/km,TORNADO GREY,,Euro 6,£199,"£16,700",23-10-2021,BLACK NAPPA LEATHER,
328,TT,Petrol,1.8L,Manual,"37,477 miles",2.0,178 bhp,2016 (16),47.1,Coupe,138 g/km,WHITE,1.0,Euro 6,£199,"£16,700",09-06-2022,,
329,A5,Diesel,2.0L,Manual,"49,129 miles",2.0,177 bhp,2015 (15),60.1,Coupe,120 g/km,IBIS WHITE,2.0,,£199,"£16,700",11-05-2022,,Euro 5
330,A3,Petrol,1.4L,Manual,"35,802 miles",2.0,148 bhp,2015 (65),55.4,Convertible,118 g/km,RED,2.0,Euro 6,£199,"£16,700",04-11-2021,,
331,A3,Diesel,2.0L,Automatic,"59,525 miles",5.0,148 bhp,2016 (66),61.4,Hatchback,120 g/km,COSMOS BLUE,,Euro 6,£199,"£16,700",10-12-2021,,
332,Q5,Diesel,2.0L,Automatic,"79,581 miles",5.0,,2014 (14),,Estate,,Grey,,,£199,"£16,700",,,
333,A4,Petrol,1.4L,Manual,"28,164 miles",5.0,148 bhp,2016 (16),51.4,Estate,131 g/km,BRILLIANT BLACK,2.0,Euro 6,£199,"£16,600",05-05-2022,,
334,A3,Diesel,2.0L,Automatic,"42,233 miles",4.0,148 bhp,2015 (65),61.4,Saloon,120 g/km,GREY,,Euro 6,£199,"£16,600",26-08-2022,,
335,A3,Petrol,1.5L,Manual,"39,177 miles",4.0,148 bhp,2017 (67),55.4,Saloon,115 g/km,WHITE,1.0,Euro 6,£199,"£16,600",,,
336,A4,Petrol,1.4L,Manual,"33,285 miles",,,2018 (18),,Saloon,,White,2.0,,£199,"£16,600",,,
337,A3,Diesel,2.0L,Manual,"66,931 miles",5.0,148 bhp,2018 (18),65.7,Hatchback,112 g/km,SILVER,2.0,Euro 6,£199,"£16,500",10-05-2022,,
338,TT,Diesel,2.0L,Manual,"52,177 miles",2.0,182 bhp,2016 (16),62.8,Coupe,116 g/km,BLACK,2.0,Euro 6,£199,"£16,500",07-10-2022,,
339,TT,Diesel,2.0L,Manual,"43,135 miles",2.0,182 bhp,2016 (16),62.8,Coupe,117 g/km,BLACK,,Euro 6,£199,"£16,500",05-12-2021,,
340,A6,Diesel,2.0L,Manual,"22,374 miles",4.0,188 bhp,2015 (15),64.2,Saloon,114 g/km,GLACIER WHITE,2.0,Euro 6,£199,"£16,500",01-07-2022,,
341,A1,Petrol,1.0L,Manual,"17,428 miles",5.0,93 bhp,2018 (68),65.7,Hatchback,98 g/km,WHITE,1.0,Euro 6,£199,"£16,500",25-09-2022,,
342,Q3,Diesel,2.0L,Manual,"40,771 miles",5.0,148 bhp,2015 (65),60.1,Estate,122 g/km,WHITE,2.0,Euro 6,£199,"£16,500",17-10-2022,,
343,A4,Diesel,2.0L,Automatic,"41,007 miles",5.0,148 bhp,2016 (16),70.6,Estate,104 g/km,BLUE,2.0,Euro 6,£199,"£16,500",05-08-2022,,
344,A3,Diesel,2.0L,Manual,"26,758 miles",4.0,148 bhp,2017 (17),67.3,Saloon,107 g/km,BLACK,1.0,Euro 6,£199,"£16,500",03-09-2022,,
345,Q3,Diesel,2.0L,Manual,"47,473 miles",5.0,148 bhp,2015 (15),52.3,Estate,140 g/km,DAYTONA GREY,2.0,Euro 6,£199,"£16,500",13-09-2022,,
346,A3,Diesel,2.0L,Manual,"52,009 miles",4.0,148 bhp,2017 (67),67.3,Saloon,111 g/km,BLUE,1.0,Euro 6,£199,"£16,500",13-09-2022,,
347,A4,Diesel,2.0L,Automatic,"56,242 miles",4.0,148 bhp,2017 (67),72.4,Saloon,101 g/km,BLUE,1.0,Euro 6,£199,"£16,500",,,
348,A4,Diesel,2.0L,Automatic,"56,609 miles",4.0,148 bhp,2017 (67),72.4,Saloon,101 g/km,GREY,1.0,Euro 6,£199,"£16,400",30-11-2021,,
349,A3,Diesel,1.6L,Automatic,"35,589 miles",5.0,114 bhp,2018 (18),72.4,Hatchback,103 g/km,BLACK,1.0,Euro 6,£199,"£16,400",15-04-2022,,
350,A1,Petrol,1.4L,Manual,"42,015 miles",5.0,148 bhp,2017 (17),70.6,Hatchback,117 g/km,SILVER,1.0,Euro 6,£199,"£16,400",30-03-2022,,
351,A1,Petrol,1.4L,Manual,"32,347 miles",3.0,123 bhp,2018 (18),55.4,Hatchback,120 g/km,WHITE,2.0,Euro 6,£199,"£16,400",09-08-2022,,
352,A4,Petrol,1.4L,Manual,"36,278 miles",4.0,148 bhp,2018 (18),53.3,Saloon,126 g/km,GLACIER WHITE,1.0,Euro 6,£199,"£16,400",26-06-2022,,
353,A4,Diesel,2.0L,Manual,"47,936 miles",4.0,174 bhp,2015 (15),61.4,Saloon,120 g/km,BLUE,,,£199,"£16,400",19-09-2022,,Euro 5
354,A3,Petrol,1.4L,Manual,"51,326 miles",5.0,148 bhp,2016 (66),60.1,Hatchback,112 g/km,BLACK,2.0,Euro 6,£199,"£16,300",11-10-2022,,
355,Q2,Diesel,1.6L,Manual,"50,657 miles",5.0,114 bhp,2017 (67),64.2,Estate,114 g/km,BLACK,1.0,Euro 6,£199,"£16,300",16-10-2022,,
356,TT,Diesel,2.0L,Manual,"53,103 miles",2.0,182 bhp,2016 (66),62.8,Coupe,117 g/km,BLUE,2.0,Euro 6,£199,"£16,250",25-09-2021,,
357,A3,Diesel,2.0L,Manual,"53,696 miles",4.0,148 bhp,2016 (66),65.7,Saloon,108 g/km,BLUE,2.0,Euro 6,£199,"£16,250",05-08-2022,,
358,A1,Petrol,1.0L,Manual,"23,054 miles",5.0,114 bhp,2019 (69),50.4,Hatchback,109 g/km,WHITE,2.0,Euro 6,£199,"£16,200",,,
359,A3,Petrol,1.5L,Manual,"40,772 miles",5.0,148 bhp,2018 (18),55.4,Hatchback,117 g/km,GREY,1.0,Euro 6,£199,"£16,200",20-10-2022,,
360,A3,Diesel,1.6L,Manual,"42,421 miles",5.0,114 bhp,2018 (68),51.4,Hatchback,118 g/km,IBIS WHITE,1.0,Euro 6,£199,"£16,200",01-11-2022,,
361,A4,Petrol,1.4L,Manual,"34,844 miles",4.0,148 bhp,2018 (67),53.3,Saloon,126 g/km,WHITE,1.0,Euro 6,£199,"£16,200",02-03-2022,,
362,A3,Diesel,1.6L,Automatic,"46,867 miles",5.0,109 bhp,2017 (67),74.3,Hatchback,99 g/km,BLACK,2.0,Euro 6,£199,"£16,100",04-10-2022,,
363,A3,Diesel,2.0L,Manual,"54,908 miles",5.0,148 bhp,2016 (66),65.7,Hatchback,109 g/km,WHITE,,Euro 6,£199,"£16,100",30-04-2022,,
364,A3,Petrol,2.0L,Manual,"34,356 miles",4.0,188 bhp,2017 (17),50.4,Saloon,128 g/km,BLACK,2.0,Euro 6,£199,"£16,100",24-08-2022,,
365,A3,Diesel,2.0L,Manual,"42,995 miles",4.0,148 bhp,2015 (65),67.3,Saloon,108 g/km,BLACK,2.0,Euro 6,£199,"£16,100",01-09-2022,,
366,A1,Petrol,1.0L,Manual,"13,173 miles",5.0,93 bhp,2018 (68),47.9,Hatchback,115 g/km,WHITE,1.0,Euro 6,£199,"£16,100",13-09-2022,,
367,A3,Petrol,1.0L,Manual,"23,553 miles",5.0,114 bhp,2018 (68),62.8,Hatchback,104 g/km,WHITE,1.0,Euro 6,£199,"£16,000",24-09-2022,,
368,A4,Diesel,2.0L,Manual,"68,658 miles",4.0,188 bhp,2018 (68),72.4,Saloon,102 g/km,BLACK,1.0,Euro 6,£199,"£16,000",27-09-2022,,
369,TT,Petrol,1.8L,Manual,"29,934 miles",2.0,178 bhp,2016 (16),47.1,Coupe,138 g/km,BLACK,,Euro 6,£199,"£16,000",24-06-2022,,
370,A3,Diesel,2.0L,Manual,"56,123 miles",4.0,148 bhp,2016 (66),65.7,Saloon,108 g/km,MYTHOS BLACK,,Euro 6,£199,"£16,000",12-08-2022,,
371,Q3,Diesel,2.0L,Manual,"42,149 miles",5.0,148 bhp,2016 (66),61.4,Estate,119 g/km,WHITE,2.0,Euro 6,£199,"£16,000",12-08-2022,,
372,A3,Diesel,1.6L,Automatic,"51,830 miles",5.0,114 bhp,2019 (19),54.3,Hatchback,103 g/km,BLACK,2.0,Euro 6,£199,"£16,000",,,
373,A3,Petrol,1.4L,Manual,"19,827 miles",4.0,148 bhp,2016 (66),60.1,Saloon,109 g/km,WHITE,,Euro 6,£199,"£15,995",13-11-2021,,
374,A3,Diesel,1.6L,Automatic,"51,670 miles",5.0,114 bhp,2017 (67),72.4,Hatchback,103 g/km,BLUE,1.0,Euro 6,£199,"£15,900",10-10-2022,,
375,A1,Petrol,1.0L,Manual,"23,491 miles",5.0,93 bhp,2018 (18),67.3,Hatchback,97 g/km,BLACK,1.0,Euro 6,£199,"£15,800",15-02-2022,,
376,A6,Diesel,2.0L,Automatic,"67,815 miles",4.0,188 bhp,2016 (66),67.3,Saloon,109 g/km,SILVER,1.0,Euro 6,£199,"£15,800",29-11-2021,,
377,A4,Diesel,2.0L,Manual,"43,427 miles",4.0,188 bhp,2017 (17),72.4,Saloon,102 g/km,MATADOR RED,1.0,Euro 6,£199,"£15,750",17-01-2022,,
378,A3,Petrol,1.4L,Manual,"54,155 miles",5.0,148 bhp,2016 (66),60.1,Hatchback,112 g/km,BLACK,2.0,Euro 6,£199,"£15,750",29-09-2022,,
379,A3,Diesel,1.6L,Manual,"26,874 miles",5.0,114 bhp,2017 (67),70.6,Hatchback,106 g/km,BLACK,1.0,Euro 6,£199,"£15,750",19-07-2022,,
380,A4,Petrol,1.4L,Manual,"73,967 miles",4.0,148 bhp,2018 (18),52.3,Saloon,128 g/km,WHITE,2.0,Euro 6,£199,"£15,700",03-06-2022,,
381,A3,Diesel,2.0L,Manual,"38,429 miles",5.0,148 bhp,2017 (67),67.3,Hatchback,109 g/km,BLACK,1.0,Euro 6,£199,"£15,700",12-11-2022,,
382,A6,Diesel,2.0L,Manual,"62,702 miles",4.0,188 bhp,2015 (65),64.2,Saloon,114 g/km,GLACIER WHITE,,Euro 6,£199,"£15,700",24-09-2022,,
383,A3,Diesel,1.6L,Manual,"25,826 miles",5.0,114 bhp,2017 (17),70.6,Hatchback,106 g/km,GREY,1.0,Euro 6,£199,"£15,600",29-12-2021,,
384,A3,Diesel,1.6L,Automatic,"35,406 miles",5.0,109 bhp,2016 (66),72.4,Hatchback,102 g/km,MYTHOS BLACK,,Euro 6,£199,"£15,600",08-09-2022,,
385,A4,Diesel,2.0L,Manual,"48,256 miles",4.0,148 bhp,2016 (66),70.6,Saloon,106 g/km,MOONLIGHT BLUE,2.0,Euro 6,£199,"£15,600",02-10-2022,,
386,A3,Diesel,1.6L,Automatic,"36,597 miles",5.0,114 bhp,2017 (67),70.6,Hatchback,106 g/km,WHITE,1.0,Euro 6,£199,"£15,500",04-10-2022,,
387,A4,Diesel,2.0L,Automatic,"62,789 miles",4.0,148 bhp,2017 (67),72.4,Saloon,101 g/km,BLACK,1.0,Euro 6,£199,"£15,500",24-10-2022,,
388,A3,Diesel,2.0L,Manual,"36,720 miles",5.0,148 bhp,2017 (67),65.7,Hatchback,111 g/km,GREY,1.0,Euro 6,£199,"£15,500",10-09-2022,,
389,A3,Diesel,1.6L,Manual,"26,098 miles",5.0,114 bhp,2017 (17),70.6,Hatchback,106 g/km,BLUE,1.0,Euro 6,£199,"£15,500",03-09-2022,,
390,A3,Petrol,1.5L,Manual,"29,282 miles",5.0,148 bhp,2018 (18),56.5,Hatchback,114 g/km,BLACK,1.0,Euro 6,£199,"£15,500",29-06-2022,,
391,A4,Diesel,2.0L,Manual,"55,595 miles",4.0,148 bhp,2017 (67),70.6,Saloon,106 g/km,BLUE,1.0,Euro 6,£199,"£15,400",22-09-2022,,
392,Q5,Diesel,2.0L,Manual,"55,881 miles",5.0,175 bhp,2015 (15),47.9,Estate,154 g/km,MONSOON GREY,1.0,,£199,"£15,400",17-04-2022,,Euro 5
393,A3,Petrol,1.5L,Manual,"32,971 miles",4.0,148 bhp,2017 (67),55.4,Saloon,115 g/km,BLACK,2.0,Euro 6,£199,"£15,300",08-10-2022,,
394,A4,Petrol,1.4L,Manual,"39,139 miles",4.0,148 bhp,2017 (17),53.3,Saloon,126 g/km,WHITE,2.0,Euro 6,£199,"£15,300",,,
395,A5,Diesel,2.0L,Manual,"69,973 miles",5.0,187 bhp,2016 (16),56.5,Hatchback,132 g/km,MYTHOS BLACK,2.0,Euro 6,£199,"£15,300",12-10-2022,,
396,A1,Petrol,1.0L,Manual,"9,795 miles",5.0,93 bhp,2018 (68),47.9,Hatchback,115 g/km,WHITE,1.0,Euro 6,£199,"£15,250",09-09-2022,,
397,A3,Diesel,1.6L,Automatic,"50,071 miles",5.0,109 bhp,2016 (66),72.4,Hatchback,102 g/km,SILVER,,Euro 6,£199,"£15,200",08-01-2022,,
398,A1,Petrol,1.4L,Manual,"36,154 miles",3.0,148 bhp,2016 (66),56.5,Hatchback,117 g/km,BLACK,2.0,Euro 6,£199,"£15,200",12-07-2022,,
399,A1,Petrol,1.4L,Automatic,"29,526 miles",3.0,148 bhp,2016 (16),58.9,Hatchback,111 g/km,SILVER,2.0,Euro 6,£199,"£15,200",08-11-2022,,
400,A1,Petrol,1.4L,Manual,"49,748 miles",5.0,148 bhp,2016 (16),70.6,Hatchback,117 g/km,WHITE,1.0,Euro 6,£199,"£15,150",,,
401,A3,Petrol,1.4L,Manual,"30,696 miles",5.0,148 bhp,2016 (16),60.1,Hatchback,110 g/km,GREY,2.0,Euro 6,£199,"£15,100",12-03-2022,,
402,A3,Petrol,1.0L,Manual,"41,695 miles",5.0,114 bhp,2018 (18),62.8,Hatchback,104 g/km,BLACK,1.0,Euro 6,£199,"£15,100",25-04-2022,,
403,A4,Petrol,1.4L,Manual,"37,235 miles",4.0,148 bhp,2017 (17),53.3,Saloon,126 g/km,WHITE,2.0,Euro 6,£199,"£15,100",25-05-2022,,
404,A1,Petrol,1.4L,Manual,"25,750 miles",5.0,123 bhp,2018 (68),55.4,Hatchback,118 g/km,WHITE,1.0,Euro 6,£199,"£15,100",10-10-2022,,
405,A3,Diesel,2.0L,Manual,"71,302 miles",5.0,148 bhp,2017 (66),65.7,Hatchback,109 g/km,COSMOS BLUE,1.0,Euro 6,£199,"£15,100",19-02-2022,,
406,A4,Diesel,2.0L,Manual,"35,030 miles",4.0,148 bhp,2016 (16),72.4,Saloon,101 g/km,BLACK,2.0,Euro 6,£199,"£15,000",29-12-2021,,
407,A1,Petrol,1.4L,Manual,"18,679 miles",5.0,123 bhp,2018 (18),55.4,Hatchback,118 g/km,BLACK,1.0,Euro 6,£199,"£15,000",10-05-2022,,
408,A5,Diesel,2.0L,Manual,"60,642 miles",2.0,187 bhp,2016 (16),53.3,Coupe,140 g/km,BLUE,2.0,Euro 6,£199,"£15,000",07-03-2022,,
409,A3,Diesel,2.0L,Manual,"50,943 miles",5.0,148 bhp,2017 (67),65.7,Hatchback,111 g/km,GREY,1.0,Euro 6,£199,"£14,900",23-10-2022,,
410,A1,Petrol,1.4L,Automatic,"61,944 miles",5.0,123 bhp,2017 (67),56.5,Hatchback,117 g/km,BLACK,1.0,Euro 6,£199,"£14,700",22-10-2022,,
411,A3,Diesel,2.0L,Manual,"28,171 miles",5.0,148 bhp,2016 (66),70.6,Hatchback,105 g/km,BLACK,2.0,Euro 6,£199,"£14,600",22-09-2022,,
412,A1,Diesel,1.6L,Manual,"29,298 miles",5.0,114 bhp,2017 (67),76.4,Hatchback,98 g/km,BLACK,2.0,Euro 6,£199,"£14,600",,,
413,A1,Petrol,1.4L,Manual,"26,884 miles",5.0,123 bhp,2018 (67),55.4,Hatchback,118 g/km,WHITE,1.0,Euro 6,£199,"£14,500",22-02-2022,,
414,A1,Petrol,1.4L,Manual,"32,093 miles",3.0,123 bhp,2017 (67),56.5,Hatchback,117 g/km,GREY,1.0,Euro 6,£199,"£14,500",,,
415,A1,Petrol,1.4L,Manual,"30,635 miles",3.0,123 bhp,2018 (68),56.5,Hatchback,117 g/km,BLACK,2.0,Euro 6,£199,"£14,500",,,
416,Q3,Diesel,2.0L,Manual,"58,477 miles",5.0,148 bhp,2015 (15),60.1,Estate,122 g/km,WHITE,2.0,Euro 6,£199,"£14,400",25-06-2022,,
417,A5,Diesel,2.0L,Manual,"54,122 miles",2.0,187 bhp,2015 (65),60.1,Coupe,124 g/km,DAYTONA GREY,2.0,Euro 6,£199,"£14,400",08-09-2022,,
418,Q3,Diesel,2.0L,Manual,"72,121 miles",5.0,148 bhp,2015 (65),61.4,Estate,119 g/km,BLUE,2.0,Euro 6,£199,"£14,400",12-10-2022,,
419,A3,Diesel,2.0L,Manual,"38,899 miles",5.0,148 bhp,2017 (67),67.3,Hatchback,109 g/km,WHITE,1.0,Euro 6,£199,"£14,300",06-09-2022,,
420,A3,Diesel,1.6L,Automatic,"51,392 miles",5.0,109 bhp,2017 (17),74.3,Hatchback,99 g/km,SILVER,2.0,Euro 6,£199,"£14,300",05-07-2022,,
421,A4,Diesel,2.0L,Manual,"76,764 miles",4.0,148 bhp,2017 (67),74.3,Saloon,99 g/km,MOONLIGHT BLUE,1.0,Euro 6,£199,"£14,250",19-08-2022,,
422,A3,Diesel,1.6L,Manual,"24,224 miles",5.0,109 bhp,2017 (17),74.3,Hatchback,99 g/km,WHITE,1.0,Euro 6,£199,"£14,000",11-02-2022,,
423,A1,Petrol,1.4L,Manual,"29,442 miles",5.0,123 bhp,2016 (16),55.4,Hatchback,119 g/km,WHITE,,Euro 6,£199,"£14,000",29-10-2022,,
424,A1,Diesel,1.6L,Manual,"27,604 miles",3.0,114 bhp,2016 (66),76.4,Hatchback,98 g/km,BLACK,2.0,Euro 6,£199,"£14,000",21-06-2022,,
425,A3,Petrol,1.5L,Manual,"53,622 miles",5.0,148 bhp,2017 (17),56.5,Hatchback,114 g/km,BLACK,1.0,Euro 6,£199,"£13,900",10-08-2022,,
426,A4,Diesel,2.0L,Manual,"62,992 miles",4.0,148 bhp,2016 (66),72.4,Saloon,101 g/km,BLACK,1.0,Euro 6,£199,"£13,900",29-12-2021,,
427,A4,Diesel,2.0L,Manual,"67,411 miles",4.0,148 bhp,2016 (66),72.4,Saloon,101 g/km,BLUE,1.0,Euro 6,£199,"£13,800",13-12-2021,,
428,A3,Diesel,1.6L,Manual,"42,962 miles",5.0,114 bhp,2017 (67),70.6,Hatchback,106 g/km,BLACK,2.0,Euro 6,£199,"£13,800",28-12-2021,,
429,A4,Diesel,2.0L,Manual,"52,917 miles",5.0,161 bhp,2015 (65),64.2,Estate,114 g/km,LAVA GREY,1.0,Euro 6,£199,"£13,750",12-07-2022,,
430,A3,Diesel,2.0L,Manual,"63,125 miles",4.0,148 bhp,2018 (18),67.3,Saloon,110 g/km,BLACK,1.0,Euro 6,£199,"£13,700",20-07-2022,,
431,A4,Diesel,2.0L,Manual,"55,227 miles",4.0,148 bhp,2016 (16),74.3,Saloon,99 g/km,GREY,1.0,Euro 6,£199,"£13,700",21-03-2022,,
432,A3,Diesel,1.6L,Manual,"76,437 miles",4.0,109 bhp,2016 (16),70.6,Saloon,106 g/km,SILVER,,Euro 6,£199,"£13,600",13-07-2022,,
433,A1,Petrol,1.4L,Manual,"40,803 miles",5.0,123 bhp,2015 (65),55.4,Hatchback,119 g/km,WHITE,1.0,Euro 6,£199,"£13,600",02-12-2021,,
434,A5,Diesel,2.0L,Automatic,"57,323 miles",5.0,174 bhp,2015 (15),58.9,Hatchback,127 g/km,GREY,,,£199,"£13,600",29-12-2021,,Euro 5
435,A1,Petrol,1.4L,Manual,"37,222 miles",3.0,123 bhp,2017 (17),56.5,Hatchback,117 g/km,BLUE,2.0,Euro 6,£199,"£13,500",29-03-2022,,
436,A1,Petrol,1.4L,Manual,"14,910 miles",3.0,123 bhp,2017 (67),57.7,Hatchback,115 g/km,SILVER,2.0,Euro 6,£199,"£13,400",23-06-2022,,
437,A3,Diesel,2.0L,Manual,"60,705 miles",5.0,148 bhp,2017 (17),67.3,Hatchback,109 g/km,BLUE,1.0,Euro 6,£199,"£13,300",08-06-2022,,
438,A1,Petrol,1.4L,Manual,"26,054 miles",3.0,123 bhp,2017 (67),57.7,Hatchback,115 g/km,WHITE,1.0,Euro 6,£199,"£13,300",11-08-2022,,
439,A1,Petrol,1.0L,Manual,"36,680 miles",3.0,93 bhp,2018 (68),47.9,Hatchback,115 g/km,BLACK,1.0,Euro 6,£199,"£13,300",23-11-2022,,
440,A4,Petrol,1.4L,Manual,"57,429 miles",4.0,148 bhp,2016 (16),53.3,Saloon,126 g/km,WHITE,2.0,Euro 6,£199,"£13,200",07-06-2022,,
441,A3,Diesel,1.6L,Manual,"48,249 miles",5.0,114 bhp,2017 (17),70.6,Hatchback,106 g/km,BLACK,1.0,Euro 6,£199,"£13,200",16-05-2022,,
442,A1,Petrol,1.4L,Manual,"30,885 miles",5.0,123 bhp,2016 (65),55.4,Hatchback,118 g/km,BLUE,,Euro 6,£199,"£13,150",13-09-2022,,
443,A1,Petrol,1.4L,Manual,"31,279 miles",3.0,123 bhp,2017 (17),57.7,Hatchback,115 g/km,WHITE,1.0,Euro 6,£199,"£13,150",29-11-2022,,
444,A1,Diesel,1.6L,Manual,"32,488 miles",5.0,114 bhp,2017 (67),76.4,Hatchback,97 g/km,BLUE,2.0,Euro 6,£199,"£13,100",10-12-2021,,
445,A3,Petrol,1.4L,Manual,"45,106 miles",2.0,148 bhp,2015 (15),57.7,Convertible,114 g/km,RED,,Euro 6,£199,"£13,000",19-10-2022,,
446,A1,Petrol,1.0L,Manual,"15,600 miles",3.0,93 bhp,2017 (67),67.3,Hatchback,97 g/km,BLACK,1.0,Euro 6,£199,"£13,000",13-11-2021,,
447,A5,Diesel,2.0L,Manual,"41,921 miles",5.0,174 bhp,2015 (15),61.4,Hatchback,120 g/km,GREY,2.0,,£199,"£13,000",17-09-2022,,Euro 5
448,A3,Diesel,2.0L,Manual,"69,606 miles",5.0,148 bhp,2018 (18),67.3,Hatchback,109 g/km,GREY,1.0,Euro 6,£199,"£13,000",15-02-2022,,
449,A1,Petrol,1.0L,Manual,"27,142 miles",3.0,93 bhp,2018 (67),67.3,Hatchback,97 g/km,BLACK,1.0,Euro 6,£199,"£13,000",04-02-2022,,
450,A1,Petrol,1.0L,Manual,"33,489 miles",5.0,93 bhp,2016 (66),67.3,Hatchback,97 g/km,WHITE,2.0,Euro 6,£199,"£12,900",09-09-2022,,
451,A1,Petrol,1.0L,Manual,"45,761 miles",5.0,93 bhp,2017 (67),67.3,Hatchback,97 g/km,BLACK,1.0,Euro 6,£199,"£12,900",31-08-2022,,
452,A3,Diesel,2.0L,Manual,"58,424 miles",5.0,148 bhp,2016 (66),70.6,Hatchback,105 g/km,SILVER,1.0,Euro 6,£199,"£12,900",13-09-2022,,
453,A1,Petrol,1.4L,Manual,"40,898 miles",5.0,123 bhp,2016 (66),55.4,Hatchback,118 g/km,SILVER,2.0,Euro 6,£199,"£12,500",04-12-2021,,
454,A1,Petrol,1.4L,Manual,"46,518 miles",5.0,123 bhp,2015 (65),55.4,Hatchback,119 g/km,GREY,2.0,Euro 6,£199,"£12,500",23-08-2022,,
455,A1,Petrol,1.0L,Manual,"32,792 miles",5.0,93 bhp,2017 (67),67.3,Hatchback,97 g/km,WHITE,2.0,Euro 6,£199,"£12,500",03-09-2022,,
456,A1,Petrol,1.4L,Manual,"34,049 miles",3.0,123 bhp,2016 (16),57.7,Hatchback,115 g/km,GREY,2.0,Euro 6,£199,"£12,400",12-02-2022,,
457,A1,Petrol,1.4L,Automatic,"38,526 miles",3.0,185 bhp,2014 (14),47.9,Hatchback,139 g/km,RED,2.0,Euro 5,£199,"£12,400",16-02-2022,,
458,A1,Petrol,1.0L,Manual,"46,374 miles",5.0,93 bhp,2017 (67),67.3,Hatchback,97 g/km,WHITE,1.0,Euro 6,£199,"£12,300",30-10-2022,,
459,A1,Diesel,1.6L,Manual,"32,162 miles",5.0,114 bhp,2016 (66),76.4,Hatchback,97 g/km,BLACK,2.0,Euro 6,£199,"£12,100",15-05-2022,,
460,A1,Petrol,1.4L,Manual,"41,154 miles",3.0,123 bhp,2016 (66),57.7,Hatchback,115 g/km,BLACK,1.0,Euro 6,£199,"£12,100",26-10-2021,,
461,A3,Diesel,1.6L,Manual,"79,289 miles",4.0,114 bhp,2017 (17),68.9,Saloon,107 g/km,BLUE,1.0,Euro 6,£199,"£12,000",06-08-2022,,
462,A1,Petrol,1.4L,Manual,"51,022 miles",3.0,148 bhp,2015 (15),58.9,Hatchback,112 g/km,WHITE,,Euro 6,£199,"£11,900",26-01-2022,,
463,A4,Diesel,2.0L,Manual,"61,707 miles",5.0,174 bhp,2015 (15),58.9,Estate,126 g/km,BLUE,2.0,,£199,"£11,750",,,Euro 5
464,A3,Diesel,1.6L,Manual,"73,890 miles",5.0,114 bhp,2017 (17),70.6,Hatchback,106 g/km,BLUE,1.0,Euro 6,£199,"£11,500",28-08-2022,,
465,A1,Diesel,1.6L,Manual,"54,683 miles",5.0,103 bhp,2014 (64),74.3,Hatchback,99 g/km,FLORET SILVER,2.0,,£199,"£11,000",13-08-2022,,Euro 5
466,A3,Diesel,2.0L,Manual,"44,319 miles",5.0,148 bhp,2015 (15),68.9,Hatchback,106 g/km,SILVER,2.0,Euro 6,£199,"£11,000",14-10-2022,,
467,A1,Petrol,1.0L,Manual,"49,163 miles",3.0,93 bhp,2016 (66),67.3,Hatchback,97 g/km,SILVER,,Euro 6,£199,"£10,800",,,
468,A1,Petrol,1.4L,Manual,"41,286 miles",3.0,123 bhp,2015 (15),57.7,Hatchback,115 g/km,BLACK,2.0,Euro 6,£199,"£10,600",08-06-2022,,
469,A1,Diesel,2.0L,Manual,"66,338 miles",3.0,143 bhp,2014 (64),68.9,Hatchback,108 g/km,WHITE,2.0,,£199,"£10,500",02-02-2022,,Euro 5
470,A1,Petrol,1.0L,Manual,"36,456 miles",5.0,93 bhp,2015 (65),67.3,Hatchback,97 g/km,SILVER,,Euro 6,£199,"£10,500",18-11-2021,,
471,A1,Petrol,1.0L,Manual,"51,153 miles",3.0,93 bhp,2015 (65),67.3,Hatchback,97 g/km,BLACK,2.0,Euro 6,£199,"£9,600",14-10-2021,,
