,Model,Fuel Type,Engine Size,Transmission,Mileage,Doors,BHP,Year,MPG,Body Type,CO2,Colour,Previous Keepers,Ultra Low Emission Zone  ,Tax,Price,MOT Expires,Euro Status
0,GLC,Diesel,2.0L,Automatic,"13,616 miles",5,241 bhp,2019 (69),40.9,Estate,124 g/km,BLACK,1.0,Euro 6,£199,"£41,200",,
1,E Class,Diesel,2.0L,Automatic,"7,725 miles",2,191 bhp,2020 (70),70.6,Coupe,106 g/km,BLACK,1.0,Euro 6,£199,"£37,500",,
2,E Class,Diesel,2.9L,Automatic,"15,244 miles",4,335 bhp,2019 (19),48.7,Saloon,154 g/km,GREY,1.0,Euro 6,£199,"£36,000",,
3,E Class,Petrol,2.0L,Automatic,"17,292 miles",2,241 bhp,2019 (19),40.4,Coupe,160 g/km,BLACK,1.0,Euro 6,£199,"£35,500",,
4,GLC,Diesel,2.0L,Automatic,"10,821 miles",5,191 bhp,2019 (69),44.8,Estate,124 g/km,BLUE,1.0,Euro 6,£199,"£35,500",,
5,GLC,Petrol,2.0L,Automatic,"11,365 miles",5,208 bhp,2019 (68),43.5,Estate,152 g/km,GREY,1.0,Euro 6,£199,"£34,800",,
6,GLC,Diesel,2.1L,Automatic,"17,645 miles",5,168 bhp,2019 (69),39.2,Estate,156 g/km,BLACK,1.0,Euro 6,£199,"£34,750",,
7,E Class,Petrol,2.0L,Automatic,"27,424 miles",2,241 bhp,2018 (68),39.2,Convertible,167 g/km,RED,1.0,Euro 6,£199,"£33,800",,
8,E Class,Petrol,2.0L,Automatic,"12,658 miles",2,241 bhp,2019 (19),39.2,Convertible,167 g/km,WHITE,1.0,Euro 6,£199,"£33,700",,
9,E Class,Petrol,2.0L,Automatic,"29,831 miles",2,241 bhp,2018 (68),39.2,Convertible,167 g/km,BLACK,1.0,Euro 6,£199,"£33,500",,
10,GLC,Diesel,2.1L,Automatic,"27,853 miles",5,168 bhp,2018 (18),56.5,Estate,129 g/km,WHITE,2.0,Euro 6,£199,"£33,450",29-04-2022,
11,Gle,Diesel,2.1L,Automatic,"37,101 miles",5,201 bhp,2017 (66),47.9,Estate,156 g/km,BLACK,2.0,Euro 6,£199,"£33,400",,
12,GLC,Diesel,2.1L,Automatic,"26,513 miles",4,168 bhp,2017 (66),56.5,Coupe,131 g/km,SILVER,2.0,Euro 6,£199,"£33,200",30-01-2022,
13,GLC,Diesel,2.1L,Automatic,"21,731 miles",5,201 bhp,2018 (18),56.5,Estate,129 g/km,WHITE,1.0,Euro 6,£199,"£32,700",26-03-2022,
14,GLC,Diesel,2.1L,Automatic,"33,626 miles",5,201 bhp,2018 (67),56.5,Estate,129 g/km,WHITE,1.0,Euro 6,£199,"£32,700",25-01-2022,
15,GLC,Diesel,3.0L,Automatic,"32,939 miles",4,255 bhp,2017 (67),47.1,Coupe,161 g/km,GREY,1.0,Euro 6,£199,"£32,500",13-01-2022,
16,E Class,Petrol,2.0L,Automatic,"21,462 miles",2,241 bhp,2019 (19),39.2,Convertible,167 g/km,WHITE,1.0,Euro 6,£199,"£32,400",,
17,E Class,Petrol,2.0L,Automatic,"6,702 miles",2,241 bhp,2018 (68),39.2,Convertible,167 g/km,BLACK,1.0,Euro 6,£199,"£32,250",,
18,E Class,Diesel,2.0L,Automatic,"12,036 miles",2,191 bhp,2019 (19),57.7,Convertible,126 g/km,GREY,1.0,Euro 6,£199,"£32,200",,
19,GLC,Petrol,2.0L,Automatic,"63,546 miles",5,208 bhp,2018 (68),43.5,Estate,152 g/km,BLACK,1.0,Euro 6,£199,"£32,000",04-07-2022,
20,Gle,Diesel,3.0L,Automatic,"35,878 miles",5,255 bhp,2017 (17),42.8,Estate,179 g/km,SILVER,2.0,Euro 6,£199,"£31,950",01-07-2022,
21,E Class,Petrol,2.0L,Automatic,"32,382 miles",2,241 bhp,2019 (69),40.4,Coupe,160 g/km,WHITE,1.0,Euro 6,£199,"£31,760",,
22,C Class,Diesel,2.0L,Automatic,"10,841 miles",4,241 bhp,2019 (69),49.6,Saloon,130 g/km,WHITE,1.0,Euro 6,£199,"£31,700",,
23,GLC,Diesel,2.1L,Automatic,"37,523 miles",5,168 bhp,2018 (68),56.5,Estate,129 g/km,SILVER,1.0,Euro 6,£199,"£31,700",04-09-2022,
24,G Series,Diesel,3.0L,Automatic,"59,647 miles",5,258 bhp,2015 (15),35.3,Estate,209 g/km,BLACK,2.0,Euro 6,£199,"£31,700",14-03-2022,
25,GLC,Diesel,2.1L,Automatic,"26,859 miles",5,168 bhp,2018 (68),56.5,Estate,129 g/km,RED,1.0,Euro 6,£199,"£31,500",16-10-2022,
26,C Class,Diesel,2.0L,Automatic,"14,011 miles",4,241 bhp,2019 (69),49.6,Saloon,130 g/km,SILVER,1.0,Euro 6,£199,"£31,300",,
27,E Class,Petrol,2.0L,Automatic,"17,251 miles",5,181 bhp,2019 (19),32.1,Estate,172 g/km,GREY,1.0,Euro 6,£199,"£31,300",,
28,GLC,Diesel,2.1L,Automatic,"38,934 miles",5,201 bhp,2016 (66),56.5,Estate,129 g/km,WHITE,2.0,Euro 6,£199,"£31,200",19-08-2022,
29,Gle,Diesel,2.1L,Automatic,"44,245 miles",5,201 bhp,2017 (17),47.9,Estate,156 g/km,BLACK,1.0,Euro 6,£199,"£31,200",07-07-2022,
30,GLC,Diesel,2.1L,Automatic,"34,271 miles",4,168 bhp,2017 (17),56.5,Coupe,131 g/km,SILVER,2.0,Euro 6,£199,"£31,200",17-03-2022,
31,C Class,Petrol,1.5L,Automatic,"12,304 miles",2,181 bhp,2019 (69),44.1,Convertible,145 g/km,BLACK,1.0,Euro 6,£199,"£31,000",,
32,E Class,Diesel,2.0L,Automatic,"31,115 miles",5,191 bhp,2019 (69),42.8,Estate,135 g/km,BLACK,1.0,Euro 6,£199,"£30,900",,
33,C Class,Diesel,2.0L,Automatic,"11,761 miles",4,241 bhp,2019 (69),49.6,Saloon,130 g/km,BLACK,1.0,Euro 6,£199,"£30,900",,
34,GLC,Diesel,2.1L,Automatic,"27,746 miles",5,201 bhp,2016 (65),56.5,Estate,129 g/km,BLACK,,Euro 6,£199,"£30,500",22-07-2022,
35,C Class,Diesel,2.0L,Automatic,"13,263 miles",4,241 bhp,2019 (69),48.7,Saloon,129 g/km,BLACK,1.0,Euro 6,£199,"£30,500",,
36,C Class,Petrol,1.5L,Automatic,"17,119 miles",2,181 bhp,2019 (69),44.1,Convertible,145 g/km,GREY,1.0,Euro 6,£199,"£30,500",,
37,GLC,Diesel,2.1L,Automatic,"25,020 miles",5,168 bhp,2019 (68),41.5,Estate,158 g/km,GREY,1.0,Euro 6,£199,"£30,250",28-10-2022,
38,GLC,Diesel,2.1L,Automatic,"57,278 miles",4,201 bhp,2017 (66),56.5,Coupe,131 g/km,GREY,1.0,Euro 6,£199,"£30,200",30-01-2022,
39,A Class,Petrol,1.3L,Automatic,"7,978 miles",5,134 bhp,2020 (70),45.6,Hatchback,122 g/km,GREY,1.0,Euro 6,£199,"£30,100",,
40,E Class,Petrol,2.0L,Automatic,"32,318 miles",2,241 bhp,2018 (18),39.2,Convertible,167 g/km,WHITE,2.0,Euro 6,£199,"£30,000",21-04-2022,
41,E Class,Diesel,2.0L,Automatic,"28,869 miles",2,191 bhp,2018 (18),70.6,Coupe,106 g/km,WHITE,2.0,Euro 6,£199,"£30,000",28-03-2022,
42,Gle,Diesel,2.1L,Automatic,"31,436 miles",5,201 bhp,2016 (16),47.9,Estate,155 g/km,BLUE,,Euro 6,£199,"£30,000",30-03-2022,
43,Gle,Diesel,2.1L,Automatic,"50,782 miles",5,201 bhp,2016 (66),47.9,Estate,156 g/km,BLACK,2.0,Euro 6,£199,"£29,900",14-12-2021,
44,GLC,Diesel,2.1L,Automatic,"26,897 miles",5,168 bhp,2018 (68),56.5,Estate,129 g/km,WHITE,1.0,Euro 6,£199,"£29,700",27-10-2022,
45,GLC,Diesel,2.1L,Automatic,"51,379 miles",5,201 bhp,2017 (67),56.5,Estate,129 g/km,GREY,1.0,Euro 6,£199,"£29,600",,
46,C Class,Petrol,1.5L,Automatic,"11,271 miles",2,181 bhp,2018 (68),44.1,Convertible,145 g/km,BLACK,1.0,Euro 6,£199,"£29,500",,
47,GLC,Diesel,2.1L,Automatic,"26,976 miles",5,168 bhp,2015 (65),56.5,Estate,129 g/km,GREY,,Euro 6,£199,"£29,500",30-11-2021,
48,Cla,Petrol,1.3L,Automatic,"13,655 miles",4,161 bhp,2019 (69),44.8,Coupe,124 g/km,BLACK,1.0,Euro 6,£199,"£29,300",,
49,A Class,Petrol,1.3L,Automatic,"5,200 miles",4,134 bhp,2020 (20),45.6,Saloon,124 g/km,GREY,2.0,Euro 6,£199,"£29,300",,
50,GLC,Diesel,2.1L,Automatic,"36,011 miles",4,168 bhp,2017 (17),56.5,Coupe,131 g/km,SILVER,2.0,Euro 6,£199,"£29,200",15-11-2021,
51,E Class,Diesel,2.0L,Automatic,"35,463 miles",4,191 bhp,2018 (68),65.7,Saloon,112 g/km,BLACK,,Euro 6,£199,"£29,200",,
52,E Class,Diesel,2.0L,Automatic,"37,869 miles",2,191 bhp,2018 (18),70.6,Coupe,106 g/km,WHITE,2.0,Euro 6,£199,"£29,100",30-03-2022,
53,C Class,Petrol,2.0L,Automatic,"24,453 miles",4,255 bhp,2019 (19),43.5,Saloon,148 g/km,BLUE,2.0,Euro 6,£199,"£29,100",,
54,GLC,Diesel,2.1L,Automatic,"30,604 miles",5,201 bhp,2016 (16),56.5,Estate,129 g/km,GREY,2.0,Euro 6,£199,"£29,000",18-11-2021,
55,GLC,Diesel,2.1L,Automatic,"52,738 miles",5,168 bhp,2017 (67),56.5,Estate,129 g/km,GREY,,Euro 6,£199,"£29,000",04-10-2022,
56,GLC,Diesel,2.1L,Automatic,"31,589 miles",5,201 bhp,2017 (17),56.5,Estate,129 g/km,BLACK,1.0,Euro 6,£199,"£28,950",20-09-2022,
57,C Class,Petrol,1.5L,Automatic,"9,021 miles",2,181 bhp,2018 (68),44.1,Convertible,145 g/km,WHITE,1.0,Euro 6,£199,"£28,700",,
58,GLC,Diesel,2.1L,Automatic,"33,013 miles",5,168 bhp,2015 (65),56.5,Estate,129 g/km,BLUE,1.0,Euro 6,£199,"£28,700",25-02-2022,
59,E Class,Petrol,2.0L,Automatic,"10,656 miles",4,181 bhp,2019 (19),33.2,Saloon,163 g/km,SILVER,1.0,Euro 6,£199,"£28,600",,
60,GLC,Diesel,2.1L,Automatic,"69,998 miles",5,168 bhp,2018 (18),56.5,Estate,129 g/km,BLACK,1.0,Euro 6,£199,"£28,600",28-03-2022,
61,C Class,Petrol,1.5L,Automatic,"13,601 miles",2,181 bhp,2019 (19),44.1,Convertible,145 g/km,GREY,1.0,Euro 6,£199,"£28,500",,
62,C Class,Diesel,2.0L,Automatic,"28,860 miles",4,241 bhp,2019 (69),48.7,Saloon,129 g/km,GREY,1.0,Euro 6,£199,"£28,500",,
63,GLC,Diesel,2.1L,Automatic,"30,828 miles",5,168 bhp,2016 (66),56.5,Estate,129 g/km,RED,2.0,Euro 6,£199,"£28,500",28-04-2022,
64,GLC,Diesel,2.1L,Automatic,"29,393 miles",5,168 bhp,2017 (67),56.5,Estate,129 g/km,BLACK,1.0,Euro 6,£199,"£28,500",10-10-2022,
65,C Class,Diesel,2.0L,Automatic,"28,416 miles",4,191 bhp,2019 (69),64.2,Saloon,117 g/km,BLACK,1.0,Euro 6,£199,"£28,210",,
66,A Class,Petrol,2.0L,Automatic,"13,149 miles",5,221 bhp,2018 (68),45.6,Hatchback,141 g/km,GREY,1.0,Euro 6,£199,"£28,200",27-09-2022,
67,E Class,Diesel,2.0L,Automatic,"28,955 miles",5,191 bhp,2019 (69),61.4,Estate,120 g/km,GREY,1.0,Euro 6,£199,"£28,200",,
68,GLC,Diesel,2.1L,Automatic,"53,917 miles",5,201 bhp,2017 (66),56.5,Estate,129 g/km,BLUE,1.0,Euro 6,£199,"£28,100",15-02-2022,
69,C Class,Diesel,2.0L,Automatic,"12,520 miles",4,191 bhp,2018 (68),64.2,Saloon,117 g/km,BLUE,1.0,Euro 6,£199,"£28,000",29-09-2022,
70,E Class,Diesel,2.0L,Automatic,"22,802 miles",2,191 bhp,2017 (67),70.6,Coupe,106 g/km,WHITE,1.0,Euro 6,£199,"£28,000",,
71,GLC,Diesel,2.1L,Automatic,"52,702 miles",5,201 bhp,2017 (17),56.5,Estate,129 g/km,GREY,2.0,Euro 6,£199,"£27,950",,
72,GLC,Diesel,2.1L,Automatic,"48,016 miles",5,168 bhp,2016 (66),56.5,Estate,129 g/km,SILVER,,Euro 6,£199,"£27,800",08-10-2022,
73,GLC,Diesel,2.1L,Automatic,"57,819 miles",5,201 bhp,2016 (16),56.5,Estate,129 g/km,WHITE,2.0,Euro 6,£199,"£27,600",21-06-2022,
74,GLC,Diesel,2.1L,Automatic,"63,811 miles",5,201 bhp,2018 (18),56.5,Estate,129 g/km,WHITE,1.0,Euro 6,£199,"£27,500",02-08-2022,
75,GLC,Diesel,2.1L,Automatic,"35,270 miles",5,168 bhp,2018 (68),41.5,Estate,158 g/km,GREY,1.0,Euro 6,£199,"£27,500",01-08-2022,
76,GLC,Diesel,2.1L,Automatic,"65,484 miles",5,168 bhp,2018 (18),56.5,Estate,129 g/km,BLACK,1.0,Euro 6,£199,"£27,500",26-06-2022,
77,C Class,Petrol,1.5L,Automatic,"17,561 miles",2,181 bhp,2018 (18),44.1,Convertible,145 g/km,BLACK,1.0,Euro 6,£199,"£27,500",,
78,GLC,Diesel,2.1L,Automatic,"41,792 miles",5,168 bhp,2016 (66),56.5,Estate,129 g/km,BLACK,2.0,Euro 6,£199,"£27,500",29-11-2021,
79,E Class,Diesel,2.0L,Automatic,"34,992 miles",2,191 bhp,2018 (18),70.6,Coupe,106 g/km,WHITE,2.0,Euro 6,£199,"£27,500",24-05-2022,
80,C Class,Petrol,1.5L,Automatic,"14,804 miles",2,181 bhp,2018 (68),44.1,Convertible,145 g/km,WHITE,1.0,Euro 6,£199,"£27,500",,
81,C Class,Petrol,1.5L,Automatic,"23,208 miles",5,181 bhp,2019 (19),45.6,Estate,142 g/km,BLACK,1.0,Euro 6,£199,"£27,300",,
82,GLC,Diesel,2.1L,Automatic,"37,981 miles",5,168 bhp,2016 (16),56.5,Estate,129 g/km,SILVER,,Euro 6,£199,"£27,300",08-07-2022,
83,GLC,Diesel,2.1L,Automatic,"44,115 miles",5,168 bhp,2018 (18),56.5,Estate,129 g/km,BRILLIANT BLUE,2.0,Euro 6,£199,"£27,300",30-03-2022,
84,C Class,Petrol,2.0L,Automatic,"39,988 miles",2,241 bhp,2018 (18),43.5,Coupe,148 g/km,WHITE,2.0,Euro 6,£199,"£27,100",23-07-2022,
85,C Class,Petrol,2.0L,Automatic,"22,143 miles",2,181 bhp,2018 (67),47.1,Coupe,134 g/km,BLACK,1.0,Euro 6,£199,"£27,000",09-01-2022,
86,GLC,Diesel,2.1L,Automatic,"38,947 miles",5,201 bhp,2017 (17),56.5,Estate,129 g/km,WHITE,1.0,Euro 6,£199,"£27,000",30-11-2021,
87,GLC,Diesel,2.1L,Automatic,"41,044 miles",5,168 bhp,2017 (67),56.5,Estate,129 g/km,WHITE,2.0,Euro 6,£199,"£27,000",20-01-2022,
88,C Class,Petrol,2.0L,Automatic,"18,393 miles",4,255 bhp,2019 (19),43.5,Saloon,148 g/km,WHITE,1.0,Euro 6,£199,"£27,000",,
89,C Class,Diesel,2.1L,Automatic,"23,834 miles",2,168 bhp,2018 (68),58.9,Convertible,123 g/km,BLACK,1.0,Euro 6,£199,"£27,000",05-09-2022,
90,A Class,Petrol,2.0L,Automatic,"21,550 miles",5,188 bhp,2019 (68),40.4,Hatchback,141 g/km,GREY,1.0,Euro 6,£199,"£27,000",31-08-2022,
91,GLC,Diesel,2.1L,Automatic,"79,191 miles",5,201 bhp,2017 (66),56.5,Estate,129 g/km,BLACK,1.0,Euro 6,£199,"£27,000",20-02-2022,
92,GLC,Diesel,2.1L,Automatic,"56,618 miles",5,168 bhp,2018 (18),56.5,Estate,129 g/km,GREY,1.0,Euro 6,£199,"£26,950",21-03-2022,
93,C Class,Petrol,2.0L,Automatic,"29,205 miles",2,181 bhp,2018 (18),44.1,Convertible,143 g/km,WHITE,2.0,Euro 6,£199,"£26,900",29-04-2022,
94,C Class,Petrol,1.5L,Automatic,"22,619 miles",2,181 bhp,2018 (68),44.1,Convertible,145 g/km,GREY,1.0,Euro 6,£199,"£26,900",,
95,Gla Class,Petrol,1.6L,Automatic,"7,522 miles",5,121 bhp,2019 (69),44.8,Estate,144 g/km,JUPITER RED,1.0,Euro 6,£199,"£26,710",,
96,C Class,Petrol,1.5L,Automatic,"34,293 miles",2,181 bhp,2018 (68),46.3,Coupe,140 g/km,GREY,1.0,Euro 6,£199,"£26,700",,
97,C Class,Diesel,2.0L,Automatic,"30,167 miles",4,191 bhp,2018 (68),64.2,Saloon,117 g/km,BLACK,1.0,Euro 6,£199,"£26,500",29-09-2022,
98,C Class,Diesel,2.0L,Automatic,"38,867 miles",4,191 bhp,2019 (69),64.2,Saloon,117 g/km,BLACK,1.0,Euro 6,£199,"£26,500",,
99,GLC,Diesel,2.1L,Automatic,"27,296 miles",5,168 bhp,2017 (67),56.5,Estate,129 g/km,WHITE,1.0,Euro 6,£199,"£26,500",,
100,A Class,Diesel,2.0L,Automatic,"13,591 miles",5,148 bhp,2020 (69),56.5,Hatchback,110 g/km,WHITE,1.0,Euro 6,£199,"£26,500",,
101,C Class,Diesel,2.1L,Automatic,"31,218 miles",2,201 bhp,2016 (66),65.7,Coupe,112 g/km,GREY,2.0,Euro 6,£199,"£26,300",25-04-2022,
102,C Class,Diesel,2.0L,Automatic,"41,155 miles",2,191 bhp,2018 (18),61.4,Coupe,121 g/km,GREY,2.0,Euro 6,£199,"£26,300",12-09-2022,
103,C Class,Petrol,2.0L,Automatic,"34,819 miles",2,,2017 (67),,Coupe,134 g/km,Blue,2.0,,£199,"£26,300",,
104,C Class,Petrol,1.5L,Automatic,"23,850 miles",2,181 bhp,2018 (68),44.1,Convertible,145 g/km,WHITE,1.0,Euro 6,£199,"£26,250",,
105,C Class,Diesel,2.0L,Automatic,"44,718 miles",4,191 bhp,2019 (69),64.2,Saloon,117 g/km,BLACK,1.0,Euro 6,£199,"£26,100",,
106,C Class,Petrol,1.5L,Automatic,"24,441 miles",2,181 bhp,2018 (68),44.1,Convertible,145 g/km,BLUE,1.0,Euro 6,£199,"£26,000",,
107,A Class,Petrol,2.0L,Automatic,"23,765 miles",5,221 bhp,2018 (68),45.6,Hatchback,141 g/km,WHITE,1.0,Euro 6,£199,"£26,000",,
108,A Class,Diesel,2.0L,Automatic,"9,294 miles",5,148 bhp,2019 (69),56.5,Hatchback,110 g/km,BLACK,2.0,Euro 6,£199,"£25,900",,
109,C Class,Petrol,2.0L,Automatic,"43,211 miles",2,181 bhp,2017 (67),44.1,Convertible,143 g/km,WHITE,2.0,Euro 6,£199,"£25,800",,
110,C Class,Petrol,1.5L,Automatic,"32,851 miles",2,181 bhp,2018 (68),44.1,Convertible,145 g/km,WHITE,1.0,Euro 6,£199,"£25,600",27-09-2022,
111,GLC,Diesel,2.1L,Automatic,"57,162 miles",5,168 bhp,2017 (67),56.5,Estate,129 g/km,SILVER,2.0,Euro 6,£199,"£25,500",29-11-2021,
112,E Class,Diesel,2.0L,Automatic,"33,053 miles",5,191 bhp,2017 (67),61.4,Estate,120 g/km,WHITE,1.0,Euro 6,£199,"£25,500",12-09-2022,
113,C Class,Diesel,2.1L,Automatic,"24,876 miles",2,168 bhp,2017 (17),67.3,Coupe,109 g/km,GREY,2.0,Euro 6,£199,"£25,400",07-11-2022,
114,Cla Class,Petrol,1.6L,Manual,"14,652 miles",4,154 bhp,2018 (68),44.1,Saloon,147 g/km,WHITE,1.0,Euro 6,£199,"£25,300",18-11-2022,
115,GLC,Diesel,2.1L,Automatic,"38,763 miles",5,168 bhp,2017 (17),56.5,Estate,129 g/km,BLACK,1.0,Euro 6,£199,"£25,300",21-10-2022,
116,E Class,Hybrid Petrol,2.0L,Automatic,"67,558 miles",4,282 bhp,2017 (17),99.99,Saloon,57 g/km,GREY,1.0,Euro 6,£199,"£25,200",03-05-2022,
117,GLC,Diesel,2.1L,Automatic,"55,878 miles",5,168 bhp,2017 (67),56.5,Estate,129 g/km,BLACK,1.0,Euro 6,£199,"£25,000",26-09-2022,
118,C Class,Diesel,2.0L,Automatic,"32,798 miles",4,191 bhp,2018 (68),64.2,Saloon,117 g/km,BLACK,1.0,Euro 6,£199,"£25,000",,
119,Gla Class,Petrol,1.6L,Automatic,"19,478 miles",5,121 bhp,2019 (69),44.8,Estate,144 g/km,JUPITER RED,1.0,Euro 6,£199,"£25,000",,
120,E Class,Diesel,2.0L,Automatic,"41,601 miles",2,191 bhp,2017 (67),53.3,Coupe,137 g/km,SILVER,1.0,Euro 6,£199,"£25,000",26-11-2021,
121,GLC,Diesel,2.1L,Automatic,"72,421 miles",5,168 bhp,2016 (16),56.5,Estate,129 g/km,GREY,2.0,Euro 6,£199,"£25,000",29-06-2022,
122,A Class,Petrol,2.0L,Automatic,"10,018 miles",5,221 bhp,2018 (68),45.6,Hatchback,141 g/km,WHITE,1.0,Euro 6,£199,"£25,000",18-10-2022,
123,A Class,Petrol,2.0L,Automatic,"8,309 miles",5,221 bhp,2018 (68),45.6,Hatchback,141 g/km,WHITE,1.0,Euro 6,£199,"£25,000",23-10-2022,
124,Gla Class,Petrol,1.6L,Automatic,"6,784 miles",5,154 bhp,2018 (68),50.4,Estate,131 g/km,BLACK,1.0,Euro 6,£199,"£25,000",,
125,A Class,Petrol,1.3L,Manual,"16,892 miles",5,161 bhp,2019 (19),44.1,Hatchback,136 g/km,SILVER,1.0,Euro 6,£199,"£24,860",,
126,C Class,Hybrid Petrol,2.0L,Automatic,"29,538 miles",4,,2017 (67),,Saloon,48 g/km,WHITE,1.0,Euro 6,£199,"£24,800",07-11-2022,
127,Gla Class,Diesel,2.1L,Automatic,"18,717 miles",5,174 bhp,2018 (18),56.5,Estate,130 g/km,BLACK,,Euro 6,£199,"£24,800",15-06-2022,
128,C Class,Diesel,2.1L,Automatic,"36,762 miles",2,201 bhp,2017 (17),58.9,Convertible,123 g/km,BLACK,,Euro 6,£199,"£24,750",18-02-2022,
129,A Class,Petrol,2.0L,Automatic,"12,652 miles",5,221 bhp,2018 (68),45.6,Hatchback,141 g/km,BLACK,1.0,Euro 6,£199,"£24,700",18-10-2022,
130,Cla Class,Diesel,2.1L,Automatic,"17,625 miles",4,174 bhp,2018 (18),67.3,Saloon,109 g/km,SILVER,1.0,Euro 6,£199,"£24,700",28-03-2022,
131,C Class,Diesel,2.1L,Automatic,"15,728 miles",4,204 bhp,2017 (17),61.4,Saloon,117 g/km,SILVER,2.0,Euro 6,£199,"£24,600",13-07-2022,
132,C Class,Petrol,2.0L,Automatic,"16,437 miles",5,184 bhp,2018 (68),47.9,Estate,138 g/km,BLACK,1.0,Euro 6,£199,"£24,500",29-09-2022,
133,Gla Class,Petrol,1.6L,Automatic,"18,967 miles",5,121 bhp,2019 (69),44.8,Estate,144 g/km,MOUNTAIN GREY,1.0,Euro 6,£199,"£24,500",,
134,Gla,Petrol,1.6L,Manual,"14,098 miles",5,154 bhp,2018 (68),47.1,Estate,138 g/km,BLACK,1.0,Euro 6,£199,"£24,500",29-09-2022,
135,Gla Class,Petrol,1.6L,Automatic,"14,464 miles",5,154 bhp,2018 (68),50.4,Estate,131 g/km,WHITE,1.0,Euro 6,£199,"£24,400",20-09-2022,
136,E Class,Diesel,2.0L,Automatic,"50,557 miles",4,191 bhp,2018 (67),65.7,Saloon,112 g/km,BRONZE,2.0,Euro 6,£199,"£24,310",04-02-2022,
137,C Class,Diesel,2.1L,Automatic,"41,229 miles",2,168 bhp,2016 (16),67.3,Coupe,109 g/km,GREY,2.0,Euro 6,£199,"£24,300",07-10-2022,
138,Gla Class,Diesel,2.1L,Automatic,"24,020 miles",5,134 bhp,2019 (68),64.2,Estate,115 g/km,WHITE,1.0,Euro 6,£199,"£24,300",,
139,A Class,Petrol,2.0L,Automatic,"18,681 miles",5,221 bhp,2018 (68),45.6,Hatchback,141 g/km,WHITE,1.0,Euro 6,£199,"£24,250",22-11-2022,
140,Gla Class,Petrol,1.6L,Automatic,"22,267 miles",5,121 bhp,2019 (69),44.8,Estate,144 g/km,WHITE,1.0,Euro 6,£199,"£24,200",,
141,C Class,Diesel,2.1L,Automatic,"33,298 miles",2,201 bhp,2017 (17),58.9,Convertible,123 g/km,SILVER,2.0,Euro 6,£199,"£24,200",30-08-2022,
142,C Class,Diesel,2.1L,Automatic,"9,148 miles",4,170 bhp,2018 (18),61.4,Saloon,117 g/km,SILVER,1.0,Euro 6,£199,"£24,100",26-07-2022,
143,Gle,Diesel,2.1L,Automatic,"79,359 miles",5,201 bhp,2015 (65),47.9,Estate,156 g/km,BLACK,2.0,Euro 6,£199,"£24,100",15-04-2022,
144,A Class,Petrol,2.0L,Automatic,"18,043 miles",5,221 bhp,2018 (68),45.6,Hatchback,141 g/km,WHITE,2.0,Euro 6,£199,"£24,000",23-08-2022,
145,Gla Class,Diesel,2.1L,Automatic,"14,416 miles",5,134 bhp,2018 (68),67.3,Estate,108 g/km,WHITE,1.0,Euro 6,£199,"£24,000",,
146,A Class,Petrol,2.0L,Automatic,"18,306 miles",5,221 bhp,2018 (68),45.6,Hatchback,141 g/km,WHITE,1.0,Euro 6,£199,"£24,000",28-09-2022,
147,A Class,Petrol,1.3L,Automatic,"14,533 miles",5,134 bhp,2019 (69),46.3,Hatchback,122 g/km,RED,1.0,Euro 6,£199,"£24,000",,
148,A Class,Diesel,1.5L,Automatic,"19,062 miles",5,114 bhp,2019 (68),67.3,Hatchback,111 g/km,GREY,1.0,Euro 6,£199,"£23,900",,
149,C Class,Diesel,2.1L,Automatic,"32,379 miles",4,204 bhp,2017 (17),64.2,Saloon,113 g/km,WHITE,2.0,Euro 6,£199,"£23,900",15-04-2022,
150,E Class,Diesel,2.0L,Automatic,"42,260 miles",4,191 bhp,2016 (16),65.7,Saloon,112 g/km,BLACK,,Euro 6,£199,"£23,900",31-01-2022,
151,Gla,Petrol,1.6L,Manual,"11,461 miles",5,154 bhp,2018 (18),47.1,Estate,138 g/km,BLACK,1.0,Euro 6,£199,"£23,800",03-05-2022,
152,C Class,Diesel,2.1L,Automatic,"33,569 miles",2,,2017 (17),,Coupe,112 g/km,White,2.0,,£199,"£23,700",,
153,A Class,Diesel,1.5L,Automatic,"20,793 miles",5,114 bhp,2019 (19),67.3,Hatchback,111 g/km,BLACK,1.0,Euro 6,£199,"£23,700",,
154,E Class,Petrol,2.0L,Automatic,"39,850 miles",2,181 bhp,2016 (66),42.2,Convertible,153 g/km,WHITE,1.0,Euro 6,£199,"£23,650",14-10-2021,
155,C Class,Diesel,2.1L,Automatic,"32,166 miles",4,204 bhp,2017 (17),61.4,Saloon,127 g/km,WHITE,1.0,Euro 6,£199,"£23,600",24-03-2022,
156,C Class,Diesel,2.1L,Automatic,"41,984 miles",4,204 bhp,2017 (17),64.2,Saloon,113 g/km,GREY,2.0,Euro 6,£199,"£23,600",28-10-2022,
157,A Class,Petrol,1.3L,Manual,"50,130 miles",4,161 bhp,2019 (69),44.8,Saloon,134 g/km,BLACK,1.0,Euro 6,£199,"£23,600",,
158,C Class,Diesel,2.1L,Automatic,"43,199 miles",2,168 bhp,2017 (17),67.3,Coupe,109 g/km,BLUE,,Euro 6,£199,"£23,500",14-12-2021,
159,C Class,Diesel,2.1L,Automatic,"47,630 miles",2,201 bhp,2017 (17),65.7,Coupe,112 g/km,WHITE,,Euro 6,£199,"£23,500",30-06-2022,
160,C Class,Diesel,2.1L,Automatic,"37,427 miles",2,168 bhp,2017 (67),61.4,Coupe,122 g/km,BRILLIANT BLUE,1.0,Euro 6,£199,"£23,500",10-09-2022,
161,Gla Class,Petrol,1.6L,Manual,"15,831 miles",5,121 bhp,2018 (68),40.9,Estate,158 g/km,WHITE,1.0,Euro 6,£199,"£23,500",,
162,C Class,Diesel,2.1L,Automatic,"43,848 miles",2,168 bhp,2017 (67),67.3,Coupe,109 g/km,BLACK,2.0,Euro 6,£199,"£23,500",27-09-2022,
163,Cla Class,Diesel,2.1L,Manual,"9,483 miles",4,134 bhp,2018 (18),67.3,Saloon,109 g/km,GREY,1.0,Euro 6,£199,"£23,500",24-06-2022,
164,C Class,Diesel,2.1L,Automatic,"34,328 miles",4,,2017 (17),,Saloon,121 g/km,Silver,,,£199,"£23,500",,
165,E Class,Diesel,2.0L,Automatic,"34,655 miles",4,148 bhp,2018 (18),72.4,Saloon,102 g/km,RED,1.0,Euro 6,£199,"£23,500",12-04-2022,
166,E Class,Diesel,2.0L,Automatic,"54,125 miles",4,191 bhp,2017 (66),65.7,Saloon,112 g/km,BLUE,1.0,Euro 6,£199,"£23,500",31-03-2022,
167,C Class,Diesel,2.1L,Automatic,"34,129 miles",2,201 bhp,2017 (17),65.7,Coupe,112 g/km,GREY,2.0,Euro 6,£199,"£23,500",18-12-2021,
168,C Class,Diesel,2.1L,Automatic,"33,858 miles",2,201 bhp,2016 (16),65.7,Coupe,112 g/km,BLACK,,Euro 6,£199,"£23,400",24-02-2022,
169,E Class,Diesel,3.0L,Automatic,"17,077 miles",2,255 bhp,2016 (66),50.4,Convertible,148 g/km,DIAMOND WHITE,1.0,Euro 6,£199,"£23,300",,
170,C Class,Petrol,2.0L,Automatic,"56,742 miles",4,184 bhp,2018 (68),48.7,Saloon,131 g/km,BLACK,1.0,Euro 6,£199,"£23,200",30-09-2022,
171,Cla Class,Petrol,1.6L,Automatic,"17,988 miles",4,121 bhp,2018 (68),52.3,Saloon,141 g/km,GREY,1.0,Euro 6,£199,"£23,100",,
172,A Class,Diesel,1.5L,Automatic,"23,618 miles",5,114 bhp,2018 (68),67.3,Hatchback,111 g/km,BLACK,1.0,Euro 6,£199,"£23,100",,
173,C Class,Diesel,2.1L,Automatic,"22,088 miles",4,170 bhp,2018 (18),61.4,Saloon,117 g/km,BLACK,1.0,Euro 6,£199,"£23,000",16-07-2022,
174,A Class,Petrol,1.3L,Automatic,"16,430 miles",5,161 bhp,2018 (68),53.3,Hatchback,123 g/km,GREY,1.0,Euro 6,£199,"£23,000",01-10-2022,
175,E Class,Diesel,2.0L,Automatic,"41,282 miles",4,191 bhp,2016 (16),65.7,Saloon,112 g/km,GREY,1.0,Euro 6,£199,"£23,000",07-10-2022,
176,Gla Class,Petrol,1.6L,Automatic,"38,299 miles",5,154 bhp,2018 (68),48.7,Estate,135 g/km,BLACK,1.0,Euro 6,£199,"£23,000",20-09-2022,
177,Gla Class,Petrol,1.6L,Automatic,"33,977 miles",5,121 bhp,2019 (19),44.8,Estate,144 g/km,COSMOS BLACK,1.0,Euro 6,£199,"£23,000",,
178,Cla Class,Petrol,1.6L,Automatic,"25,182 miles",5,121 bhp,2018 (68),52.3,Estate,144 g/km,GREY,1.0,Euro 6,£199,"£22,900",30-10-2022,
179,A Class,Petrol,1.3L,Automatic,"15,967 miles",5,134 bhp,2019 (68),47.9,Hatchback,122 g/km,GREY,1.0,Euro 6,£199,"£22,900",,
180,Cla Class,Petrol,1.6L,Manual,"16,137 miles",4,121 bhp,2018 (68),51.4,Saloon,152 g/km,RED,1.0,Euro 6,£199,"£22,900",31-10-2022,
181,C Class,Diesel,1.6L,Automatic,"13,121 miles",4,136 bhp,2018 (67),65.7,Saloon,111 g/km,BLUE,,Euro 6,£199,"£22,900",18-01-2022,
182,C Class,Diesel,2.1L,Automatic,"47,172 miles",2,168 bhp,2016 (16),67.3,Coupe,109 g/km,WHITE,,Euro 6,£199,"£22,900",23-05-2022,
183,C Class,Diesel,2.1L,Automatic,"37,989 miles",2,168 bhp,2017 (17),67.3,Coupe,109 g/km,SILVER,,Euro 6,£199,"£22,850",29-06-2022,
184,C Class,Diesel,2.1L,Automatic,"40,404 miles",2,201 bhp,2016 (66),58.9,Convertible,123 g/km,BLACK,2.0,Euro 6,£199,"£22,800",21-09-2022,
185,E Class,Diesel,2.0L,Automatic,"26,241 miles",4,191 bhp,2017 (17),72.4,Saloon,102 g/km,WHITE,,Euro 6,£199,"£22,800",,
186,Gla Class,Petrol,1.6L,Automatic,"36,289 miles",5,121 bhp,2018 (68),44.8,Estate,144 g/km,JUPITER RED,1.0,Euro 6,£199,"£22,800",,
187,A Class,Petrol,2.0L,Automatic,"30,878 miles",5,221 bhp,2018 (68),45.6,Hatchback,141 g/km,SILVER,1.0,Euro 6,£199,"£22,800",27-09-2022,
188,C Class,Diesel,2.1L,Automatic,"30,134 miles",4,170 bhp,2018 (18),61.4,Saloon,117 g/km,SILVER,1.0,Euro 6,£199,"£22,700",28-10-2022,
189,Gla Class,Diesel,2.1L,Automatic,"28,914 miles",5,134 bhp,2018 (18),67.3,Estate,108 g/km,BRONZE,2.0,Euro 6,£199,"£22,700",13-09-2022,
190,A Class,Petrol,1.6L,Manual,"15,242 miles",5,121 bhp,2018 (18),49.6,Hatchback,134 g/km,WHITE,1.0,Euro 6,£199,"£22,610",29-07-2022,
191,Gla Class,Petrol,1.6L,Manual,"10,595 miles",5,121 bhp,2019 (69),40.9,Estate,158 g/km,RED,1.0,Euro 6,£199,"£22,600",,
192,Gla Class,Diesel,2.1L,Automatic,"32,326 miles",5,134 bhp,2018 (68),58.9,Estate,127 g/km,BLACK,1.0,Euro 6,£199,"£22,600",27-09-2022,
193,C Class,Diesel,2.1L,Automatic,"21,368 miles",4,170 bhp,2018 (18),61.4,Saloon,117 g/km,SILVER,2.0,Euro 6,£199,"£22,500",28-06-2022,
194,A Class,Petrol,1.3L,Automatic,"20,126 miles",5,161 bhp,2018 (68),53.3,Hatchback,123 g/km,WHITE,1.0,Euro 6,£199,"£22,500",27-09-2022,
195,C Class,Diesel,2.1L,Automatic,"26,483 miles",5,170 bhp,2018 (18),60.1,Estate,120 g/km,BLUE,1.0,Euro 6,£199,"£22,500",29-04-2022,
196,A Class,Petrol,1.3L,Automatic,"22,730 miles",5,161 bhp,2018 (68),53.3,Hatchback,123 g/km,RED,1.0,Euro 6,£199,"£22,400",27-09-2022,
197,Gla Class,Diesel,2.1L,Automatic,"41,100 miles",5,134 bhp,2019 (19),58.9,Estate,127 g/km,GREY,1.0,Euro 6,£199,"£22,400",24-10-2022,
198,E Class,Diesel,2.0L,Automatic,"47,791 miles",4,191 bhp,2017 (17),65.7,Saloon,112 g/km,SILVER,2.0,Euro 6,£199,"£22,400",21-07-2022,
199,E Class,Diesel,2.0L,Automatic,"30,754 miles",4,191 bhp,2017 (17),72.4,Saloon,102 g/km,BLACK,2.0,Euro 6,£199,"£22,350",24-09-2022,
200,C Class,Diesel,1.6L,Automatic,"23,292 miles",4,136 bhp,2017 (67),64.2,Saloon,114 g/km,GREY,1.0,Euro 6,£199,"£22,300",,
201,A Class,Petrol,1.3L,Automatic,"25,251 miles",5,161 bhp,2018 (68),53.3,Hatchback,123 g/km,GREY,1.0,Euro 6,£199,"£22,300",06-09-2022,
202,E Class,Diesel,2.0L,Automatic,"47,186 miles",4,191 bhp,2017 (67),65.7,Saloon,112 g/km,BLACK,2.0,Euro 6,£199,"£22,200",16-09-2022,
203,C Class,Diesel,2.1L,Automatic,"75,175 miles",2,168 bhp,2017 (66),67.3,Coupe,109 g/km,BLACK,2.0,Euro 6,£199,"£22,200",02-01-2022,
204,Gla Class,Petrol,1.6L,Manual,"28,890 miles",5,121 bhp,2019 (19),40.9,Estate,158 g/km,MOUNTAIN GREY,1.0,Euro 6,£199,"£22,200",,
205,E Class,Diesel,2.0L,Automatic,"49,353 miles",4,191 bhp,2016 (66),65.7,Saloon,112 g/km,BLACK,,Euro 6,£199,"£22,200",,
206,C Class,Diesel,2.1L,Automatic,"40,086 miles",4,170 bhp,2017 (67),61.4,Saloon,117 g/km,BLUE,1.0,Euro 6,£199,"£22,150",08-08-2022,
207,Gla Class,Petrol,1.6L,Manual,"24,860 miles",5,154 bhp,2018 (68),48.7,Estate,134 g/km,WHITE,1.0,Euro 6,£199,"£22,100",29-09-2022,
208,C Class,Diesel,2.1L,Automatic,"20,743 miles",4,170 bhp,2018 (18),61.4,Saloon,117 g/km,SILVER,,Euro 6,£199,"£22,000",28-03-2022,
209,E Class,Diesel,2.0L,Automatic,"48,513 miles",5,191 bhp,2017 (17),61.4,Estate,120 g/km,GREY,2.0,Euro 6,£199,"£22,000",24-06-2022,
210,A Class,Petrol,1.3L,Manual,"23,812 miles",5,134 bhp,2018 (68),45.6,Hatchback,129 g/km,WHITE,1.0,Euro 6,£199,"£22,000",,
211,C Class,Petrol,2.0L,Automatic,"39,860 miles",5,184 bhp,2018 (18),47.9,Estate,138 g/km,WHITE,2.0,Euro 6,£199,"£22,000",30-05-2022,
212,C Class,Diesel,2.1L,Automatic,"20,461 miles",4,170 bhp,2018 (18),61.4,Saloon,117 g/km,SILVER,1.0,Euro 6,£199,"£22,000",30-07-2022,
213,Gla,Petrol,1.6L,Manual,"26,059 miles",5,154 bhp,2018 (68),47.1,Estate,138 g/km,WHITE,1.0,Euro 6,£199,"£22,000",13-09-2022,
214,Gla Class,Petrol,1.6L,Manual,"13,135 miles",5,154 bhp,2018 (68),48.7,Estate,134 g/km,WHITE,1.0,Euro 6,£199,"£21,900",,
215,C Class,Diesel,2.1L,Automatic,"27,722 miles",5,170 bhp,2017 (17),60.1,Estate,120 g/km,SILVER,1.0,Euro 6,£199,"£21,900",30-11-2021,
216,E Class,Diesel,2.0L,Automatic,"63,697 miles",5,191 bhp,2017 (67),65.7,Estate,126 g/km,BLACK,1.0,Euro 6,£199,"£21,900",25-10-2022,
217,A Class,Diesel,1.5L,Automatic,"25,012 miles",5,114 bhp,2019 (68),65.7,Hatchback,111 g/km,BLACK,1.0,Euro 6,£199,"£21,900",,
218,E Class,Diesel,2.0L,Automatic,"33,891 miles",4,148 bhp,2017 (67),72.4,Saloon,102 g/km,GREY,1.0,Euro 6,£199,"£21,800",10-11-2022,
219,A Class,Diesel,1.5L,Automatic,"18,143 miles",5,114 bhp,2018 (68),65.7,Hatchback,111 g/km,BLACK,1.0,Euro 6,£199,"£21,800",30-10-2022,
220,C Class,Petrol,2.0L,Manual,"34,056 miles",2,181 bhp,2016 (66),49.6,Coupe,132 g/km,BLACK,2.0,Euro 6,£199,"£21,800",30-01-2022,
221,E Class,Diesel,2.0L,Automatic,"62,562 miles",4,191 bhp,2018 (68),72.4,Saloon,102 g/km,GREY,1.0,Euro 6,£199,"£21,750",07-07-2022,
222,C Class,Diesel,2.1L,Automatic,"32,077 miles",4,170 bhp,2017 (17),61.4,Saloon,117 g/km,GREY,2.0,Euro 6,£199,"£21,750",16-09-2022,
223,C Class,Diesel,2.1L,Automatic,"33,472 miles",5,170 bhp,2018 (18),60.1,Estate,120 g/km,BLUE,1.0,Euro 6,£199,"£21,750",30-07-2022,
224,A Class,Petrol,1.3L,Automatic,"22,722 miles",5,134 bhp,2019 (19),46.3,Hatchback,122 g/km,GREY,1.0,Euro 6,£199,"£21,710",,
225,SLC,Petrol,2.0L,Automatic,"64,464 miles",2,181 bhp,2017 (67),47.9,Convertible,137 g/km,BLUE,1.0,Euro 6,£199,"£21,700",31-08-2022,
226,C Class,Diesel,2.1L,Automatic,"25,337 miles",5,204 bhp,2017 (17),60.1,Estate,121 g/km,BLACK,2.0,Euro 6,£199,"£21,500",14-07-2022,
227,A Class,Petrol,1.3L,Automatic,"30,320 miles",5,161 bhp,2018 (68),53.3,Hatchback,123 g/km,WHITE,1.0,Euro 6,£199,"£21,500",27-09-2022,
228,E Class,Diesel,2.0L,Automatic,"39,247 miles",4,191 bhp,2017 (17),72.4,Saloon,102 g/km,BLUE,2.0,Euro 6,£199,"£21,500",30-03-2022,
229,C Class,Petrol,2.0L,Automatic,"13,950 miles",4,184 bhp,2017 (17),50.4,Saloon,126 g/km,GREY,2.0,Euro 6,£199,"£21,400",07-11-2022,
230,C Class,Diesel,1.6L,Automatic,"27,611 miles",4,136 bhp,2018 (67),65.7,Saloon,111 g/km,BLUE,,Euro 6,£199,"£21,400",15-02-2022,
231,A Class,Diesel,1.5L,Automatic,"22,727 miles",5,114 bhp,2018 (68),65.7,Hatchback,111 g/km,GREY,1.0,Euro 6,£199,"£21,400",,
232,C Class,Diesel,2.1L,Automatic,"50,026 miles",2,201 bhp,2016 (16),65.7,Coupe,112 g/km,BLUE,2.0,Euro 6,£199,"£21,400",19-01-2022,
233,A Class,Diesel,1.5L,Manual,"13,727 miles",5,114 bhp,2019 (69),61.4,Hatchback,106 g/km,BLACK,1.0,Euro 6,£199,"£21,300",,
234,Gla,Diesel,2.1L,Automatic,"38,598 miles",5,134 bhp,2017 (67),58.9,Estate,127 g/km,BLACK,1.0,Euro 6,£199,"£21,300",23-11-2021,
235,C Class,Diesel,2.1L,Automatic,"29,360 miles",4,170 bhp,2018 (18),61.4,Saloon,117 g/km,SILVER,1.0,Euro 6,£199,"£21,250",28-06-2022,
236,A Class,Diesel,1.5L,Automatic,"15,741 miles",5,114 bhp,2018 (68),65.7,Hatchback,111 g/km,GREY,1.0,Euro 6,£199,"£21,250",,
237,Gla Class,Petrol,1.6L,Manual,"9,563 miles",5,121 bhp,2019 (19),40.9,Estate,158 g/km,WHITE,1.0,Euro 6,£199,"£21,200",,
238,Gla Class,Diesel,2.1L,Automatic,"66,545 miles",5,134 bhp,2018 (68),58.9,Estate,127 g/km,RED,1.0,Euro 6,£199,"£21,200",24-08-2022,
239,Gla Class,Diesel,2.1L,Manual,"26,912 miles",5,134 bhp,2018 (18),67.3,Estate,110 g/km,BLACK,1.0,Euro 6,£199,"£21,200",30-07-2022,
240,C Class,Diesel,2.1L,Automatic,"38,646 miles",5,170 bhp,2017 (67),60.1,Estate,120 g/km,SILVER,,Euro 6,£199,"£21,100",04-06-2022,
241,Gla Class,Diesel,2.1L,Automatic,"37,560 miles",5,134 bhp,2018 (18),67.3,Estate,108 g/km,BLACK,2.0,Euro 6,£199,"£21,100",30-08-2022,
242,Gla Class,Diesel,2.1L,Automatic,"42,165 miles",5,134 bhp,2017 (67),64.2,Estate,115 g/km,BLACK,2.0,Euro 6,£199,"£21,100",30-11-2021,
243,C Class,Diesel,2.1L,Automatic,"39,713 miles",4,170 bhp,2018 (18),61.4,Saloon,117 g/km,SILVER,,Euro 6,£199,"£21,000",25-02-2022,
244,E Class,Diesel,2.0L,Automatic,"60,500 miles",4,148 bhp,2017 (17),65.7,Saloon,112 g/km,WHITE,2.0,Euro 6,£199,"£21,000",18-08-2022,
245,C Class,Diesel,2.1L,Automatic,"25,259 miles",4,170 bhp,2017 (17),61.4,Saloon,117 g/km,BLACK,1.0,Euro 6,£199,"£21,000",,
246,A Class,Diesel,1.5L,Automatic,"24,201 miles",5,114 bhp,2018 (68),65.7,Hatchback,111 g/km,BLACK,2.0,Euro 6,£199,"£21,000",,
247,A Class,Diesel,1.5L,Automatic,"23,553 miles",5,114 bhp,2018 (68),65.7,Hatchback,111 g/km,GREY,1.0,Euro 6,£199,"£21,000",29-09-2022,
248,C Class,Diesel,2.1L,Automatic,"26,747 miles",2,168 bhp,2016 (66),67.3,Coupe,109 g/km,BLUE,2.0,Euro 6,£199,"£21,000",29-09-2022,
249,A Class,Diesel,1.5L,Automatic,"14,225 miles",5,114 bhp,2018 (68),65.7,Hatchback,111 g/km,WHITE,1.0,Euro 6,£199,"£21,000",28-09-2022,
250,C Class,Diesel,2.1L,Automatic,"30,251 miles",4,170 bhp,2018 (18),61.4,Saloon,117 g/km,BLUE,2.0,Euro 6,£199,"£21,000",14-03-2022,
251,A Class,Petrol,1.3L,Automatic,"42,651 miles",5,161 bhp,2018 (68),53.3,Hatchback,123 g/km,SILVER,1.0,Euro 6,£199,"£21,000",18-11-2022,
252,Cla Class,Petrol,1.6L,Automatic,"14,014 miles",4,121 bhp,2018 (18),53.3,Saloon,122 g/km,RED,1.0,Euro 6,£199,"£21,000",16-07-2022,
253,Gla Class,Diesel,2.1L,Automatic,"49,919 miles",5,134 bhp,2018 (18),67.3,Estate,108 g/km,SILVER,1.0,Euro 6,£199,"£20,800",20-06-2022,
254,E Class,Diesel,2.0L,Automatic,"58,254 miles",4,191 bhp,2016 (16),65.7,Saloon,112 g/km,SILVER,,Euro 6,£199,"£20,800",30-11-2021,
255,Gla Class,Petrol,1.6L,Automatic,"59,891 miles",5,121 bhp,2018 (68),44.8,Estate,144 g/km,GREY,1.0,Euro 6,£199,"£20,800",25-10-2022,
256,Gla,Petrol,1.6L,Manual,"46,751 miles",5,154 bhp,2017 (17),48.7,Estate,134 g/km,BLUE,2.0,Euro 6,£199,"£20,750",15-12-2021,
257,E Class,Diesel,2.0L,Automatic,"54,247 miles",4,191 bhp,2017 (17),72.4,Saloon,102 g/km,BLUE,,Euro 6,£199,"£20,700",03-05-2022,
258,C Class,Diesel,2.1L,Automatic,"39,236 miles",4,170 bhp,2017 (17),64.2,Saloon,112 g/km,WHITE,1.0,Euro 6,£199,"£20,700",03-09-2022,
259,Cla Class,Petrol,1.6L,Automatic,"29,763 miles",4,121 bhp,2016 (66),53.3,Saloon,122 g/km,COSMOS BLACK,2.0,Euro 6,£199,"£20,600",23-02-2022,
260,Cla Class,Petrol,1.6L,Manual,"24,277 miles",5,121 bhp,2018 (68),48.7,Estate,134 g/km,WHITE,1.0,Euro 6,£199,"£20,550",,
261,C Class,Petrol,2.0L,Automatic,"39,269 miles",5,184 bhp,2018 (18),49.6,Estate,128 g/km,GREY,1.0,Euro 6,£199,"£20,500",26-04-2022,
262,C Class,Diesel,2.1L,Automatic,"21,121 miles",2,168 bhp,2016 (16),68.9,Coupe,106 g/km,BLACK,,Euro 6,£199,"£20,500",02-11-2021,
263,Gla Class,Diesel,2.1L,Automatic,"54,496 miles",5,134 bhp,2017 (67),67.3,Estate,108 g/km,GREY,2.0,Euro 6,£199,"£20,500",06-06-2022,
264,C Class,Diesel,2.1L,Automatic,"51,550 miles",2,201 bhp,2016 (16),65.7,Coupe,112 g/km,WHITE,2.0,Euro 6,£199,"£20,500",29-09-2022,
265,C Class,Diesel,2.1L,Automatic,"22,286 miles",4,170 bhp,2017 (17),61.4,Saloon,117 g/km,SILVER,2.0,Euro 6,£199,"£20,500",04-09-2022,
266,Gla Class,Petrol,1.6L,Manual,"39,979 miles",5,154 bhp,2018 (18),48.7,Estate,134 g/km,WHITE,1.0,Euro 6,£199,"£20,500",09-08-2022,
267,A Class,Petrol,1.6L,Automatic,"20,710 miles",5,121 bhp,2018 (18),52.3,Hatchback,126 g/km,BLACK,2.0,Euro 6,£199,"£20,500",30-06-2022,
268,Gla Class,Petrol,1.6L,Manual,"38,431 miles",5,154 bhp,2018 (68),48.7,Estate,134 g/km,GREY,1.0,Euro 6,£199,"£20,500",,
269,Gla Class,Diesel,2.1L,Manual,"22,455 miles",5,134 bhp,2018 (18),64.2,Estate,115 g/km,BLACK,1.0,Euro 6,£199,"£20,500",30-03-2022,
270,C Class,Diesel,2.1L,Automatic,"48,998 miles",5,170 bhp,2017 (17),61.4,Estate,118 g/km,BLACK,2.0,Euro 6,£199,"£20,500",,
271,C Class,Diesel,2.1L,Automatic,"39,191 miles",2,168 bhp,2016 (66),67.3,Coupe,109 g/km,SILVER,1.0,Euro 6,£199,"£20,500",15-09-2022,
272,C Class,Hybrid Petrol,2.0L,Automatic,"58,138 miles",5,,2018 (18),,Estate,49 g/km,BLACK,1.0,Euro 6,£199,"£20,400",12-08-2022,
273,C Class,Diesel,2.1L,Automatic,"73,571 miles",2,201 bhp,2016 (66),65.7,Coupe,112 g/km,BLUE,2.0,Euro 6,£199,"£20,400",25-10-2022,
274,A Class,Diesel,1.5L,Automatic,"21,728 miles",5,114 bhp,2018 (68),65.7,Hatchback,111 g/km,WHITE,1.0,Euro 6,£199,"£20,400",,
275,Gla Class,Petrol,1.6L,Manual,"50,171 miles",5,154 bhp,2018 (68),48.7,Estate,134 g/km,SILVER,1.0,Euro 6,£199,"£20,300",09-06-2022,
276,Gla Class,Diesel,2.1L,Automatic,"35,909 miles",5,174 bhp,2016 (16),56.5,Estate,130 g/km,SILVER,2.0,Euro 6,£199,"£20,300",25-03-2022,
277,C Class,Diesel,2.1L,Automatic,"40,748 miles",4,170 bhp,2018 (18),61.4,Saloon,117 g/km,SILVER,2.0,Euro 6,£199,"£20,250",10-05-2022,
278,C Class,Diesel,2.1L,Automatic,"41,133 miles",4,170 bhp,2016 (66),64.2,Saloon,113 g/km,BLUE,2.0,Euro 6,£199,"£20,250",28-09-2022,
279,C Class,Diesel,2.1L,Automatic,"34,608 miles",5,170 bhp,2017 (67),64.2,Estate,114 g/km,BLACK,1.0,Euro 6,£199,"£20,250",06-10-2022,
280,Cla Class,Diesel,2.1L,Automatic,"57,895 miles",4,174 bhp,2016 (66),58.9,Saloon,123 g/km,BLACK,2.0,Euro 6,£199,"£20,200",28-11-2021,
281,C Class,Diesel,1.6L,Automatic,"14,075 miles",4,136 bhp,2016 (66),64.2,Saloon,114 g/km,SILVER,1.0,Euro 6,£199,"£20,200",29-09-2021,
282,Gla Class,Diesel,2.1L,Automatic,"56,565 miles",5,134 bhp,2017 (17),67.3,Estate,108 g/km,WHITE,1.0,Euro 6,£199,"£20,200",10-01-2022,
283,Cla Class,Petrol,1.6L,Manual,"35,245 miles",4,121 bhp,2018 (68),51.4,Saloon,152 g/km,WHITE,1.0,Euro 6,£199,"£20,200",27-09-2022,
284,Gla Class,Diesel,2.1L,Automatic,"31,006 miles",5,134 bhp,2017 (17),64.2,Estate,115 g/km,WHITE,2.0,Euro 6,£199,"£20,200",03-11-2022,
285,CLS,Diesel,2.1L,Automatic,"42,902 miles",4,174 bhp,2016 (16),57.7,Coupe,128 g/km,RED,2.0,Euro 6,£199,"£20,200",12-12-2021,
286,Gla Class,Petrol,2.0L,Automatic,"72,419 miles",5,211 bhp,2015 (15),42.8,Estate,154 g/km,BLACK,2.0,Euro 6,£199,"£20,100",05-07-2022,
287,Cla Class,Petrol,1.6L,Manual,"25,158 miles",4,121 bhp,2018 (18),51.4,Saloon,152 g/km,SILVER,1.0,Euro 6,£199,"£20,100",30-07-2022,
288,A Class,Diesel,2.1L,Automatic,"29,335 miles",5,134 bhp,2017 (17),68.9,Hatchback,108 g/km,WHITE,2.0,Euro 6,£199,"£20,100",,
289,C Class,Diesel,2.1L,Automatic,"57,366 miles",4,170 bhp,2018 (67),61.4,Saloon,117 g/km,BLACK,2.0,Euro 6,£199,"£20,100",28-02-2022,
290,Cla Class,Diesel,2.1L,Automatic,"56,557 miles",5,134 bhp,2018 (18),68.9,Estate,106 g/km,WHITE,,Euro 6,£199,"£20,100",18-03-2022,
291,A Class,Petrol,2.0L,Automatic,"50,880 miles",5,221 bhp,2018 (68),45.6,Hatchback,141 g/km,RED,1.0,Euro 6,£199,"£20,000",,
292,C Class,Diesel,2.1L,Automatic,"45,083 miles",4,170 bhp,2017 (17),64.2,Saloon,113 g/km,SILVER,,Euro 6,£199,"£20,000",08-07-2022,
293,C Class,Petrol,2.0L,Automatic,"23,681 miles",4,184 bhp,2017 (66),52.3,Saloon,124 g/km,SILVER,2.0,Euro 6,£199,"£20,000",12-01-2022,
294,Gla Class,Diesel,2.1L,Automatic,"30,415 miles",5,134 bhp,2016 (16),56.5,Estate,130 g/km,WHITE,2.0,Euro 6,£199,"£20,000",31-08-2022,
295,C Class,Diesel,2.0L,Automatic,"27,374 miles",4,191 bhp,2018 (68),61.4,Saloon,121 g/km,BLUE,2.0,Euro 6,£199,"£20,000",,
296,Gla Class,Diesel,2.1L,Manual,"19,676 miles",5,134 bhp,2017 (67),67.3,Estate,110 g/km,BLUE,1.0,Euro 6,£199,"£20,000",31-08-2022,
297,C Class,Diesel,2.1L,Automatic,"46,223 miles",2,168 bhp,2016 (16),68.9,Coupe,106 g/km,SILVER,,Euro 6,£199,"£20,000",04-02-2022,
298,A Class,Diesel,1.5L,Automatic,"21,308 miles",5,114 bhp,2018 (68),65.7,Hatchback,111 g/km,WHITE,1.0,Euro 6,£199,"£20,000",27-09-2022,
299,A Class,Diesel,2.1L,Automatic,"22,598 miles",5,134 bhp,2017 (17),68.9,Hatchback,108 g/km,GREEN,,Euro 6,£199,"£20,000",18-06-2022,
300,Gla Class,Diesel,2.1L,Automatic,"49,172 miles",5,174 bhp,2016 (16),56.5,Estate,130 g/km,BLACK,,Euro 6,£199,"£20,000",07-10-2022,
301,C Class,Diesel,2.1L,Automatic,"42,552 miles",5,170 bhp,2017 (17),60.1,Estate,120 g/km,BLUE,2.0,Euro 6,£199,"£20,000",30-03-2022,
302,A Class,Diesel,1.5L,Automatic,"38,258 miles",5,114 bhp,2018 (68),65.7,Hatchback,111 g/km,GREY,1.0,Euro 6,£199,"£20,000",,
303,C Class,Diesel,2.1L,Automatic,"59,632 miles",4,170 bhp,2016 (66),64.2,Saloon,113 g/km,SILVER,,Euro 6,£199,"£20,000",17-02-2022,
304,Gla Class,Petrol,1.6L,Manual,"39,253 miles",5,154 bhp,2018 (18),48.7,Estate,134 g/km,WHITE,1.0,Euro 6,£199,"£20,000",23-07-2022,
305,Gla Class,Diesel,2.1L,Automatic,"32,255 miles",5,174 bhp,2016 (16),56.5,Estate,130 g/km,SILVER,2.0,Euro 6,£199,"£20,000",21-03-2022,
306,Gla Class,Diesel,2.1L,Automatic,"50,469 miles",5,134 bhp,2017 (67),64.2,Estate,115 g/km,GREY,,Euro 6,£199,"£20,000",22-03-2022,
307,C Class,Diesel,2.1L,Automatic,"57,460 miles",4,170 bhp,2016 (66),64.2,Saloon,113 g/km,SILVER,2.0,Euro 6,£199,"£20,000",03-10-2022,
308,C Class,Diesel,2.1L,Automatic,"61,089 miles",4,170 bhp,2017 (67),61.4,Saloon,117 g/km,BLACK,2.0,Euro 6,£199,"£20,000",29-09-2022,
309,C Class,Diesel,2.1L,Automatic,"53,377 miles",5,170 bhp,2015 (65),61.4,Estate,118 g/km,WHITE,2.0,Euro 6,£199,"£19,950",07-11-2021,
310,C Class,Diesel,2.1L,Automatic,"57,771 miles",5,170 bhp,2016 (16),61.4,Estate,118 g/km,WHITE,2.0,Euro 6,£199,"£19,950",08-06-2022,
311,C Class,Diesel,2.1L,Automatic,"50,827 miles",4,170 bhp,2016 (65),64.2,Saloon,113 g/km,GREY,,Euro 6,£199,"£19,900",15-01-2022,
312,E Class,Diesel,2.1L,Automatic,"33,087 miles",2,174 bhp,2016 (16),56.5,Convertible,133 g/km,WHITE,,Euro 6,£199,"£19,900",06-07-2022,
313,A Class,Diesel,2.1L,Automatic,"65,106 miles",5,174 bhp,2017 (17),67.3,Hatchback,109 g/km,RED,1.0,Euro 6,£199,"£19,900",07-10-2022,
314,C Class,Diesel,2.1L,Automatic,"45,527 miles",5,170 bhp,2017 (17),64.2,Estate,114 g/km,BLACK,2.0,Euro 6,£199,"£19,800",20-07-2022,
315,Gla,Petrol,2.0L,Automatic,"73,365 miles",5,208 bhp,2017 (67),42.8,Estate,155 g/km,GREY,1.0,Euro 6,£199,"£19,800",18-10-2022,
316,Gla Class,Petrol,1.6L,Manual,"25,714 miles",5,154 bhp,2018 (18),48.7,Estate,134 g/km,WHITE,1.0,Euro 6,£199,"£19,750",16-08-2022,
317,Gla Class,Diesel,2.1L,Automatic,"43,839 miles",5,134 bhp,2017 (67),67.3,Estate,108 g/km,BLUE,2.0,Euro 6,£199,"£19,750",29-12-2021,
318,A Class,Petrol,1.6L,Automatic,"47,211 miles",5,121 bhp,2018 (18),52.3,Hatchback,126 g/km,SILVER,2.0,Euro 6,£199,"£19,700",30-05-2022,
319,Gla Class,Diesel,2.1L,Automatic,"42,722 miles",5,168 bhp,2015 (65),55.4,Estate,132 g/km,GREY,,Euro 6,£199,"£19,700",05-10-2022,
320,Cla Class,Petrol,1.6L,Manual,"27,134 miles",4,121 bhp,2018 (68),51.4,Saloon,152 g/km,WHITE,1.0,Euro 6,£199,"£19,700",23-09-2022,
321,C Class,Diesel,1.6L,Automatic,"38,961 miles",4,136 bhp,2017 (67),65.7,Saloon,111 g/km,BLACK,1.0,Euro 6,£199,"£19,600",15-12-2021,
322,Cla Class,Petrol,1.6L,Manual,"41,435 miles",4,121 bhp,2018 (18),51.4,Saloon,152 g/km,GREY,1.0,Euro 6,£199,"£19,600",06-09-2022,
323,Cla Class,Petrol,1.6L,Manual,"10,754 miles",4,121 bhp,2018 (18),51.4,Saloon,128 g/km,WHITE,1.0,Euro 6,£199,"£19,600",28-06-2022,
324,C Class,Diesel,1.6L,Manual,"19,610 miles",4,136 bhp,2016 (16),68.9,Saloon,106 g/km,RED,2.0,Euro 6,£199,"£19,600",01-08-2022,
325,A Class,Diesel,2.1L,Automatic,"32,813 miles",5,134 bhp,2017 (17),68.9,Hatchback,108 g/km,WHITE,2.0,Euro 6,£199,"£19,550",06-01-2022,
326,C Class,Diesel,1.6L,Automatic,"10,399 miles",4,136 bhp,2016 (66),65.7,Saloon,111 g/km,SILVER,1.0,Euro 6,£199,"£19,500",22-12-2021,
327,E Class,Diesel,2.1L,Automatic,"38,489 miles",2,174 bhp,2016 (16),56.5,Convertible,133 g/km,WHITE,2.0,Euro 6,£199,"£19,500",21-06-2022,
328,C Class,Diesel,1.6L,Automatic,"32,198 miles",4,136 bhp,2017 (17),64.2,Saloon,114 g/km,SILVER,2.0,Euro 6,£199,"£19,500",23-09-2022,
329,B Class,Petrol,1.6L,Automatic,"18,537 miles",5,121 bhp,2018 (68),50.4,MPV,129 g/km,GREY,1.0,Euro 6,£199,"£19,500",,
330,C Class,Diesel,2.1L,Automatic,"50,487 miles",4,170 bhp,2015 (65),64.2,Saloon,113 g/km,BLACK,2.0,Euro 6,£199,"£19,500",22-10-2022,
331,C Class,Diesel,2.1L,Automatic,"69,647 miles",4,204 bhp,2016 (66),64.2,Saloon,113 g/km,BLACK,,Euro 6,£199,"£19,500",25-01-2022,
332,C Class,Petrol,2.0L,Automatic,"32,975 miles",4,184 bhp,2016 (16),51.4,Saloon,127 g/km,SILVER,2.0,Euro 6,£199,"£19,500",26-11-2021,
333,CLS,Diesel,3.0L,Automatic,"49,854 miles",4,255 bhp,2014 (64),52.3,Coupe,142 g/km,BLACK,,Euro 6,£199,"£19,500",09-11-2022,
334,A Class,Diesel,2.1L,Automatic,"54,662 miles",5,134 bhp,2016 (66),68.9,Hatchback,108 g/km,WHITE,2.0,Euro 6,£199,"£19,500",27-09-2022,
335,A Class,Diesel,2.1L,Automatic,"29,732 miles",5,134 bhp,2017 (67),68.9,Hatchback,108 g/km,BLUE,2.0,Euro 6,£199,"£19,400",,
336,Gla Class,Diesel,2.1L,Manual,"47,717 miles",5,134 bhp,2017 (67),67.3,Estate,110 g/km,WHITE,1.0,Euro 6,£199,"£19,400",17-10-2022,
337,A Class,Petrol,1.6L,Manual,"16,169 miles",5,102 bhp,2018 (18),51.4,Hatchback,126 g/km,BLACK,1.0,Euro 6,£199,"£19,400",25-04-2022,
338,C Class,Hybrid Petrol,2.0L,Automatic,"44,377 miles",4,,2017 (17),,Saloon,48 g/km,SILVER,1.0,Euro 6,£199,"£19,300",14-03-2022,
339,C Class,Diesel,2.1L,Manual,"34,011 miles",4,170 bhp,2018 (18),68.9,Saloon,106 g/km,BLACK,1.0,Euro 6,£199,"£19,250",28-05-2022,
340,A Class,Petrol,1.6L,Manual,"26,055 miles",5,154 bhp,2017 (17),49.6,Hatchback,134 g/km,WHITE,2.0,Euro 6,£199,"£19,200",07-06-2022,
341,A Class,Petrol,1.6L,Automatic,"41,328 miles",5,,2016 (66),,Hatchback,126 g/km,Grey,,,£199,"£19,200",,
342,Gla Class,Diesel,2.1L,Automatic,"43,884 miles",5,,2015 (65),,SUV,130 g/km,White,2.0,,£199,"£19,200",,
343,C Class,Petrol,1.6L,Automatic,"60,773 miles",4,154 bhp,2019 (69),38.2,Saloon,145 g/km,BLACK,1.0,Euro 6,£199,"£19,100",,
344,C Class,Diesel,2.1L,Automatic,"32,298 miles",5,170 bhp,2017 (17),64.2,Estate,114 g/km,BLUE,1.0,Euro 6,£199,"£19,100",,
345,C Class,Diesel,2.1L,Automatic,"62,229 miles",4,170 bhp,2016 (66),64.2,Saloon,113 g/km,SILVER,,Euro 6,£199,"£19,100",27-05-2022,
346,C Class,Diesel,2.1L,Automatic,"54,382 miles",4,170 bhp,2018 (18),61.4,Saloon,117 g/km,SILVER,,Euro 6,£199,"£19,100",20-06-2022,
347,C Class,Diesel,2.1L,Automatic,"38,611 miles",4,170 bhp,2017 (17),61.4,Saloon,117 g/km,SILVER,2.0,Euro 6,£199,"£19,100",18-02-2022,
348,C Class,Diesel,1.6L,Automatic,"42,494 miles",4,136 bhp,2016 (66),64.2,Saloon,114 g/km,BLACK,,Euro 6,£199,"£19,100",19-10-2022,
349,A Class,Petrol,1.6L,Automatic,"38,486 miles",5,121 bhp,2018 (67),53.3,Hatchback,124 g/km,WHITE,1.0,Euro 6,£199,"£19,000",08-02-2022,
350,A Class,Diesel,2.1L,Manual,"20,775 miles",5,,2017 (67),,Hatchback,111 g/km,Grey,2.0,,£199,"£19,000",,
351,C Class,Diesel,2.1L,Automatic,"57,013 miles",4,170 bhp,2017 (17),61.4,Saloon,117 g/km,SILVER,1.0,Euro 6,£199,"£19,000",,
352,A Class,Diesel,1.5L,Automatic,"27,823 miles",5,114 bhp,2018 (68),68.9,Hatchback,108 g/km,WHITE,1.0,Euro 6,£199,"£19,000",09-09-2022,
353,A Class,Petrol,1.6L,Manual,"10,746 miles",5,102 bhp,2018 (18),51.4,Hatchback,126 g/km,WHITE,1.0,Euro 6,£199,"£19,000",29-04-2022,
354,Gla Class,Diesel,2.1L,Manual,"41,173 miles",5,134 bhp,2017 (17),64.2,Estate,115 g/km,WHITE,1.0,Euro 6,£199,"£19,000",16-08-2022,
355,A Class,Diesel,2.1L,Automatic,"31,320 miles",5,134 bhp,2017 (17),68.9,Hatchback,108 g/km,BLUE,2.0,Euro 6,£199,"£19,000",05-10-2022,
356,C Class,Diesel,2.1L,Automatic,"44,141 miles",4,170 bhp,2017 (67),64.2,Saloon,112 g/km,SILVER,1.0,Euro 6,£199,"£19,000",10-10-2022,
357,Gla Class,Diesel,2.1L,Manual,"22,689 miles",5,134 bhp,2017 (17),67.3,Estate,110 g/km,RED,1.0,Euro 6,£199,"£19,000",29-08-2022,
358,Cla Class,Diesel,2.1L,Manual,"23,330 miles",4,134 bhp,2018 (18),67.3,Saloon,109 g/km,RED,1.0,Euro 6,£199,"£19,000",31-10-2022,
359,C Class,Diesel,2.1L,Automatic,"67,299 miles",5,170 bhp,2016 (16),61.4,Estate,118 g/km,BLACK,2.0,Euro 6,£199,"£18,950",12-03-2022,
360,A Class,Diesel,2.1L,Automatic,"54,199 miles",5,134 bhp,2017 (17),68.9,Hatchback,108 g/km,GREY,1.0,Euro 6,£199,"£18,900",09-07-2022,
361,Gla Class,Diesel,2.1L,Manual,"36,843 miles",5,134 bhp,2017 (17),67.3,Estate,110 g/km,WHITE,1.0,Euro 6,£199,"£18,900",02-09-2022,
362,Gla Class,Petrol,1.6L,Manual,"23,920 miles",5,154 bhp,2017 (17),48.7,Estate,134 g/km,WHITE,1.0,Euro 6,£199,"£18,900",24-08-2022,
363,C Class,Petrol,2.0L,Automatic,"29,010 miles",4,184 bhp,2016 (16),52.3,Saloon,124 g/km,RED,,Euro 6,£199,"£18,900",19-08-2022,
364,Gla Class,Diesel,2.1L,Automatic,"60,693 miles",5,168 bhp,2015 (65),55.4,Estate,132 g/km,BLACK,2.0,Euro 6,£199,"£18,900",29-11-2021,
365,C Class,Diesel,2.1L,Automatic,"57,077 miles",4,170 bhp,2017 (66),64.2,Saloon,113 g/km,BLUE,2.0,Euro 6,£199,"£18,900",08-02-2022,
366,C Class,Diesel,2.1L,Automatic,"47,092 miles",5,170 bhp,2014 (64),61.4,Estate,118 g/km,GREY,,Euro 6,£199,"£18,850",14-10-2021,
367,Gla Class,Diesel,2.1L,Manual,"58,812 miles",5,134 bhp,2018 (18),67.3,Estate,110 g/km,BLACK,1.0,Euro 6,£199,"£18,800",07-05-2022,
368,E Class,Diesel,3.0L,Automatic,"30,251 miles",2,255 bhp,2015 (15),50.4,Convertible,146 g/km,BLACK,2.0,Euro 6,£199,"£18,800",28-10-2021,
369,Cla Class,Diesel,2.1L,Automatic,"38,695 miles",4,174 bhp,2015 (65),67.3,Saloon,109 g/km,WHITE,,Euro 6,£199,"£18,800",27-05-2022,
370,A Class,Diesel,1.5L,Automatic,"45,032 miles",5,114 bhp,2018 (68),65.7,Hatchback,111 g/km,GREY,1.0,Euro 6,£199,"£18,750",29-09-2022,
371,A Class,Diesel,2.1L,Automatic,"36,230 miles",5,134 bhp,2018 (18),68.9,Hatchback,108 g/km,WHITE,2.0,Euro 6,£199,"£18,750",,
372,C Class,Diesel,2.1L,Automatic,"55,145 miles",5,170 bhp,2015 (65),61.4,Estate,118 g/km,BLUE,2.0,Euro 6,£199,"£18,700",18-10-2022,
373,B Class,Diesel,2.1L,Automatic,"19,724 miles",5,134 bhp,2017 (66),68.9,MPV,106 g/km,SILVER,2.0,Euro 6,£199,"£18,700",15-12-2021,
374,C Class,Petrol,2.0L,Automatic,"41,978 miles",4,184 bhp,2015 (15),51.4,Saloon,127 g/km,WHITE,,Euro 6,£199,"£18,700",12-07-2022,
375,A Class,Petrol,1.6L,Manual,"17,772 miles",5,102 bhp,2018 (18),51.4,Hatchback,126 g/km,CIRRUS WHITE,1.0,Euro 6,£199,"£18,700",03-05-2022,
376,Cla Class,Diesel,2.1L,Automatic,"40,734 miles",4,174 bhp,2016 (66),67.3,Saloon,109 g/km,BLACK,,Euro 6,£199,"£18,600",08-06-2022,
377,A Class,Diesel,1.5L,Automatic,"53,111 miles",5,107 bhp,2017 (66),74.3,Hatchback,101 g/km,RED,2.0,Euro 6,£199,"£18,600",30-01-2022,
378,A Class,Petrol,1.6L,Manual,"16,894 miles",5,121 bhp,2017 (66),49.6,Hatchback,134 g/km,GREY,2.0,Euro 6,£199,"£18,600",30-01-2022,
379,C Class,Diesel,2.1L,Automatic,"24,761 miles",4,170 bhp,2015 (65),64.2,Saloon,110 g/km,SILVER,,Euro 6,£199,"£18,550",25-09-2022,
380,C Class,Hybrid Petrol,2.0L,Automatic,"62,109 miles",4,,2017 (17),,Saloon,48 g/km,WHITE,1.0,Euro 6,£199,"£18,510",10-08-2022,
381,C Class,Diesel,2.1L,Manual,"54,392 miles",4,170 bhp,2017 (17),68.9,Saloon,106 g/km,BLUE,2.0,Euro 6,£199,"£18,500",13-12-2021,
382,A Class,Petrol,1.6L,Manual,"28,534 miles",5,102 bhp,2018 (67),51.4,Hatchback,126 g/km,BLUE,2.0,Euro 6,£199,"£18,500",25-05-2022,
383,Gla Class,Diesel,2.1L,Automatic,"25,871 miles",5,168 bhp,2015 (15),55.4,Estate,132 g/km,GREY,2.0,Euro 6,£199,"£18,500",03-10-2022,
384,CLS,Diesel,2.1L,Automatic,"40,133 miles",4,174 bhp,2016 (16),57.7,Coupe,128 g/km,BLACK,2.0,Euro 6,£199,"£18,500",11-10-2021,
385,CLS,Diesel,2.1L,Automatic,"41,391 miles",4,174 bhp,2016 (16),57.7,Coupe,128 g/km,BLACK,,Euro 6,£199,"£18,500",21-10-2022,
386,C Class,Diesel,2.1L,Automatic,"38,611 miles",5,204 bhp,2017 (67),62.8,Estate,117 g/km,HYACINTH RED,2.0,Euro 6,£199,"£18,500",19-11-2021,
387,Gla Class,Diesel,2.1L,Automatic,"49,771 miles",5,168 bhp,2015 (65),55.4,Estate,132 g/km,BLUE,,Euro 6,£199,"£18,450",22-09-2022,
388,A Class,Diesel,2.1L,Manual,"36,709 miles",5,134 bhp,2017 (17),62.8,Hatchback,116 g/km,GREY,2.0,Euro 6,£199,"£18,400",27-10-2022,
389,Cla Class,Diesel,2.1L,Manual,"37,659 miles",4,134 bhp,2017 (67),67.3,Saloon,109 g/km,WHITE,1.0,Euro 6,£199,"£18,400",,
390,A Class,Petrol,1.6L,Manual,"23,276 miles",5,102 bhp,2017 (67),51.4,Hatchback,126 g/km,WHITE,1.0,Euro 6,£199,"£18,400",20-09-2022,
391,Gla Class,Diesel,2.1L,Manual,"61,859 miles",5,134 bhp,2017 (67),67.3,Estate,110 g/km,WHITE,1.0,Euro 6,£199,"£18,400",09-08-2022,
392,C Class,Diesel,2.1L,Automatic,"43,808 miles",4,170 bhp,2015 (15),64.2,Saloon,113 g/km,BLUE,2.0,Euro 6,£199,"£18,400",21-08-2022,
393,C Class,Diesel,2.1L,Automatic,"57,653 miles",5,170 bhp,2015 (15),61.4,Estate,118 g/km,WHITE,,Euro 6,£199,"£18,350",25-05-2022,
394,A Class,Diesel,2.1L,Manual,"21,761 miles",5,134 bhp,2018 (18),65.7,Hatchback,111 g/km,GREY,1.0,Euro 6,£199,"£18,300",03-11-2022,
395,C Class,Diesel,2.1L,Automatic,"35,466 miles",4,170 bhp,2017 (66),64.2,Saloon,109 g/km,SILVER,2.0,Euro 6,£199,"£18,300",02-01-2022,
396,A Class,Diesel,2.1L,Automatic,"32,215 miles",5,134 bhp,2017 (17),68.9,Hatchback,108 g/km,SILVER,,Euro 6,£199,"£18,300",18-01-2022,
397,C Class,Diesel,2.1L,Automatic,"40,143 miles",4,170 bhp,2015 (65),64.2,Saloon,113 g/km,BLACK,2.0,Euro 6,£199,"£18,300",,
398,C Class,Diesel,2.1L,Automatic,"40,358 miles",4,170 bhp,2016 (66),65.7,Saloon,109 g/km,BLACK,1.0,Euro 6,£199,"£18,300",22-11-2021,
399,A Class,Diesel,2.1L,Automatic,"36,875 miles",5,134 bhp,2017 (67),68.9,Hatchback,108 g/km,BLUE,1.0,Euro 6,£199,"£18,200",17-11-2022,
400,A Class,Diesel,1.5L,Automatic,"26,939 miles",5,107 bhp,2018 (18),74.3,Hatchback,101 g/km,BLUE,2.0,Euro 6,£199,"£18,200",26-07-2022,
401,A Class,Diesel,2.1L,Automatic,"53,184 miles",5,134 bhp,2016 (65),68.9,Hatchback,108 g/km,WHITE,2.0,Euro 6,£199,"£18,100",19-01-2022,
402,A Class,Diesel,2.1L,Manual,"24,608 miles",5,134 bhp,2017 (67),62.8,Hatchback,116 g/km,WHITE,1.0,Euro 6,£199,"£18,100",,
403,A Class,Diesel,1.5L,Automatic,"32,318 miles",5,107 bhp,2017 (67),74.3,Hatchback,101 g/km,BLACK,,Euro 6,£199,"£18,100",01-10-2022,
404,Gla,Diesel,2.1L,Automatic,"55,849 miles",5,134 bhp,2015 (65),55.4,Estate,132 g/km,WHITE,2.0,Euro 6,£199,"£18,000",27-10-2021,
405,A Class,Diesel,1.5L,Manual,"32,926 miles",5,107 bhp,2017 (17),68.9,Hatchback,107 g/km,BLACK,2.0,Euro 6,£199,"£18,000",13-03-2022,
406,C Class,Diesel,2.1L,Automatic,"62,562 miles",5,170 bhp,2017 (17),60.1,Estate,120 g/km,BLUE,1.0,Euro 6,£199,"£18,000",29-12-2021,
407,A Class,Diesel,2.1L,Automatic,"50,001 miles",5,134 bhp,2017 (67),68.9,Hatchback,108 g/km,GREY,2.0,Euro 6,£199,"£17,900",05-11-2021,
408,C Class,Petrol,2.0L,Manual,"75,756 miles",2,181 bhp,2017 (67),53.3,Coupe,123 g/km,BLUE,1.0,Euro 6,£199,"£17,900",01-11-2022,
409,A Class,Diesel,2.1L,Manual,"29,555 miles",5,134 bhp,2016 (16),62.8,Hatchback,116 g/km,BLUE,,Euro 6,£199,"£17,900",15-07-2022,
410,Cla Class,Petrol,1.6L,Manual,"52,496 miles",4,121 bhp,2018 (68),51.4,Saloon,152 g/km,WHITE,1.0,Euro 6,£199,"£17,900",27-09-2022,
411,A Class,Diesel,1.5L,Automatic,"24,015 miles",5,107 bhp,2017 (67),74.3,Hatchback,101 g/km,WHITE,2.0,Euro 6,£199,"£17,850",10-10-2022,
412,C Class,Diesel,2.1L,Automatic,"71,353 miles",4,170 bhp,2017 (17),61.4,Saloon,117 g/km,SILVER,2.0,Euro 6,£199,"£17,850",12-11-2022,
413,CLS,Diesel,2.1L,Automatic,"65,259 miles",4,174 bhp,2015 (15),56.5,Coupe,129 g/km,BLACK,,Euro 6,£199,"£17,800",13-12-2021,
414,A Class,Diesel,2.1L,Manual,"44,312 miles",5,134 bhp,2017 (17),62.8,Hatchback,116 g/km,WHITE,2.0,Euro 6,£199,"£17,800",03-08-2022,
415,C Class,Diesel,2.1L,Manual,"47,921 miles",4,170 bhp,2016 (65),68.9,Saloon,106 g/km,WHITE,2.0,Euro 6,£199,"£17,800",18-10-2022,
416,E Class,Diesel,2.0L,Automatic,"87,183 miles",4,191 bhp,2017 (17),72.4,Saloon,102 g/km,BLACK,2.0,Euro 6,£199,"£17,800",07-11-2022,
417,A Class,Petrol,1.6L,Automatic,"37,096 miles",5,102 bhp,2018 (67),53.3,Hatchback,124 g/km,BLACK,2.0,Euro 6,£199,"£17,800",,
418,A Class,Petrol,1.6L,Manual,"3,836 miles",5,102 bhp,2018 (18),51.4,Hatchback,126 g/km,WHITE,1.0,Euro 6,£199,"£17,700",17-10-2022,
419,Gla Class,Diesel,2.1L,Automatic,"33,657 miles",5,136 bhp,2015 (15),62.8,Estate,119 g/km,WHITE,2.0,Euro 6,£199,"£17,600",18-05-2022,
420,A Class,Diesel,1.5L,Manual,"57,848 miles",5,107 bhp,2016 (65),68.9,Hatchback,107 g/km,WHITE,,Euro 6,£199,"£17,600",03-09-2022,
421,A Class,Diesel,2.1L,Automatic,"50,200 miles",5,174 bhp,2016 (16),67.3,Hatchback,109 g/km,WHITE,,Euro 6,£199,"£17,600",03-01-2022,
422,A Class,Diesel,1.5L,Automatic,"37,565 miles",5,107 bhp,2018 (18),74.3,Hatchback,101 g/km,BLACK,1.0,Euro 6,£199,"£17,600",24-06-2022,
423,Gla Class,Diesel,2.1L,Automatic,"43,700 miles",5,168 bhp,2014 (64),55.4,Estate,132 g/km,GREY,2.0,Euro 6,£199,"£17,600",18-10-2022,
424,A Class,Diesel,1.5L,Manual,"32,193 miles",5,107 bhp,2017 (17),68.9,Hatchback,107 g/km,BLACK,2.0,Euro 6,£199,"£17,550",27-11-2021,
425,A Class,Diesel,1.5L,Automatic,"56,557 miles",5,114 bhp,2018 (68),68.9,Hatchback,108 g/km,WHITE,1.0,Euro 6,£199,"£17,500",,
426,A Class,Diesel,2.1L,Automatic,"53,497 miles",5,134 bhp,2017 (17),68.9,Hatchback,108 g/km,GREY,2.0,Euro 6,£199,"£17,500",19-07-2022,
427,A Class,Diesel,2.1L,Automatic,"36,408 miles",5,134 bhp,2016 (66),68.9,Hatchback,108 g/km,GREY,2.0,Euro 6,£199,"£17,500",05-09-2022,
428,A Class,Petrol,1.6L,Manual,"15,466 miles",5,102 bhp,2017 (17),51.4,Hatchback,126 g/km,GREY,1.0,Euro 6,£199,"£17,500",28-06-2022,
429,A Class,Diesel,1.5L,Manual,"20,662 miles",5,107 bhp,2016 (16),68.9,Hatchback,107 g/km,BLACK,2.0,Euro 6,£199,"£17,500",30-09-2022,
430,A Class,Diesel,1.5L,Manual,"31,892 miles",5,107 bhp,2017 (67),68.9,Hatchback,107 g/km,WHITE,1.0,Euro 6,£199,"£17,500",20-10-2022,
431,A Class,Diesel,2.1L,Automatic,"34,734 miles",5,134 bhp,2016 (65),68.9,Hatchback,108 g/km,BLACK,,Euro 6,£199,"£17,500",18-10-2022,
432,A Class,Petrol,1.6L,Manual,"16,806 miles",5,121 bhp,2017 (67),50.4,Hatchback,131 g/km,WHITE,2.0,Euro 6,£199,"£17,500",29-11-2021,
433,Gla Class,Diesel,2.1L,Manual,"43,237 miles",5,134 bhp,2016 (16),64.2,Estate,115 g/km,BLACK,2.0,Euro 6,£199,"£17,400",30-03-2022,
434,C Class,Diesel,2.1L,Automatic,"55,046 miles",4,170 bhp,2016 (66),64.2,Saloon,109 g/km,GREY,1.0,Euro 6,£199,"£17,400",10-10-2022,
435,Gla Class,Diesel,2.1L,Automatic,"57,529 miles",5,168 bhp,2015 (15),55.4,Estate,132 g/km,SOUTH SEAS BLUE,2.0,Euro 6,£199,"£17,300",19-05-2022,
436,A Class,Diesel,1.5L,Manual,"35,099 miles",5,107 bhp,2017 (17),68.9,Hatchback,107 g/km,WHITE,2.0,Euro 6,£199,"£17,300",30-09-2022,
437,A Class,Diesel,2.1L,Manual,"30,090 miles",5,134 bhp,2017 (17),62.8,Hatchback,116 g/km,WHITE,1.0,Euro 6,£199,"£17,200",19-09-2022,
438,Gla Class,Diesel,2.1L,Automatic,"55,600 miles",5,174 bhp,2015 (65),56.5,Estate,130 g/km,BLACK,2.0,Euro 6,£199,"£17,100",02-06-2022,
439,A Class,Petrol,1.6L,Automatic,"50,215 miles",5,102 bhp,2018 (18),55.4,Hatchback,119 g/km,SILVER,1.0,Euro 6,£199,"£17,100",22-07-2022,
440,A Class,Diesel,2.1L,Automatic,"38,745 miles",5,134 bhp,2017 (17),68.9,Hatchback,108 g/km,SILVER,2.0,Euro 6,£199,"£17,100",22-03-2022,
441,A Class,Petrol,1.6L,Manual,"30,050 miles",5,102 bhp,2018 (18),51.4,Hatchback,126 g/km,BLACK,2.0,Euro 6,£199,"£17,100",01-04-2022,
442,A Class,Diesel,2.1L,Manual,"27,862 miles",5,134 bhp,2017 (66),62.8,Hatchback,116 g/km,WHITE,2.0,Euro 6,£199,"£17,000",20-01-2022,
443,A Class,Diesel,2.1L,Manual,"34,951 miles",5,134 bhp,2016 (16),62.8,Hatchback,116 g/km,MAUVE/PURPLE,2.0,Euro 6,£199,"£17,000",11-02-2022,
444,Cla Class,Diesel,2.1L,Manual,"76,782 miles",4,134 bhp,2017 (17),67.3,Saloon,109 g/km,WHITE,1.0,Euro 6,£199,"£17,000",18-08-2022,
445,A Class,Diesel,2.1L,Automatic,"50,725 miles",5,134 bhp,2015 (65),68.9,Hatchback,108 g/km,BLACK,2.0,Euro 6,£199,"£17,000",22-11-2021,
446,E Class,Diesel,2.1L,Automatic,"55,131 miles",2,174 bhp,2016 (16),56.5,Convertible,131 g/km,GREY,2.0,Euro 6,£199,"£17,000",12-03-2022,
447,A Class,Diesel,1.5L,Manual,"29,142 miles",5,107 bhp,2018 (18),80.7,Hatchback,89 g/km,WHITE,1.0,Euro 6,£199,"£17,000",07-03-2022,
448,A Class,Petrol,1.6L,Automatic,"25,497 miles",5,121 bhp,2016 (66),52.3,Hatchback,126 g/km,SILVER,2.0,Euro 6,£199,"£17,000",05-09-2022,
449,A Class,Petrol,1.6L,Manual,"38,457 miles",5,121 bhp,2018 (18),50.4,Hatchback,131 g/km,WHITE,2.0,Euro 6,£199,"£17,000",03-11-2022,
450,A Class,Diesel,1.5L,Manual,"33,012 miles",5,107 bhp,2017 (67),68.9,Hatchback,107 g/km,WHITE,,Euro 6,£199,"£17,000",15-09-2022,
451,A Class,Diesel,2.1L,Manual,"27,539 miles",5,134 bhp,2017 (67),62.8,Hatchback,116 g/km,WHITE,1.0,Euro 6,£199,"£17,000",29-09-2022,
452,A Class,Petrol,1.6L,Manual,"37,445 miles",5,121 bhp,2017 (67),50.4,Hatchback,131 g/km,SILVER,1.0,Euro 6,£199,"£16,950",30-10-2021,
453,A Class,Diesel,2.1L,Manual,"50,018 miles",5,134 bhp,2017 (67),62.8,Hatchback,116 g/km,BLACK,1.0,Euro 6,£199,"£16,900",28-12-2021,
454,A Class,Diesel,1.5L,Manual,"45,467 miles",5,107 bhp,2017 (67),68.9,Hatchback,107 g/km,BLACK,1.0,Euro 6,£199,"£16,900",22-06-2022,
455,A Class,Diesel,2.1L,Automatic,"44,825 miles",5,134 bhp,2016 (16),68.9,Hatchback,108 g/km,BLUE,2.0,Euro 6,£199,"£16,900",15-03-2022,
456,C Class,Diesel,2.1L,Automatic,"52,435 miles",4,204 bhp,2015 (65),64.2,Saloon,109 g/km,WHITE,2.0,Euro 6,£199,"£16,900",03-09-2022,
457,Gla Class,Diesel,2.1L,Automatic,"49,485 miles",5,136 bhp,2015 (15),62.8,Estate,119 g/km,BLACK,2.0,Euro 6,£199,"£16,800",,
458,Cla Class,Diesel,2.1L,Manual,"68,873 miles",4,134 bhp,2016 (65),67.3,Saloon,109 g/km,WHITE,,Euro 6,£199,"£16,800",14-02-2022,
459,A Class,Diesel,2.1L,Automatic,"34,315 miles",5,134 bhp,2016 (66),70.6,Hatchback,103 g/km,GREY,,Euro 6,£199,"£16,800",24-02-2022,
460,C Class,Diesel,2.1L,Automatic,"78,009 miles",4,170 bhp,2015 (65),64.2,Saloon,113 g/km,WHITE,,Euro 6,£199,"£16,800",,
461,A Class,Diesel,2.1L,Automatic,"30,765 miles",5,134 bhp,2016 (16),68.9,Hatchback,108 g/km,SOUTH SEAS BLUE,2.0,Euro 6,£199,"£16,800",14-01-2022,
462,A Class,Diesel,2.1L,Automatic,"73,561 miles",5,134 bhp,2017 (67),68.9,Hatchback,108 g/km,SILVER,2.0,Euro 6,£199,"£16,800",26-09-2022,
463,A Class,Diesel,1.5L,Automatic,"36,657 miles",5,107 bhp,2017 (67),74.3,Hatchback,101 g/km,BLUE,2.0,Euro 6,£199,"£16,800",24-02-2022,
464,A Class,Diesel,2.1L,Automatic,"58,185 miles",5,134 bhp,2016 (65),68.9,Hatchback,108 g/km,WHITE,2.0,Euro 6,£199,"£16,750",05-02-2022,
465,SLK,Diesel,2.1L,Automatic,"26,792 miles",2,201 bhp,2015 (65),70.6,Convertible,132 g/km,WHITE,2.0,Euro 6,£199,"£16,750",,
466,A Class,Diesel,2.1L,Automatic,"71,707 miles",5,134 bhp,2017 (66),68.9,Hatchback,108 g/km,BLACK,,Euro 6,£199,"£16,600",27-02-2022,
467,E Class,Diesel,2.1L,Automatic,"57,422 miles",2,174 bhp,2016 (66),58.9,Coupe,128 g/km,BLACK,1.0,Euro 6,£199,"£16,600",28-03-2022,
468,C Class,Diesel,1.6L,Automatic,"54,664 miles",5,136 bhp,2016 (66),64.2,Estate,114 g/km,BLUE,,Euro 6,£199,"£16,600",09-08-2022,
469,A Class,Diesel,1.5L,Automatic,"31,226 miles",5,107 bhp,2017 (17),74.3,Hatchback,101 g/km,GREY,2.0,Euro 6,£199,"£16,600",05-10-2022,
470,A Class,Diesel,2.1L,Automatic,"80,414 miles",5,174 bhp,2018 (18),67.3,Hatchback,109 g/km,BLACK,2.0,Euro 6,£199,"£16,600",,
471,A Class,Diesel,2.1L,Manual,"41,160 miles",5,134 bhp,2017 (17),62.8,Hatchback,116 g/km,BLACK,1.0,Euro 6,£199,"£16,600",30-11-2021,
472,Gla Class,Diesel,2.1L,Automatic,"50,290 miles",5,,2015 (15),,SUV,108 g/km,Black,,,£199,"£16,500",,
473,A Class,Diesel,1.5L,Manual,"44,578 miles",5,107 bhp,2017 (17),68.9,Hatchback,107 g/km,BLACK,1.0,Euro 6,£199,"£16,500",09-03-2022,
474,C Class,Diesel,2.1L,Automatic,"78,913 miles",5,170 bhp,2017 (17),60.1,Estate,129 g/km,SILVER,1.0,Euro 6,£199,"£16,500",23-08-2022,
475,Cla Class,Diesel,2.1L,Manual,"35,959 miles",4,137 bhp,2015 (65),64.2,Saloon,114 g/km,WHITE,2.0,Euro 6,£199,"£16,500",10-09-2021,
476,A Class,Diesel,1.5L,Manual,"29,963 miles",5,107 bhp,2016 (66),68.9,Hatchback,107 g/km,RED,2.0,Euro 6,£199,"£16,500",26-08-2022,
477,A Class,Diesel,1.5L,Manual,"26,555 miles",5,107 bhp,2017 (66),68.9,Hatchback,107 g/km,BLACK,2.0,Euro 6,£199,"£16,500",21-01-2022,
478,A Class,Diesel,1.5L,Manual,"23,078 miles",5,107 bhp,2017 (17),68.9,Hatchback,107 g/km,WHITE,1.0,Euro 6,£199,"£16,500",22-09-2022,
479,C Class,Diesel,2.1L,Manual,"48,569 miles",5,170 bhp,2016 (16),65.7,Estate,108 g/km,WHITE,1.0,Euro 6,£199,"£16,500",27-01-2022,
480,A Class,Diesel,1.5L,Manual,"38,169 miles",5,107 bhp,2017 (17),68.9,Hatchback,107 g/km,RED,2.0,Euro 6,£199,"£16,500",27-08-2022,
481,E Class,Diesel,2.1L,Automatic,"59,537 miles",2,170 bhp,2015 (15),57.7,Convertible,130 g/km,GREY,,,£199,"£16,500",18-07-2022,Euro 5
482,C Class,Diesel,1.6L,Automatic,"69,194 miles",4,136 bhp,2016 (66),65.7,Saloon,111 g/km,WHITE,1.0,Euro 6,£199,"£16,450",28-09-2022,
483,A Class,Diesel,2.1L,Automatic,"35,214 miles",5,134 bhp,2016 (66),70.6,Hatchback,103 g/km,WHITE,2.0,Euro 6,£199,"£16,400",05-10-2022,
484,C Class,Diesel,2.1L,Automatic,"65,891 miles",4,170 bhp,2015 (15),64.2,Saloon,113 g/km,BLACK,2.0,Euro 6,£199,"£16,400",22-10-2022,
485,A Class,Diesel,1.5L,Manual,"36,975 miles",5,107 bhp,2017 (67),68.9,Hatchback,107 g/km,BLACK,2.0,Euro 6,£199,"£16,400",04-10-2022,
486,E Class,Diesel,2.1L,Automatic,"48,963 miles",4,174 bhp,2015 (65),61.4,Saloon,121 g/km,BLUE,,Euro 6,£199,"£16,300",24-11-2021,
487,C Class,Diesel,2.1L,Automatic,"76,760 miles",4,204 bhp,2016 (16),64.2,Saloon,109 g/km,WHITE,2.0,Euro 6,£199,"£16,300",10-10-2022,
488,A Class,Diesel,1.5L,Manual,"41,074 miles",5,107 bhp,2018 (67),68.9,Hatchback,107 g/km,BLUE,2.0,Euro 6,£199,"£16,300",11-01-2022,
489,C Class,Diesel,2.1L,Automatic,"43,655 miles",4,170 bhp,2015 (15),64.2,Saloon,110 g/km,BLACK,2.0,Euro 6,£199,"£16,300",16-12-2021,
490,A Class,Diesel,1.5L,Manual,"27,600 miles",5,107 bhp,2017 (67),68.9,Hatchback,107 g/km,WHITE,2.0,Euro 6,£199,"£16,300",29-11-2021,
491,C Class,Diesel,2.1L,Automatic,"53,880 miles",5,170 bhp,2016 (16),62.8,Estate,114 g/km,BLACK,2.0,Euro 6,£199,"£16,250",18-02-2022,
492,A Class,Diesel,1.5L,Automatic,"44,528 miles",5,107 bhp,2017 (67),74.3,Hatchback,101 g/km,WHITE,2.0,Euro 6,£199,"£16,200",,
493,E Class,Diesel,2.1L,Automatic,"61,759 miles",4,174 bhp,2015 (65),61.4,Saloon,121 g/km,SILVER,,Euro 6,£199,"£16,200",06-09-2022,
494,C Class,Diesel,1.6L,Automatic,"59,438 miles",4,136 bhp,2016 (16),65.7,Saloon,111 g/km,WHITE,2.0,Euro 6,£199,"£16,150",16-09-2022,
495,A Class,Petrol,1.6L,Manual,"62,204 miles",5,121 bhp,2018 (18),50.4,Hatchback,131 g/km,RED,1.0,Euro 6,£199,"£16,100",29-03-2022,
496,A Class,Petrol,1.6L,Manual,"33,926 miles",5,121 bhp,2017 (67),50.4,Hatchback,131 g/km,BLACK,,Euro 6,£199,"£16,100",29-11-2021,
497,A Class,Petrol,1.6L,Manual,"23,826 miles",5,102 bhp,2017 (17),51.4,Hatchback,126 g/km,BLACK,1.0,Euro 6,£199,"£16,100",11-06-2022,
498,A Class,Diesel,1.5L,Manual,"23,561 miles",5,107 bhp,2017 (67),68.9,Hatchback,107 g/km,WHITE,1.0,Euro 6,£199,"£16,100",12-08-2022,
499,A Class,Diesel,1.5L,Manual,"34,382 miles",5,107 bhp,2017 (67),80.7,Hatchback,89 g/km,GREY,1.0,Euro 6,£199,"£16,100",04-10-2022,
500,A Class,Diesel,2.1L,Automatic,"42,950 miles",5,134 bhp,2015 (65),70.6,Hatchback,103 g/km,BRONZE,,Euro 6,£199,"£16,100",20-10-2022,
501,A Class,Diesel,2.1L,Automatic,"65,404 miles",5,134 bhp,2017 (67),70.6,Hatchback,103 g/km,BLACK,1.0,Euro 6,£199,"£16,100",,
502,A Class,Petrol,1.6L,Automatic,"45,890 miles",5,154 bhp,2015 (65),52.3,Hatchback,126 g/km,WHITE,2.0,Euro 6,£199,"£16,100",01-08-2022,
503,A Class,Diesel,1.5L,Automatic,"45,624 miles",5,107 bhp,2017 (67),74.3,Hatchback,101 g/km,BLACK,1.0,Euro 6,£199,"£16,100",21-12-2021,
504,A Class,Diesel,2.1L,Manual,"53,113 miles",5,134 bhp,2017 (17),62.8,Hatchback,116 g/km,BLACK,1.0,Euro 6,£199,"£16,100",18-01-2022,
505,A Class,Diesel,1.5L,Automatic,"22,846 miles",5,107 bhp,2016 (66),74.3,Hatchback,101 g/km,GREY,2.0,Euro 6,£199,"£16,000",30-09-2022,
506,A Class,Diesel,2.1L,Manual,"28,445 miles",5,134 bhp,2016 (16),62.8,Hatchback,116 g/km,WHITE,1.0,Euro 6,£199,"£16,000",30-03-2022,
507,A Class,Diesel,2.1L,Manual,"30,073 miles",5,134 bhp,2017 (17),62.8,Hatchback,116 g/km,WHITE,1.0,Euro 6,£199,"£16,000",15-08-2022,
508,A Class,Diesel,2.1L,Manual,"21,534 miles",5,134 bhp,2017 (67),62.8,Hatchback,116 g/km,RED,1.0,Euro 6,£199,"£16,000",07-01-2022,
509,E Class,Electric,2.1L,Automatic,"50,593 miles",5,188 bhp,2015 (65),1.0,Coupe,,BLACK,,Euro 6,£199,"£16,000",14-06-2022,
510,A Class,Diesel,1.5L,Manual,"34,599 miles",5,107 bhp,2017 (67),80.7,Hatchback,89 g/km,BLACK,2.0,Euro 6,£199,"£16,000",22-04-2022,
511,C Class,Diesel,2.1L,Automatic,"75,206 miles",5,170 bhp,2017 (67),64.2,Estate,114 g/km,BLACK,2.0,Euro 6,£199,"£16,000",24-01-2022,
512,Gla Class,Diesel,2.1L,Manual,"33,056 miles",5,136 bhp,2015 (65),62.8,Estate,119 g/km,WHITE,1.0,Euro 6,£199,"£16,000",08-08-2022,
513,C Class,Diesel,1.6L,Manual,"63,528 miles",4,136 bhp,2015 (65),68.9,Saloon,106 g/km,WHITE,2.0,Euro 6,£199,"£15,900",07-03-2022,
514,A Class,Petrol,1.6L,Manual,"21,958 miles",5,102 bhp,2018 (18),52.3,Hatchback,124 g/km,RED,1.0,Euro 6,£199,"£15,800",11-03-2022,
515,A Class,Diesel,1.5L,Manual,"56,608 miles",5,107 bhp,2016 (66),68.9,Hatchback,107 g/km,GREY,2.0,Euro 6,£199,"£15,800",30-09-2022,
516,C Class,Diesel,2.1L,Automatic,"66,840 miles",5,170 bhp,2015 (64),62.8,Estate,115 g/km,GREY,2.0,Euro 6,£199,"£15,800",20-01-2022,
517,A Class,Diesel,1.5L,Manual,"33,429 miles",5,107 bhp,2018 (18),68.9,Hatchback,107 g/km,WHITE,1.0,Euro 6,£199,"£15,750",20-05-2022,
518,A Class,Diesel,1.5L,Manual,"35,323 miles",5,107 bhp,2017 (67),80.7,Hatchback,89 g/km,WHITE,1.0,Euro 6,£199,"£15,750",05-01-2022,
519,A Class,Diesel,1.5L,Manual,"42,599 miles",5,107 bhp,2017 (67),80.7,Hatchback,89 g/km,WHITE,1.0,Euro 6,£199,"£15,700",,
520,A Class,Diesel,1.5L,Manual,"36,889 miles",5,107 bhp,2017 (17),72.4,Hatchback,102 g/km,BLACK,2.0,Euro 6,£199,"£15,600",,
521,A Class,Diesel,1.5L,Automatic,"35,368 miles",5,107 bhp,2016 (16),74.3,Hatchback,101 g/km,WHITE,2.0,Euro 6,£199,"£15,600",29-10-2022,
522,A Class,Diesel,1.5L,Manual,"51,764 miles",5,107 bhp,2017 (66),68.9,Hatchback,107 g/km,JUPITER RED,2.0,Euro 6,£199,"£15,600",26-01-2022,
523,A Class,Diesel,2.1L,Automatic,"63,470 miles",5,134 bhp,2016 (16),68.9,Hatchback,108 g/km,SILVER,2.0,Euro 6,£199,"£15,500",06-08-2022,
524,A Class,Diesel,2.1L,Manual,"43,748 miles",5,134 bhp,2016 (16),62.8,Hatchback,116 g/km,SILVER,,Euro 6,£199,"£15,500",18-04-2022,
525,A Class,Diesel,1.5L,Manual,"45,532 miles",5,107 bhp,2018 (67),72.4,Hatchback,102 g/km,RED,1.0,Euro 6,£199,"£15,500",,
526,A Class,Petrol,1.6L,Manual,"22,630 miles",5,102 bhp,2017 (17),51.4,Hatchback,126 g/km,WHITE,1.0,Euro 6,£199,"£15,500",16-09-2022,
527,A Class,Diesel,1.5L,Manual,"19,476 miles",5,107 bhp,2017 (17),72.4,Hatchback,102 g/km,WHITE,1.0,Euro 6,£199,"£15,500",,
528,A Class,Diesel,1.5L,Manual,"30,924 miles",5,107 bhp,2017 (67),68.9,Hatchback,107 g/km,WHITE,2.0,Euro 6,£199,"£15,500",20-09-2022,
529,A Class,Diesel,1.5L,Automatic,"39,248 miles",5,107 bhp,2016 (16),74.3,Hatchback,101 g/km,BLACK,2.0,Euro 6,£199,"£15,400",10-03-2022,
530,A Class,Diesel,1.5L,Manual,"42,405 miles",5,107 bhp,2017 (67),72.4,Hatchback,102 g/km,BLACK,1.0,Euro 6,£199,"£15,400",02-11-2022,
531,A Class,Diesel,1.5L,Manual,"30,054 miles",5,107 bhp,2017 (67),80.7,Hatchback,89 g/km,BLUE,1.0,Euro 6,£199,"£15,250",03-09-2022,
532,A Class,Diesel,1.5L,Manual,"48,272 miles",5,107 bhp,2016 (66),68.9,Hatchback,107 g/km,SILVER,1.0,Euro 6,£199,"£15,250",26-09-2022,
533,C Class,Diesel,2.1L,Manual,"53,290 miles",4,170 bhp,2017 (17),70.6,Saloon,103 g/km,WHITE,1.0,Euro 6,£199,"£15,250",12-07-2022,
534,C Class,Diesel,2.1L,Manual,"26,657 miles",4,170 bhp,2016 (16),70.6,Saloon,103 g/km,BLUE,2.0,Euro 6,£199,"£15,200",08-06-2022,
535,A Class,Diesel,2.1L,Manual,"47,139 miles",5,134 bhp,2016 (16),62.8,Hatchback,116 g/km,BLUE,,Euro 6,£199,"£15,100",22-06-2022,
536,A Class,Diesel,2.1L,Automatic,"75,940 miles",5,174 bhp,2016 (16),67.3,Hatchback,109 g/km,BLACK,1.0,Euro 6,£199,"£15,000",04-06-2022,
537,C Class,Diesel,2.1L,Manual,"62,554 miles",5,170 bhp,2017 (67),65.7,Estate,108 g/km,BLACK,1.0,Euro 6,£199,"£15,000",,
538,A Class,Diesel,1.5L,Manual,"45,340 miles",5,107 bhp,2017 (67),72.4,Hatchback,102 g/km,SILVER,2.0,Euro 6,£199,"£15,000",07-09-2022,
539,A Class,Diesel,1.5L,Manual,"61,736 miles",5,107 bhp,2018 (67),68.9,Hatchback,107 g/km,BLUE,2.0,Euro 6,£199,"£15,000",30-01-2022,
540,A Class,Diesel,1.5L,Automatic,"52,242 miles",5,107 bhp,2017 (17),76.4,Hatchback,98 g/km,WHITE,1.0,Euro 6,£199,"£15,000",15-06-2022,
541,A Class,Diesel,1.5L,Manual,"26,548 miles",5,107 bhp,2017 (17),72.4,Hatchback,102 g/km,WHITE,1.0,Euro 6,£199,"£15,000",,
542,A Class,Diesel,1.5L,Manual,"24,971 miles",5,107 bhp,2017 (17),72.4,Hatchback,102 g/km,SILVER,,Euro 6,£199,"£15,000",11-10-2021,
543,A Class,Diesel,1.5L,Manual,"34,024 miles",5,107 bhp,2017 (67),80.7,Hatchback,89 g/km,BLACK,1.0,Euro 6,£199,"£15,000",08-11-2021,
544,A Class,Diesel,1.5L,Manual,"45,126 miles",5,107 bhp,2016 (16),68.9,Hatchback,107 g/km,SILVER,2.0,Euro 6,£199,"£15,000",28-01-2022,
545,A Class,Diesel,1.5L,Manual,"43,371 miles",5,107 bhp,2017 (17),72.4,Hatchback,102 g/km,BLACK,1.0,Euro 6,£199,"£14,950",07-09-2022,
546,E Class,Diesel,2.1L,Automatic,"67,382 miles",4,174 bhp,2016 (16),61.4,Saloon,121 g/km,BLACK,2.0,Euro 6,£199,"£14,800",14-03-2022,
547,A Class,Diesel,1.5L,Manual,"38,813 miles",5,107 bhp,2016 (66),80.7,Hatchback,89 g/km,GREY,2.0,Euro 6,£199,"£14,800",,
548,A Class,Diesel,1.5L,Automatic,"54,249 miles",5,107 bhp,2016 (16),74.3,Hatchback,101 g/km,WHITE,1.0,Euro 6,£199,"£14,400",24-07-2022,
549,SLK,Diesel,2.1L,Automatic,"54,885 miles",2,201 bhp,2015 (65),70.6,Convertible,132 g/km,BLACK,2.0,Euro 6,£199,"£14,200",23-07-2022,
550,C Class,Diesel,1.6L,Manual,"44,891 miles",4,136 bhp,2016 (66),72.4,Saloon,102 g/km,BLACK,,Euro 6,£199,"£14,100",03-10-2021,
551,A Class,Diesel,2.1L,Manual,"36,838 miles",5,134 bhp,2016 (65),65.7,Hatchback,111 g/km,RED,,Euro 6,£199,"£14,000",25-06-2022,
552,A Class,Diesel,1.5L,Manual,"44,127 miles",5,107 bhp,2016 (16),72.4,Hatchback,102 g/km,BLACK,2.0,Euro 6,£199,"£14,000",16-12-2021,
553,A Class,Diesel,1.5L,Manual,"73,423 miles",5,107 bhp,2017 (67),68.9,Hatchback,107 g/km,WHITE,1.0,Euro 6,£199,"£14,000",27-09-2022,
554,A Class,Diesel,1.5L,Manual,"45,654 miles",5,107 bhp,2015 (65),72.4,Hatchback,102 g/km,BLUE,,Euro 6,£199,"£13,900",16-09-2022,
555,A Class,Diesel,1.5L,Automatic,"58,862 miles",5,107 bhp,2015 (65),74.3,Hatchback,101 g/km,SILVER,,Euro 6,£199,"£13,600",18-10-2022,
556,A Class,Diesel,1.5L,Manual,"70,644 miles",5,107 bhp,2016 (16),68.9,Hatchback,107 g/km,GREY,1.0,Euro 6,£199,"£13,500",13-10-2022,
557,A Class,Diesel,1.5L,Manual,"59,562 miles",5,107 bhp,2017 (17),80.7,Hatchback,89 g/km,RED,1.0,Euro 6,£199,"£13,000",28-08-2022,
558,SLK,Diesel,2.1L,Automatic,"65,190 miles",2,204 bhp,2015 (15),56.5,Convertible,132 g/km,BLACK,2.0,,£199,"£12,800",09-01-2022,Euro 5
559,A Class,Diesel,1.5L,Manual,"51,712 miles",5,109 bhp,2015 (15),70.6,Hatchback,105 g/km,BLACK,2.0,,£199,"£12,800",16-06-2022,Euro 5
560,A Class,Diesel,1.5L,Manual,"75,559 miles",5,107 bhp,2016 (16),80.7,Hatchback,89 g/km,GREY,2.0,Euro 6,£199,"£12,200",,
561,A Class,Diesel,2.1L,Manual,"83,403 miles",5,134 bhp,2016 (66),68.9,Hatchback,106 g/km,BLUE,1.0,Euro 6,£199,"£12,000",21-11-2021,
562,SLK,Diesel,2.1L,Automatic,"48,179 miles",2,204 bhp,2015 (15),56.5,Convertible,132 g/km,SILVER,,,£199,"£12,000",29-10-2021,Euro 5
563,A Class,Diesel,1.5L,Manual,"86,534 miles",5,107 bhp,2016 (66),80.7,Hatchback,89 g/km,BLACK,1.0,Euro 6,£199,"£11,700",05-09-2022,
564,SLK,Diesel,2.1L,Automatic,"54,826 miles",2,204 bhp,2014 (14),56.5,Convertible,132 g/km,BLACK,2.0,,£199,"£11,100",27-05-2022,Euro 5
565,B Class,Diesel,1.5L,Manual,"38,794 miles",5,107 bhp,2015 (15),68.9,MPV,108 g/km,SILVER,2.0,Euro 6,£199,"£10,400",12-07-2022,
