,Model,Fuel Type,Engine Size,Transmission,Mileage,Doors,BHP,Year,Body Type,CO2,Colour,MPG,Previous Keepers,Ultra Low Emission Zone  ,Tax,Price,MOT Expires,Interior Trim,Euro Status
0,Tiguan,Petrol,2.0L,Automatic,"4,255 miles",5,227 bhp,2020 (69),Estate,175 g/km,INDIUM GREY,30.4,1.0,Euro 6,£199,"£33,700",,,
1,Golf,Petrol,2.0L,Automatic,"11,596 miles",5,296 bhp,2019 (69),Hatchback,164 g/km,PURE WHITE,32.8,1.0,Euro 6,£199,"£33,000",,,
2,Golf,Petrol,2.0L,Automatic,"5,101 miles",5,296 bhp,2019 (69),Hatchback,164 g/km,INDIUM GREY,32.8,1.0,Euro 6,£199,"£32,000",,,
3,Golf,Petrol,2.0L,Automatic,"14,953 miles",5,296 bhp,2019 (19),Hatchback,164 g/km,GREY,32.8,1.0,Euro 6,£199,"£32,000",,,
4,Golf,Petrol,2.0L,Automatic,"14,122 miles",5,296 bhp,2019 (69),Hatchback,164 g/km,WHITE,32.8,1.0,Euro 6,£199,"£31,000",,,
5,Golf,Petrol,2.0L,Automatic,"5,710 miles",5,296 bhp,2019 (19),Hatchback,164 g/km,INDIUM GREY,32.8,1.0,Euro 6,£199,"£31,000",02-11-2022,,
6,Golf,Petrol,2.0L,Automatic,"11,792 miles",5,296 bhp,2019 (19),Hatchback,164 g/km,BLACK,32.8,1.0,Euro 6,£199,"£31,000",,,
7,Golf,Petrol,2.0L,Automatic,"12,585 miles",5,296 bhp,2019 (19),Hatchback,164 g/km,INDIUM GREY,32.8,1.0,Euro 6,£199,"£30,500",26-10-2022,,
8,Golf,Petrol,2.0L,Automatic,"10,347 miles",5,296 bhp,2019 (19),Hatchback,164 g/km,PURE WHITE,32.8,1.0,Euro 6,£199,"£30,500",,,
9,Golf,Petrol,2.0L,Automatic,"14,865 miles",5,296 bhp,2019 (19),Hatchback,164 g/km,INDIUM GREY,32.8,1.0,Euro 6,£199,"£30,500",,,
10,Golf,Petrol,2.0L,Automatic,"12,474 miles",5,296 bhp,2019 (69),Hatchback,164 g/km,INDIUM GREY,32.8,1.0,Euro 6,£199,"£30,500",,,
11,Golf,Petrol,2.0L,Automatic,"10,909 miles",5,296 bhp,2019 (19),Hatchback,164 g/km,GREY,32.8,1.0,Euro 6,£199,"£30,500",,,
12,Tiguan,Petrol,1.5L,Manual,"14,652 miles",5,148 bhp,2020 (69),Estate,138 g/km,GREY,37.2,1.0,Euro 6,£199,"£30,300",,,
13,Golf,Petrol,2.0L,Automatic,"15,736 miles",5,296 bhp,2019 (69),Hatchback,164 g/km,WHITE,32.8,1.0,Euro 6,£199,"£30,200",,,
14,Touareg,Diesel,3.0L,Automatic,"41,095 miles",5,259 bhp,2017 (67),Estate,174 g/km,GREY,42.8,2.0,Euro 6,£199,"£30,200",30-09-2022,,
15,Golf,Petrol,2.0L,Automatic,"14,683 miles",3,296 bhp,2019 (19),Hatchback,160 g/km,WHITE,32.8,1.0,Euro 6,£199,"£30,100",,,
16,Golf,Petrol,2.0L,Automatic,"10,581 miles",5,296 bhp,2019 (19),Hatchback,164 g/km,BLUE,32.8,1.0,Euro 6,£199,"£30,000",,,
17,Golf,Petrol,2.0L,Automatic,"9,793 miles",5,296 bhp,2019 (19),Hatchback,164 g/km,INDIUM GREY,32.8,1.0,Euro 6,£199,"£30,000",,,
18,Golf,Petrol,2.0L,Automatic,"15,718 miles",5,296 bhp,2019 (19),Hatchback,164 g/km,BLACK,32.8,1.0,Euro 6,£199,"£30,000",13-09-2022,,
19,Golf,Petrol,2.0L,Automatic,"15,895 miles",5,296 bhp,2019 (69),Hatchback,164 g/km,WHITE,32.8,1.0,Euro 6,£199,"£30,000",,,
20,Golf,Petrol,2.0L,Automatic,"13,394 miles",3,296 bhp,2019 (19),Hatchback,160 g/km,PURE WHITE,32.8,1.0,Euro 6,£199,"£30,000",,,
21,Golf,Petrol,2.0L,Automatic,"12,189 miles",5,296 bhp,2019 (19),Hatchback,164 g/km,SILVER,32.8,1.0,Euro 6,£199,"£30,000",,,
22,Golf,Petrol,2.0L,Automatic,"13,500 miles",5,296 bhp,2019 (69),Hatchback,164 g/km,LAPIZ BLUE,32.8,1.0,Euro 6,£199,"£29,500",,,
23,Golf,Petrol,2.0L,Automatic,"20,079 miles",5,296 bhp,2019 (19),Hatchback,164 g/km,INDIUM GREY,32.8,1.0,Euro 6,£199,"£29,500",,,
24,Golf,Petrol,2.0L,Automatic,"13,558 miles",5,296 bhp,2019 (19),Hatchback,164 g/km,GREY,32.8,1.0,Euro 6,£199,"£29,500",,,
25,Golf,Petrol,2.0L,Automatic,"22,505 miles",5,296 bhp,2019 (69),Hatchback,164 g/km,PURE WHITE,32.8,1.0,Euro 6,£199,"£29,500",,,
26,Golf,Petrol,2.0L,Automatic,"8,097 miles",5,296 bhp,2019 (19),Hatchback,164 g/km,BLACK,32.8,1.0,Euro 6,£199,"£29,300",,,
27,Golf,Petrol,2.0L,Automatic,"14,387 miles",5,296 bhp,2019 (69),Hatchback,164 g/km,Lapiz Blue Metallic,32.8,1.0,Euro 6,£199,"£29,000",,,
28,Golf,Petrol,2.0L,Automatic,"16,358 miles",5,296 bhp,2019 (19),Hatchback,164 g/km,PURE WHITE,32.8,1.0,Euro 6,£199,"£29,000",,,
29,Golf,Petrol,2.0L,Automatic,"17,672 miles",5,296 bhp,2019 (19),Hatchback,164 g/km,PURE WHITE,32.8,1.0,Euro 6,£199,"£29,000",,,
30,Golf,Petrol,2.0L,Automatic,"20,720 miles",5,296 bhp,2019 (19),Hatchback,164 g/km,DEEP BLACK PEARL,32.8,1.0,Euro 6,£199,"£28,700",,,
31,Golf,Petrol,2.0L,Automatic,"20,488 miles",5,306 bhp,2018 (18),Hatchback,163 g/km,BLUE,39.8,1.0,Euro 6,£199,"£28,500",12-07-2022,,
32,Golf,Petrol,2.0L,Manual,"10,944 miles",5,306 bhp,2018 (68),Hatchback,180 g/km,WHITE,35.8,1.0,Euro 6,£199,"£28,500",11-09-2022,,
33,Golf,Petrol,2.0L,Automatic,"12,653 miles",5,296 bhp,2019 (19),Estate,164 g/km,PURE WHITE,32.8,1.0,Euro 6,£199,"£28,500",14-09-2022,,
34,Golf,Petrol,2.0L,Automatic,"22,234 miles",5,306 bhp,2018 (68),Estate,164 g/km,WHITE,39.2,1.0,Euro 6,£199,"£28,500",,,
35,Golf,Petrol,2.0L,Automatic,"29,710 miles",5,296 bhp,2019 (69),Hatchback,164 g/km,WHITE,32.8,1.0,Euro 6,£199,"£28,500",,,
36,Golf,Petrol,2.0L,Automatic,"15,513 miles",5,296 bhp,2019 (19),Hatchback,164 g/km,LAPIZ BLUE,32.8,1.0,Euro 6,£199,"£28,500",,,
37,Golf,Petrol,2.0L,Automatic,"21,234 miles",5,296 bhp,2019 (19),Hatchback,164 g/km,WHITE,32.8,1.0,Euro 6,£199,"£28,500",,,
38,Golf,Petrol,2.0L,Automatic,"23,664 miles",5,306 bhp,2018 (68),Hatchback,163 g/km,INDIUM GREY,39.8,1.0,Euro 6,£199,"£28,000",,,
39,Golf,Petrol,2.0L,Automatic,"17,533 miles",5,306 bhp,2018 (18),Hatchback,163 g/km,PURE WHITE,39.8,2.0,Euro 6,£199,"£28,000",08-07-2022,,
40,Golf,Petrol,2.0L,Automatic,"21,660 miles",5,306 bhp,2018 (18),Hatchback,163 g/km,BLACK,39.8,1.0,Euro 6,£199,"£27,500",28-06-2022,,
41,Golf,Petrol,2.0L,Automatic,"22,629 miles",5,306 bhp,2018 (18),Hatchback,163 g/km,BLUE,39.8,1.0,Euro 6,£199,"£27,500",11-03-2022,,
42,Golf,Petrol,2.0L,Automatic,"28,893 miles",5,306 bhp,2018 (68),Hatchback,163 g/km,INDIUM GREY,39.8,1.0,Euro 6,£199,"£27,500",22-09-2022,,
43,Golf,Petrol,2.0L,Manual,"8,605 miles",5,306 bhp,2018 (18),Hatchback,180 g/km,INDIUM GREY,35.8,1.0,Euro 6,£199,"£27,500",30-03-2022,,
44,Tiguan,Diesel,2.0L,Automatic,"55,324 miles",5,187 bhp,2018 (68),Estate,153 g/km,BLUE SILK METALLIC,47.9,1.0,Euro 6,£199,"£27,400",19-11-2022,,
45,Golf,Petrol,2.0L,Automatic,"27,553 miles",5,296 bhp,2019 (19),Hatchback,164 g/km,BLACK,32.8,1.0,Euro 6,£199,"£27,100",,,
46,Golf,Petrol,2.0L,Automatic,"27,722 miles",5,296 bhp,2019 (19),Hatchback,164 g/km,RED,32.8,1.0,Euro 6,£199,"£27,000",,,
47,Golf,Petrol,2.0L,Manual,"15,728 miles",5,306 bhp,2018 (68),Hatchback,180 g/km,PURE WHITE,35.8,1.0,Euro 6,£199,"£26,600",04-09-2022,,
48,Golf,Petrol,2.0L,Automatic,"20,110 miles",5,306 bhp,2018 (18),Hatchback,163 g/km,PURE WHITE,39.8,1.0,Euro 6,£199,"£26,500",14-08-2022,,
49,Golf,Petrol,2.0L,Automatic,"38,933 miles",5,306 bhp,2018 (18),Hatchback,163 g/km,PURE WHITE,39.8,1.0,Euro 6,£199,"£26,200",15-07-2022,,
50,Golf,Petrol,2.0L,Automatic,"25,238 miles",5,306 bhp,2018 (68),Estate,164 g/km,WHITE,39.2,1.0,Euro 6,£199,"£26,000",04-09-2022,,
51,Golf,Petrol,2.0L,Automatic,"40,362 miles",5,296 bhp,2019 (19),Hatchback,164 g/km,DEEP BLACK PEARL,32.8,1.0,Euro 6,£199,"£26,000",,,
52,Golf,Petrol,2.0L,Automatic,"35,255 miles",5,306 bhp,2018 (18),Hatchback,163 g/km,WHITE,39.8,1.0,Euro 6,£199,"£26,000",17-07-2022,,
53,Golf,Petrol,2.0L,Manual,"19,368 miles",5,306 bhp,2018 (18),Hatchback,180 g/km,BLACK,35.8,1.0,Euro 6,£199,"£26,000",03-06-2022,,
54,Golf,Petrol,2.0L,Automatic,"47,003 miles",5,306 bhp,2018 (68),Hatchback,163 g/km,LAPIZ BLUE,39.8,1.0,Euro 6,£199,"£25,500",05-09-2022,,
55,Golf,Petrol,2.0L,Automatic,"26,674 miles",5,306 bhp,2017 (17),Hatchback,163 g/km,INDIUM GREY,39.8,1.0,Euro 6,£199,"£25,500",28-06-2022,,
56,Golf,Petrol,2.0L,Manual,"20,866 miles",5,306 bhp,2018 (18),Hatchback,180 g/km,BLACK,35.8,1.0,Euro 6,£199,"£25,500",24-07-2022,,
57,Tiguan,Diesel,2.0L,Automatic,"49,410 miles",5,187 bhp,2017 (17),Estate,149 g/km,PURE WHITE,49.6,2.0,Euro 6,£199,"£25,400",01-03-2022,,
58,Tiguan,Diesel,2.0L,Manual,"45,737 miles",5,148 bhp,2018 (18),Estate,125 g/km,PURE WHITE,58.9,1.0,Euro 6,£199,"£25,400",07-05-2022,,
59,Arteon,Diesel,2.0L,Automatic,"25,812 miles",5,187 bhp,2019 (69),Hatchback,121 g/km,Pyrite Silver Metallic,50.4,1.0,Euro 6,£199,"£25,350",,,
60,Tiguan,Petrol,1.4L,Automatic,"23,212 miles",5,148 bhp,2018 (18),Estate,163 g/km,GREY,40.4,1.0,Euro 6,£199,"£25,300",09-11-2022,,
61,Touareg,Diesel,3.0L,Automatic,"54,493 miles",5,259 bhp,2017 (66),Estate,174 g/km,PURE WHITE,42.8,2.0,Euro 6,£199,"£25,000",26-02-2022,,
62,Golf,Petrol,2.0L,Automatic,"52,926 miles",5,306 bhp,2018 (68),Hatchback,163 g/km,BLUE,39.8,1.0,Euro 6,£199,"£25,000",07-09-2022,,
63,Golf,Petrol,2.0L,Manual,"10,642 miles",3,241 bhp,2019 (68),Hatchback,154 g/km,PURE WHITE,37.7,1.0,Euro 6,£199,"£25,000",,,
64,Touareg,Diesel,3.0L,Automatic,"54,783 miles",5,258 bhp,2016 (66),Estate,174 g/km,PURE WHITE,42.8,2.0,Euro 6,£199,"£24,900",20-10-2022,,
65,Tiguan,Diesel,2.0L,Manual,"38,216 miles",5,148 bhp,2018 (18),Estate,125 g/km,PURE WHITE,58.9,1.0,Euro 6,£199,"£24,500",30-03-2022,,
66,Tiguan,Diesel,2.0L,Automatic,"46,312 miles",5,148 bhp,2020 (20),Estate,130 g/km,DEEP BLACK PEARL,46.3,1.0,Euro 6,£199,"£24,300",,,
67,T-Roc,Petrol,1.5L,Manual,"34,409 miles",5,148 bhp,2019 (19),Hatchback,123 g/km,DEEP BLACK PEARL,42.2,1.0,Euro 6,£199,"£24,200",,,
68,Golf,Petrol,2.0L,Automatic,"11,270 miles",5,227 bhp,2018 (68),Hatchback,148 g/km,BLACK,44.1,1.0,Euro 6,£199,"£23,700",,,
69,Golf,Hybrid Petrol,1.4L,Automatic,"16,196 miles",5,201 bhp,2017 (67),Hatchback,38 g/km,ATLANTIC BLUE,99.99,1.0,Euro 6,£199,"£23,500",10-09-2022,,
70,Tiguan,Diesel,2.0L,Automatic,"49,644 miles",5,148 bhp,2019 (19),Estate,146 g/km,RUBY RED,39.8,1.0,Euro 6,£199,"£23,500",,,
71,T-Roc,Diesel,1.6L,Manual,"9,655 miles",5,114 bhp,2020 (20),Hatchback,115 g/km,GREY,50.4,1.0,Euro 6,£199,"£23,200",,,
72,Golf,Petrol,2.0L,Automatic,"65,121 miles",5,306 bhp,2018 (67),Hatchback,163 g/km,BLACK,39.8,1.0,Euro 6,£199,"£23,000",04-02-2022,,
73,Golf,Petrol,2.0L,Automatic,"38,886 miles",5,298 bhp,2015 (65),Hatchback,159 g/km,BLUE,39.8,,Euro 5,£199,"£22,600",,,
74,Passat,Diesel,2.0L,Manual,"15,743 miles",5,148 bhp,2020 (20),Estate,108 g/km,URANO GREY,55.4,1.0,Euro 6,£199,"£22,500",,,
75,Tiguan,Diesel,2.0L,Automatic,"37,273 miles",5,148 bhp,2018 (18),Estate,129 g/km,WHITE,57.7,1.0,Euro 6,£199,"£22,500",26-07-2022,,
76,Golf,Diesel,2.0L,Manual,"23,278 miles",5,182 bhp,2018 (68),Hatchback,119 g/km,DEEP BLACK PEARL,60.1,1.0,Euro 6,£199,"£22,500",31-08-2022,,
77,Golf,Petrol,2.0L,Manual,"12,994 miles",5,227 bhp,2018 (18),Hatchback,148 g/km,BLACK,44.1,1.0,Euro 6,£199,"£22,500",05-07-2022,,
78,Golf,Diesel,2.0L,Manual,"14,586 miles",5,182 bhp,2018 (68),Hatchback,119 g/km,BLUE,60.1,1.0,Euro 6,£199,"£22,500",17-10-2022,,
79,Golf,Electric,,Automatic,"20,289 miles",5,134 bhp,2019 (69),Hatchback,,SILVER,1.0,1.0,Euro 6,£199,"£22,500",,,
80,Golf,Diesel,2.0L,Manual,"14,862 miles",5,182 bhp,2018 (18),Hatchback,119 g/km,GREY,60.1,1.0,Euro 6,£199,"£22,500",18-09-2022,,
81,Tiguan,Diesel,2.0L,Automatic,"31,635 miles",5,148 bhp,2017 (67),Estate,149 g/km,GREY,49.6,1.0,Euro 6,£199,"£22,400",26-09-2022,,
82,T-Roc,Petrol,1.5L,Manual,"20,396 miles",5,148 bhp,2018 (68),Hatchback,121 g/km,BLUE,53.3,1.0,Euro 6,£199,"£22,300",10-09-2022,,
83,Arteon,Diesel,2.0L,Automatic,"55,642 miles",5,187 bhp,2018 (68),Saloon,121 g/km,GREY,50.4,1.0,Euro 6,£199,"£22,200",,,
84,Arteon,Diesel,2.0L,Automatic,"30,596 miles",5,148 bhp,2018 (68),Saloon,116 g/km,URANO GREY,52.3,1.0,Euro 6,£199,"£22,100",20-09-2022,,
85,Golf,Petrol,2.0L,Manual,"16,368 miles",5,227 bhp,2018 (18),Hatchback,148 g/km,BLUE,44.1,2.0,Euro 6,£199,"£22,100",04-06-2022,,
86,Touareg,Diesel,3.0L,Automatic,"38,936 miles",5,258 bhp,2015 (15),Estate,174 g/km,PURE WHITE,42.8,2.0,Euro 6,£199,"£22,000",15-02-2022,,
87,Polo,Petrol,2.0L,Automatic,"15,029 miles",5,197 bhp,2019 (69),Hatchback,136 g/km,BLACK,39.8,1.0,Euro 6,£199,"£21,900",,,
88,Touareg,Diesel,3.0L,Automatic,"57,445 miles",5,258 bhp,2015 (15),Estate,174 g/km,PURE WHITE,42.8,,Euro 6,£199,"£21,700",26-03-2022,,
89,Scirocco,Petrol,2.0L,Automatic,"45,564 miles",2,278 bhp,2017 (17),Coupe,187 g/km,DEEP BLACK PEARL,34.9,2.0,Euro 6,£199,"£21,600",10-12-2021,,
90,Golf,Petrol,2.0L,Manual,"30,275 miles",5,227 bhp,2018 (18),Hatchback,148 g/km,DEEP BLACK PEARL,44.1,1.0,Euro 6,£199,"£21,500",14-08-2022,,
91,Golf,Petrol,2.0L,Manual,"54,012 miles",5,306 bhp,2017 (67),Hatchback,180 g/km,PURE WHITE,35.8,1.0,Euro 6,£199,"£21,400",,,
92,Golf,Diesel,2.0L,Automatic,"28,660 miles",3,182 bhp,2017 (17),Hatchback,129 g/km,DEEP BLACK PEARL,57.7,2.0,Euro 6,£199,"£21,100",30-09-2022,,
93,Golf,Hybrid Petrol,1.4L,Automatic,"53,766 miles",5,201 bhp,2018 (18),Hatchback,38 g/km,BLUE,99.99,1.0,Euro 6,£199,"£21,100",25-07-2022,,
94,Tiguan,Petrol,1.4L,Manual,"24,020 miles",5,123 bhp,2018 (68),Estate,139 g/km,Caribbean Blue Metallic,46.3,1.0,Euro 6,£199,"£20,900",,,
95,Golf,Diesel,2.0L,Automatic,"55,025 miles",5,182 bhp,2018 (68),Hatchback,129 g/km,WHITE,57.7,1.0,Euro 6,£199,"£20,800",03-08-2022,,
96,Tiguan,Diesel,2.0L,Manual,"35,731 miles",5,148 bhp,2017 (67),Estate,146 g/km,GREY,50.4,1.0,Euro 6,£199,"£20,800",28-09-2022,,
97,Arteon,Diesel,2.0L,Automatic,"52,548 miles",5,148 bhp,2018 (18),Saloon,116 g/km,Manganese Grey Metallic,52.3,1.0,Euro 6,£199,"£20,600",28-05-2022,,
98,Tiguan,Diesel,2.0L,Automatic,"58,808 miles",5,148 bhp,2018 (68),Estate,130 g/km,WHITE SILVER,46.3,1.0,Euro 6,£199,"£20,500",11-10-2022,,
99,Golf,Petrol,2.0L,Manual,"30,718 miles",5,298 bhp,2016 (16),Hatchback,165 g/km,BLACK,39.8,2.0,Euro 5,£199,"£20,500",29-12-2021,,
100,Polo,Petrol,2.0L,Automatic,"9,981 miles",5,197 bhp,2019 (69),Hatchback,136 g/km,GREY,39.8,1.0,Euro 6,£199,"£20,500",,,
101,Polo,Petrol,2.0L,Automatic,"14,205 miles",5,197 bhp,2019 (69),Hatchback,136 g/km,WHITE,39.8,1.0,Euro 6,£199,"£20,300",,,
102,Passat,Petrol,1.5L,Manual,"33,485 miles",5,148 bhp,2019 (68),Estate,124 g/km,Manganese Grey Metallic,43.5,1.0,Euro 6,£199,"£20,200",,,
103,Golf,Petrol,1.5L,Automatic,"26,685 miles",5,148 bhp,2019 (69),Hatchback,116 g/km,BLACK,44.8,1.0,Euro 6,£199,"£20,100",,,
104,Golf,Diesel,2.0L,Automatic,"48,184 miles",5,182 bhp,2017 (67),Hatchback,129 g/km,INDIUM GREY,57.7,2.0,Euro 6,£199,"£20,000",29-09-2022,,
105,Golf,Diesel,2.0L,Automatic,"44,419 miles",3,182 bhp,2018 (67),Hatchback,129 g/km,DEEP BLACK PEARL,57.7,1.0,Euro 6,£199,"£20,000",25-01-2022,,
106,Polo,Petrol,2.0L,Automatic,"16,373 miles",5,197 bhp,2019 (19),Hatchback,136 g/km,BLACK,39.8,1.0,Euro 6,£199,"£20,000",,,
107,T-Roc,Petrol,1.0L,Manual,"14,616 miles",5,113 bhp,2018 (68),Hatchback,119 g/km,WHITE,44.1,1.0,Euro 6,£199,"£20,000",27-09-2022,,
108,Tiguan,Diesel,2.0L,Manual,"43,975 miles",5,148 bhp,2018 (68),Estate,124 g/km,INDIUM GREY,47.9,1.0,Euro 6,£199,"£20,000",12-10-2022,,
109,Tiguan,Petrol,1.4L,Manual,"31,655 miles",5,123 bhp,2018 (67),Estate,139 g/km,DEEP BLACK PEARL,46.3,1.0,Euro 6,£199,"£19,900",29-06-2022,,
110,Golf,Petrol,1.5L,Automatic,"5,621 miles",5,128 bhp,2018 (68),Hatchback,109 g/km,SILVER,47.1,,Euro 6,£199,"£19,900",19-10-2022,,
111,Scirocco,Petrol,2.0L,Manual,"29,820 miles",2,278 bhp,2017 (17),Coupe,187 g/km,GREY,34.9,2.0,Euro 6,£199,"£19,800",18-10-2022,,
112,Golf,Diesel,2.0L,Manual,"34,065 miles",5,182 bhp,2017 (67),Hatchback,119 g/km,INDIUM GREY,60.1,1.0,Euro 6,£199,"£19,750",17-01-2022,,
113,Golf,Diesel,2.0L,Automatic,"56,758 miles",5,182 bhp,2018 (18),Hatchback,122 g/km,PURE WHITE,57.7,1.0,Euro 6,£199,"£19,700",11-04-2022,,
114,Golf,Diesel,2.0L,Manual,"34,947 miles",5,182 bhp,2017 (67),Hatchback,119 g/km,ISSAC BLUE,60.1,2.0,Euro 6,£199,"£19,700",08-09-2022,,
115,Tiguan,Diesel,2.0L,Manual,"55,254 miles",5,148 bhp,2018 (18),Estate,146 g/km,WHITE,50.4,1.0,Euro 6,£199,"£19,500",31-03-2022,,
116,Tiguan,Diesel,2.0L,Manual,"33,555 miles",5,113 bhp,2018 (68),Estate,125 g/km,WHITE,60.1,1.0,Euro 6,£199,"£19,400",05-09-2022,,
117,Scirocco,Petrol,2.0L,Automatic,"27,753 miles",2,178 bhp,2018 (18),Coupe,148 g/km,PURE WHITE,44.1,1.0,Euro 6,£199,"£19,400",20-04-2022,,
118,Polo,Petrol,2.0L,Automatic,"9,274 miles",5,197 bhp,2019 (69),Hatchback,136 g/km,GREY,39.8,1.0,Euro 6,£199,"£19,300",,,
119,Polo,Petrol,2.0L,Automatic,"11,994 miles",5,197 bhp,2019 (19),Hatchback,136 g/km,RED,39.8,1.0,Euro 6,£199,"£19,250",,,
120,Passat,Petrol,1.4L,Manual,"41,136 miles",5,148 bhp,2018 (18),Estate,120 g/km,WHITE,54.3,1.0,Euro 6,£199,"£19,200",29-07-2022,,
121,Golf,Diesel,2.0L,Automatic,"44,901 miles",5,182 bhp,2017 (17),Hatchback,129 g/km,DEEP BLACK PEARL,57.7,2.0,Euro 6,£199,"£19,000",06-10-2022,,
122,Golf,Hybrid Petrol,1.4L,Automatic,"64,861 miles",5,201 bhp,2017 (17),Hatchback,38 g/km,GREY,99.99,1.0,Euro 6,£199,"£19,000",27-07-2022,,
123,Polo,Petrol,2.0L,Automatic,"19,018 miles",5,197 bhp,2019 (19),Hatchback,136 g/km,BLACK,39.8,1.0,Euro 6,£199,"£19,000",,,
124,Passat,Diesel,2.0L,Manual,"42,056 miles",5,187 bhp,2017 (17),Estate,110 g/km,INDIUM GREY,67.3,1.0,Euro 6,£199,"£19,000",24-09-2022,,
125,Golf,Petrol,1.5L,Manual,"28,488 miles",5,148 bhp,2018 (68),Hatchback,117 g/km,WHITE SILVER,45.6,2.0,Euro 6,£199,"£19,000",,,
126,T-Roc,Petrol,1.0L,Manual,"34,819 miles",5,113 bhp,2018 (68),Hatchback,119 g/km,BLUE,44.1,1.0,Euro 6,£199,"£18,800",22-08-2022,,
127,Tiguan,Diesel,2.0L,Automatic,"77,087 miles",5,148 bhp,2017 (67),Estate,129 g/km,BLUE,57.7,2.0,Euro 6,£199,"£18,600",29-09-2022,,
128,Scirocco,Petrol,2.0L,Manual,"25,773 miles",2,178 bhp,2018 (18),Coupe,139 g/km,DEEP BLACK PEARL,47.1,2.0,Euro 6,£199,"£18,600",21-10-2022,,
129,Golf,Diesel,2.0L,Manual,"24,341 miles",5,148 bhp,2017 (67),Hatchback,106 g/km,INDIUM GREY,68.9,1.0,Euro 6,£199,"£18,600",11-11-2022,,
130,Golf,Diesel,2.0L,Automatic,"36,300 miles",5,148 bhp,2019 (69),Hatchback,116 g/km,GREY,53.3,1.0,Euro 6,£199,"£18,500",,,
131,Polo,Petrol,2.0L,Automatic,"14,253 miles",5,197 bhp,2019 (19),Hatchback,136 g/km,BLACK,39.8,1.0,Euro 6,£199,"£18,500",,,
132,Golf,Petrol,1.5L,Manual,"21,157 miles",5,128 bhp,2019 (69),Hatchback,115 g/km,BLACK,50.4,1.0,Euro 6,£199,"£18,500",,,
133,Polo,Petrol,2.0L,Automatic,"12,897 miles",5,197 bhp,2019 (69),Hatchback,136 g/km,WHITE,39.8,1.0,Euro 6,£199,"£18,500",,,
134,Golf,Diesel,1.6L,Automatic,"29,625 miles",5,114 bhp,2019 (19),Hatchback,107 g/km,GREY,54.3,2.0,Euro 6,£199,"£18,400",,,
135,Passat,Diesel,2.0L,Automatic,"64,080 miles",5,148 bhp,2018 (68),Estate,117 g/km,GREY,49.6,1.0,Euro 6,£199,"£18,400",31-10-2022,,
136,Polo,Petrol,2.0L,Automatic,"19,751 miles",5,197 bhp,2019 (69),Hatchback,136 g/km,BLACK,39.8,1.0,Euro 6,£199,"£18,400",,,
137,Polo,Petrol,2.0L,Automatic,"10,083 miles",5,197 bhp,2019 (19),Hatchback,136 g/km,RED,39.8,1.0,Euro 6,£199,"£18,300",,,
138,Passat,Diesel,2.0L,Automatic,"63,168 miles",5,148 bhp,2018 (68),Estate,117 g/km,Pyrite Silver Metallic,49.6,1.0,Euro 6,£199,"£18,300",23-09-2022,,
139,Tiguan,Diesel,2.0L,Manual,"74,643 miles",5,148 bhp,2018 (67),Estate,125 g/km,PURE WHITE,58.9,1.0,Euro 6,£199,"£18,100",20-09-2022,,
140,Golf,Petrol,1.4L,Automatic,"23,599 miles",5,121 bhp,2017 (67),Hatchback,119 g/km,GREY,55.4,1.0,Euro 6,£199,"£18,000",03-12-2021,,
141,Golf,Petrol,1.5L,Manual,"15,191 miles",5,128 bhp,2018 (68),Hatchback,114 g/km,BLACK,47.1,1.0,Euro 6,£199,"£18,000",,,
142,Scirocco,Diesel,2.0L,Automatic,"3,117 miles",2,150 bhp,2018 (67),Coupe,119 g/km,DEEP BLACK PEARL,57.7,2.0,Euro 6,£199,"£18,000",25-03-2022,,
143,Passat,Petrol,1.4L,Manual,"31,563 miles",4,123 bhp,2018 (18),Saloon,126 g/km,BLACK,52.3,1.0,Euro 6,£199,"£18,000",01-08-2022,,
144,Golf,Petrol,1.5L,Manual,"13,349 miles",5,128 bhp,2020 (69),Hatchback,115 g/km,SILVER,50.4,1.0,Euro 6,£199,"£18,000",,,
145,Golf,Diesel,2.0L,Manual,"65,609 miles",5,182 bhp,2017 (67),Hatchback,119 g/km,DEEP BLACK PEARL,60.1,2.0,Euro 6,£199,"£17,900",29-04-2022,BLACK VIENNA LEATHER,
146,Passat,Diesel,2.0L,Manual,"43,153 miles",4,148 bhp,2017 (67),Saloon,109 g/km,Manganese Grey Metallic,68.9,1.0,Euro 6,£199,"£17,900",15-09-2022,,
147,Tiguan,Diesel,2.0L,Automatic,"56,428 miles",5,148 bhp,2016 (66),Estate,129 g/km,GREY,57.7,2.0,Euro 6,£199,"£17,800",06-09-2022,,
148,Passat,Diesel,2.0L,Manual,"49,107 miles",4,148 bhp,2018 (18),Saloon,109 g/km,Manganese Grey Metallic,68.9,1.0,Euro 6,£199,"£17,800",06-03-2022,,
149,Golf,Diesel,1.6L,Automatic,"28,900 miles",5,114 bhp,2019 (19),Hatchback,107 g/km,ATLANTIC BLUE,54.3,2.0,Euro 6,£199,"£17,750",,,
150,Polo,Petrol,2.0L,Automatic,"20,419 miles",5,197 bhp,2018 (68),Hatchback,134 g/km,WHITE,47.9,1.0,Euro 6,£199,"£17,700",01-10-2022,,
151,Golf,Diesel,2.0L,Automatic,"40,805 miles",5,182 bhp,2016 (16),Hatchback,119 g/km,BLACK,62.8,2.0,Euro 6,£199,"£17,600",,,
152,Golf,Petrol,2.0L,Automatic,"70,173 miles",5,298 bhp,2014 (14),Hatchback,159 g/km,BLUE,39.8,2.0,Euro 5,£199,"£17,600",23-06-2022,,
153,Scirocco,Petrol,2.0L,Automatic,"30,162 miles",2,178 bhp,2017 (67),Coupe,148 g/km,GREY,44.1,2.0,Euro 6,£199,"£17,500",30-09-2022,,
154,Polo,Petrol,1.0L,Manual,"1,244 miles",5,79 bhp,2021 (71),Hatchback,106 g/km,WHITE,51.4,1.0,Euro 6,£199,"£17,500",,,
155,Golf,Hybrid Petrol,1.4L,Automatic,"40,358 miles",5,,2016 (16),Hatchback,39 g/km,WHITE,,2.0,Euro 6,£199,"£17,400",10-03-2022,,
156,Passat,Diesel,2.0L,Manual,"42,143 miles",4,148 bhp,2018 (18),Saloon,109 g/km,Atlantic Blue Metallic,68.9,1.0,Euro 6,£199,"£17,400",18-02-2022,,
157,Golf,Diesel,1.6L,Automatic,"35,991 miles",5,114 bhp,2017 (67),Hatchback,102 g/km,WHITE,72.4,,Euro 6,£199,"£17,300",12-02-2022,,
158,Golf,Diesel,2.0L,Manual,"71,927 miles",5,182 bhp,2018 (68),Hatchback,119 g/km,DEEP BLACK PEARL,60.1,1.0,Euro 6,£199,"£17,300",09-09-2022,,
159,Polo,Petrol,1.8L,Automatic,"12,448 miles",5,189 bhp,2017 (17),Hatchback,129 g/km,WHITE,50.4,1.0,Euro 6,£199,"£17,200",17-08-2022,,
160,Polo,Petrol,1.0L,Automatic,"37,733 miles",5,113 bhp,2019 (19),Hatchback,110 g/km,WHITE,46.3,1.0,Euro 6,£199,"£17,200",,,
161,T-Roc,Petrol,1.0L,Manual,"35,203 miles",5,113 bhp,2019 (19),Hatchback,119 g/km,ORANGE,44.8,1.0,Euro 6,£199,"£17,200",,,
162,Polo,Petrol,1.0L,Automatic,"11,546 miles",5,94 bhp,2019 (19),Hatchback,106 g/km,GREY,45.6,1.0,Euro 6,£199,"£17,200",,,
163,Golf,Diesel,2.0L,Manual,"68,918 miles",5,182 bhp,2017 (67),Hatchback,119 g/km,GREY,60.1,1.0,Euro 6,£199,"£17,100",29-09-2022,,
164,Golf,Diesel,2.0L,Manual,"26,783 miles",5,148 bhp,2019 (19),Hatchback,114 g/km,DEEP BLACK PEARL,55.4,1.0,Euro 6,£199,"£17,000",,,
165,Golf,Diesel,2.0L,Manual,"48,713 miles",5,148 bhp,2018 (18),Hatchback,109 g/km,BLACK,67.3,1.0,Euro 6,£199,"£17,000",30-07-2022,,
166,Golf,Diesel,2.0L,Manual,"56,319 miles",5,182 bhp,2017 (17),Hatchback,119 g/km,DEEP BLACK PEARL,60.1,1.0,Euro 6,£199,"£17,000",27-05-2022,,
167,Golf,Diesel,2.0L,Automatic,"39,922 miles",5,182 bhp,2016 (16),Hatchback,119 g/km,WHITE,62.8,,Euro 6,£199,"£17,000",08-04-2022,,
168,Golf,Diesel,1.6L,Manual,"28,303 miles",5,114 bhp,2018 (18),Hatchback,106 g/km,GREY,61.4,1.0,Euro 6,£199,"£17,000",23-05-2022,,
169,Golf,Petrol,1.5L,Manual,"22,995 miles",5,128 bhp,2018 (68),Hatchback,114 g/km,BLUE,47.1,1.0,Euro 6,£199,"£16,900",,,
170,Tiguan,Diesel,2.0L,Automatic,"56,818 miles",5,181 bhp,2015 (65),Estate,150 g/km,WHITE,49.6,2.0,Euro 6,£199,"£16,900",30-11-2021,,
171,Golf,Diesel,2.0L,Manual,"50,560 miles",5,148 bhp,2017 (17),Hatchback,109 g/km,GREY,67.3,2.0,Euro 6,£199,"£16,700",20-07-2022,,
172,Tiguan,Diesel,2.0L,Manual,"46,871 miles",5,148 bhp,2016 (16),Estate,140 g/km,WHITE,53.3,2.0,Euro 6,£199,"£16,700",24-02-2022,,
173,Passat,Diesel,1.6L,Manual,"19,924 miles",4,118 bhp,2017 (17),Saloon,105 g/km,SILVER,70.6,1.0,Euro 6,£199,"£16,700",22-10-2022,,
174,Golf,Diesel,2.0L,Automatic,"48,041 miles",5,148 bhp,2018 (18),Hatchback,120 g/km,DEEP BLACK PEARL,67.3,1.0,Euro 6,£199,"£16,600",14-08-2022,,
175,Scirocco,Petrol,2.0L,Automatic,"32,559 miles",2,178 bhp,2016 (16),Coupe,148 g/km,DEEP BLACK PEARL,44.1,2.0,Euro 6,£199,"£16,500",15-09-2022,,
176,Golf,Diesel,2.0L,Automatic,"51,060 miles",5,182 bhp,2016 (66),Hatchback,119 g/km,BLACK,62.8,2.0,Euro 6,£199,"£16,500",23-10-2021,,
177,Golf,Petrol,2.0L,Automatic,"72,322 miles",3,227 bhp,2015 (65),Hatchback,149 g/km,WHITE,44.1,,Euro 6,£199,"£16,500",28-02-2022,,
178,Polo,Petrol,1.8L,Automatic,"18,981 miles",5,189 bhp,2015 (65),Hatchback,129 g/km,BLACK,50.4,2.0,Euro 6,£199,"£16,500",18-12-2021,,
179,Passat,Diesel,2.0L,Manual,"35,441 miles",5,148 bhp,2017 (67),Estate,110 g/km,BLUE,67.3,1.0,Euro 6,£199,"£16,450",16-08-2022,,
180,Golf,Diesel,2.0L,Manual,"71,926 miles",5,182 bhp,2017 (17),Hatchback,119 g/km,INDIUM GREY,60.1,1.0,Euro 6,£199,"£16,200",29-06-2022,,
181,Passat,Diesel,2.0L,Manual,"44,094 miles",4,187 bhp,2015 (65),Saloon,107 g/km,BLACK,68.9,2.0,Euro 6,£199,"£16,200",21-09-2022,,
182,Polo,Petrol,1.0L,Manual,"10,220 miles",5,94 bhp,2018 (68),Hatchback,104 g/km,GREY,51.4,1.0,Euro 6,£199,"£16,200",08-11-2022,,
183,Scirocco,Diesel,2.0L,Automatic,"43,277 miles",2,182 bhp,2016 (16),Coupe,125 g/km,DEEP BLACK PEARL,53.3,,Euro 6,£199,"£16,100",07-10-2022,,
184,Golf,Diesel,2.0L,Manual,"38,026 miles",5,148 bhp,2018 (18),Hatchback,106 g/km,DEEP BLACK PEARL,68.9,1.0,Euro 6,£199,"£16,100",11-07-2022,,
185,Golf,Diesel,1.6L,Automatic,"42,787 miles",5,114 bhp,2017 (67),Hatchback,102 g/km,BLUE,72.4,1.0,Euro 6,£199,"£16,000",13-10-2021,,
186,Golf,Diesel,2.0L,Manual,"58,902 miles",5,182 bhp,2017 (66),Hatchback,109 g/km,BLUE,67.3,2.0,Euro 6,£199,"£16,000",25-02-2022,,
187,Passat,Diesel,1.6L,Manual,"33,572 miles",4,118 bhp,2017 (67),Saloon,105 g/km,GREY,70.6,1.0,Euro 6,£199,"£16,000",18-10-2022,,
188,Polo,Petrol,1.0L,Automatic,"9,822 miles",5,94 bhp,2018 (68),Hatchback,106 g/km,BLACK,45.6,1.0,Euro 6,£199,"£16,000",23-10-2022,,
189,Golf,Diesel,2.0L,Manual,"48,132 miles",5,182 bhp,2015 (65),Hatchback,109 g/km,GREY,67.3,,Euro 6,£199,"£16,000",22-02-2022,,
190,Golf,Petrol,1.5L,Manual,"42,474 miles",5,,2018 (68),Hatchback,120 g/km,WHITE,,1.0,,£199,"£16,000",07-10-2022,,
191,Scirocco,Petrol,2.0L,Automatic,"28,049 miles",2,178 bhp,2017 (17),Coupe,148 g/km,MAUVE/PURPLE,44.1,2.0,Euro 6,£199,"£16,000",19-08-2022,,
192,Golf,Petrol,1.4L,Automatic,"14,484 miles",5,121 bhp,2016 (16),Hatchback,120 g/km,BLUE,53.3,2.0,Euro 6,£199,"£15,700",26-06-2022,,
193,Passat,Diesel,2.0L,Automatic,"49,543 miles",4,148 bhp,2018 (18),Saloon,119 g/km,BLUE,62.8,1.0,Euro 6,£199,"£15,600",15-03-2022,,
194,Polo,Petrol,1.0L,Manual,"12,128 miles",5,113 bhp,2018 (68),Hatchback,107 g/km,Energetic Orange Metallic,49.6,1.0,Euro 6,£199,"£15,600",21-09-2022,,
195,Polo,Petrol,1.0L,Manual,"11,959 miles",5,94 bhp,2018 (68),Hatchback,104 g/km,SILVER,52.3,1.0,Euro 6,£199,"£15,600",,,
196,Scirocco,Petrol,1.4L,Manual,"19,420 miles",2,123 bhp,2016 (66),Coupe,125 g/km,GREY,52.3,1.0,Euro 6,£199,"£15,600",19-01-2022,,
197,Polo,Petrol,1.0L,Manual,"8,378 miles",5,113 bhp,2018 (18),Hatchback,107 g/km,GREY,60.1,1.0,Euro 6,£199,"£15,500",28-08-2022,,
198,Golf,Diesel,2.0L,Manual,"51,271 miles",5,182 bhp,2016 (66),Hatchback,109 g/km,GREY,67.3,2.0,Euro 6,£199,"£15,500",29-09-2022,,
199,Golf,Diesel,1.6L,Manual,"19,505 miles",5,114 bhp,2018 (18),Hatchback,106 g/km,BLUE,61.4,1.0,Euro 6,£199,"£15,500",08-07-2022,,
200,Passat,Diesel,1.6L,Manual,"65,104 miles",5,118 bhp,2018 (18),Estate,110 g/km,ATLANTIC BLUE,67.3,1.0,Euro 6,£199,"£15,400",03-05-2022,,
201,Tiguan,Diesel,2.0L,Manual,"48,300 miles",5,148 bhp,2015 (15),Estate,140 g/km,BEIGE,53.3,2.0,Euro 6,£199,"£15,400",09-03-2022,,
202,Passat,Diesel,2.0L,Automatic,"35,347 miles",4,148 bhp,2017 (17),Saloon,119 g/km,HARVARD BLUE,62.8,2.0,Euro 6,£199,"£15,400",01-08-2022,,
203,Scirocco,Petrol,2.0L,Manual,"49,326 miles",2,178 bhp,2016 (16),Coupe,139 g/km,DEEP BLACK PEARL,47.1,,Euro 6,£199,"£15,300",07-06-2022,,
204,Golf,Diesel,1.6L,Manual,"50,085 miles",5,114 bhp,2019 (69),Hatchback,112 g/km,WHITE,57.7,1.0,Euro 6,£199,"£15,250",,,
205,Golf,Petrol,1.4L,Manual,"36,338 miles",5,148 bhp,2016 (66),Hatchback,109 g/km,WHITE,60.1,2.0,Euro 6,£199,"£15,200",01-11-2022,,
206,Golf,Petrol,1.0L,Manual,"30,251 miles",5,109 bhp,2018 (18),Hatchback,109 g/km,BLACK,58.9,1.0,Euro 6,£199,"£15,200",24-06-2022,,
207,Golf,Petrol,1.5L,Manual,"61,319 miles",5,148 bhp,2017 (67),Hatchback,116 g/km,BLUE,55.4,1.0,Euro 6,£199,"£15,200",27-09-2022,,
208,Polo,Petrol,1.0L,Manual,"23,480 miles",5,113 bhp,2018 (18),Hatchback,107 g/km,SILVER,60.1,1.0,Euro 6,£199,"£15,100",27-06-2022,,
209,Polo,Petrol,1.0L,Manual,"26,514 miles",5,94 bhp,2020 (20),Hatchback,104 g/km,BLUE,51.4,1.0,Euro 6,£199,"£15,000",,,
210,Golf,Diesel,1.6L,Manual,"49,354 miles",5,114 bhp,2017 (67),Hatchback,106 g/km,BLUE,61.4,1.0,Euro 6,£199,"£15,000",26-10-2022,,
211,Tiguan,Diesel,2.0L,Automatic,"56,387 miles",5,148 bhp,2015 (65),Estate,150 g/km,RED,49.6,2.0,Euro 6,£199,"£14,900",12-08-2022,,
212,Passat,Diesel,2.0L,Automatic,"43,126 miles",5,148 bhp,2015 (65),Estate,122 g/km,REFLEX SILVER,60.1,,Euro 6,£199,"£14,800",02-09-2022,,
213,Passat,Diesel,2.0L,Manual,"38,018 miles",4,148 bhp,2017 (17),Saloon,109 g/km,SILVER,68.9,1.0,Euro 6,£199,"£14,800",16-07-2022,,
214,Golf,Diesel,2.0L,Manual,"28,465 miles",5,148 bhp,2017 (17),Hatchback,109 g/km,BLACK,67.3,1.0,Euro 6,£199,"£14,800",,,
215,Polo,Petrol,1.0L,Manual,"21,134 miles",5,79 bhp,2020 (69),Hatchback,110 g/km,SILVER,47.9,1.0,Euro 6,£199,"£14,750",,,
216,Golf,Petrol,1.4L,Automatic,"5,242 miles",5,123 bhp,2017 (17),Hatchback,119 g/km,GREY,55.4,2.0,Euro 6,£199,"£14,700",30-03-2022,,
217,Golf,Diesel,2.0L,Automatic,"61,816 miles",5,148 bhp,2018 (67),Estate,120 g/km,GREY,61.4,1.0,Euro 6,£199,"£14,500",21-01-2022,,
218,Polo,Petrol,1.0L,Automatic,"20,014 miles",5,94 bhp,2018 (18),Hatchback,105 g/km,BLUE,61.4,1.0,Euro 6,£199,"£14,400",29-06-2022,,
219,Passat,Diesel,2.0L,Manual,"49,158 miles",4,148 bhp,2018 (18),Saloon,109 g/km,REFLEX SILVER,68.9,1.0,Euro 6,£199,"£14,300",14-05-2022,,
220,Polo,Petrol,1.0L,Manual,"8,281 miles",5,94 bhp,2018 (68),Hatchback,104 g/km,GREY,52.3,1.0,Euro 6,£199,"£14,250",11-11-2022,,
221,Passat,Diesel,1.6L,Manual,"57,791 miles",5,118 bhp,2018 (18),Estate,107 g/km,RED,68.9,1.0,Euro 6,£199,"£14,100",29-05-2022,,
222,Passat,Diesel,2.0L,Automatic,"88,179 miles",5,148 bhp,2016 (16),Estate,122 g/km,WHITE,60.1,2.0,Euro 6,£199,"£14,000",04-04-2022,,
223,Tiguan,Diesel,2.0L,Automatic,"78,125 miles",5,148 bhp,2016 (65),Estate,150 g/km,WHITE,49.6,2.0,Euro 6,£199,"£13,800",01-10-2022,,
224,Passat,Diesel,2.0L,Automatic,"41,226 miles",4,148 bhp,2015 (65),Saloon,119 g/km,DEEP BLACK PEARL,62.8,2.0,Euro 6,£199,"£13,800",02-09-2022,,
225,Golf,Diesel,1.6L,Manual,"52,687 miles",5,114 bhp,2017 (17),Hatchback,106 g/km,WHITE,61.4,,Euro 6,£199,"£13,750",11-04-2022,,
226,Polo,Petrol,1.0L,Manual,"8,129 miles",5,94 bhp,2018 (18),Hatchback,101 g/km,WHITE,64.2,1.0,Euro 6,£199,"£13,750",02-09-2022,,
227,Passat,Diesel,1.6L,Manual,"53,132 miles",5,118 bhp,2017 (17),Estate,107 g/km,BLACK,68.9,2.0,Euro 6,£199,"£13,700",26-08-2022,,
228,Passat,Diesel,1.6L,Manual,"40,244 miles",5,118 bhp,2016 (66),Estate,107 g/km,GREY,68.9,1.0,Euro 6,£199,"£13,700",07-12-2021,,
229,Polo,Petrol,1.0L,Manual,"13,734 miles",5,94 bhp,2019 (68),Hatchback,104 g/km,FLASH RED,52.3,1.0,Euro 6,£199,"£13,700",,,
230,Golf,Petrol,1.5L,Manual,"65,899 miles",5,128 bhp,2018 (18),Estate,113 g/km,GREY,58.9,1.0,Euro 6,£199,"£13,700",23-02-2022,,
231,Polo,Petrol,1.0L,Manual,"23,419 miles",5,94 bhp,2018 (68),Hatchback,104 g/km,BLACK,52.3,1.0,Euro 6,£199,"£13,500",25-10-2022,,
232,Passat,Diesel,1.6L,Manual,"71,198 miles",4,118 bhp,2017 (17),Saloon,109 g/km,SILVER,67.3,1.0,Euro 6,£199,"£13,500",06-05-2022,,
233,Polo,Petrol,1.0L,Manual,"19,170 miles",5,94 bhp,2018 (68),Hatchback,101 g/km,GREY,64.2,2.0,Euro 6,£199,"£13,500",30-09-2022,,
234,Golf,Petrol,1.4L,Manual,"68,585 miles",5,148 bhp,2016 (66),Hatchback,109 g/km,GREY,60.1,2.0,Euro 6,£199,"£13,300",30-10-2022,,
235,Polo,Petrol,1.0L,Manual,"29,210 miles",5,94 bhp,2018 (18),Hatchback,101 g/km,WHITE,64.2,1.0,Euro 6,£199,"£13,200",28-06-2022,,
236,Polo,Diesel,1.6L,Manual,"30,339 miles",5,79 bhp,2018 (18),Hatchback,97 g/km,BLACK,76.4,1.0,Euro 6,£199,"£13,200",14-08-2022,,
237,Polo,Petrol,1.0L,Manual,"10,756 miles",5,64 bhp,2018 (68),Hatchback,108 g/km,BLACK,60.1,1.0,Euro 6,£199,"£13,100",20-09-2022,,
238,Polo,Petrol,1.0L,Manual,"24,860 miles",5,94 bhp,2018 (18),Hatchback,101 g/km,WHITE,64.2,1.0,Euro 6,£199,"£13,100",05-08-2022,,
239,Polo,Petrol,1.0L,Manual,"41,224 miles",5,94 bhp,2018 (18),Hatchback,103 g/km,DEEP BLACK PEARL,62.8,1.0,Euro 6,£199,"£13,100",14-08-2022,,
240,Polo,Petrol,1.0L,Manual,"9,248 miles",5,74 bhp,2018 (68),Hatchback,108 g/km,GREY,60.1,1.0,Euro 6,£199,"£13,000",,,
241,Polo,Petrol,1.0L,Manual,"20,369 miles",5,94 bhp,2018 (68),Hatchback,101 g/km,GREY,64.2,1.0,Euro 6,£199,"£13,000",,,
242,Polo,Petrol,1.0L,Manual,"28,977 miles",5,94 bhp,2018 (67),Hatchback,103 g/km,BLACK,62.8,1.0,Euro 6,£199,"£13,000",12-08-2022,,
243,Polo,Petrol,1.0L,Manual,"23,760 miles",5,94 bhp,2018 (18),Hatchback,101 g/km,GREY,64.2,1.0,Euro 6,£199,"£13,000",02-08-2022,,
244,Passat,Diesel,2.0L,Manual,"65,004 miles",5,148 bhp,2016 (16),Estate,110 g/km,Tungsten Silver Metallic,67.3,2.0,Euro 6,£199,"£12,900",17-01-2022,,
245,Tiguan,Diesel,2.0L,Automatic,"68,519 miles",5,138 bhp,2015 (15),Estate,158 g/km,GREY,47.1,,,£199,"£12,800",16-11-2022,,Euro 5
246,Polo,Petrol,1.0L,Manual,"38,832 miles",5,94 bhp,2018 (68),Hatchback,104 g/km,BLACK,52.3,1.0,Euro 6,£199,"£12,700",07-11-2022,,
247,Passat,Diesel,1.6L,Manual,"62,103 miles",5,118 bhp,2017 (17),Estate,95 g/km,BLACK,76.4,1.0,Euro 6,£199,"£12,600",08-07-2022,,
248,Polo,Petrol,1.0L,Manual,"16,725 miles",5,74 bhp,2018 (68),Hatchback,108 g/km,SILVER,60.1,1.0,Euro 6,£199,"£12,600",,,
249,Polo,Petrol,1.0L,Manual,"22,946 miles",5,94 bhp,2018 (18),Hatchback,103 g/km,DEEP BLACK PEARL,62.8,1.0,Euro 6,£199,"£12,500",29-03-2022,,
250,Polo,Petrol,1.2L,Manual,"22,372 miles",5,89 bhp,2017 (67),Hatchback,107 g/km,SILVER,60.1,2.0,Euro 6,£199,"£12,500",05-10-2022,,
251,Polo,Petrol,1.0L,Manual,"12,843 miles",5,74 bhp,2018 (68),Hatchback,108 g/km,SILVER,60.1,1.0,Euro 6,£199,"£12,500",,,
252,Polo,Petrol,1.0L,Manual,"28,922 miles",5,94 bhp,2018 (67),Hatchback,101 g/km,BLACK,64.2,1.0,Euro 6,£199,"£12,500",16-02-2022,,
253,Passat,Diesel,2.0L,Manual,"73,381 miles",4,148 bhp,2017 (67),Saloon,109 g/km,DEEP BLACK PEARL,68.9,1.0,Euro 6,£199,"£12,500",,,
254,Passat,Diesel,1.6L,Manual,"54,684 miles",4,118 bhp,2015 (65),Saloon,109 g/km,PURE WHITE,67.3,2.0,Euro 6,£199,"£12,500",03-11-2021,,
255,Polo,Petrol,1.0L,Manual,"15,048 miles",5,74 bhp,2018 (18),Hatchback,108 g/km,BLACK,60.1,,Euro 6,£199,"£12,500",26-07-2022,,
256,Passat,Diesel,2.0L,Manual,"41,518 miles",4,148 bhp,2015 (65),Saloon,109 g/km,DEEP BLACK PEARL,68.9,,Euro 6,£199,"£12,400",13-06-2022,,
257,Polo,Petrol,1.2L,Manual,"22,916 miles",5,89 bhp,2017 (67),Hatchback,107 g/km,GREY,60.1,2.0,Euro 6,£199,"£12,400",29-10-2022,,
258,Golf,Petrol,1.4L,Automatic,"35,605 miles",5,148 bhp,2015 (15),Hatchback,112 g/km,BLACK,60.1,2.0,Euro 6,£199,"£12,400",12-07-2022,,
259,Passat,Diesel,1.6L,Manual,"59,752 miles",4,118 bhp,2017 (67),Saloon,95 g/km,BLUE,76.4,2.0,Euro 6,£199,"£12,300",20-10-2022,,
260,Polo,Petrol,1.0L,Manual,"25,445 miles",5,74 bhp,2018 (68),Hatchback,108 g/km,GREY,60.1,1.0,Euro 6,£199,"£12,300",12-09-2022,,
261,Jetta,Diesel,1.6L,Automatic,"49,085 miles",5,109 bhp,2015 (65),Estate,102 g/km,GREY,72.4,2.0,Euro 6,£199,"£12,300",27-05-2022,,
262,Polo,Petrol,1.2L,Manual,"20,882 miles",5,89 bhp,2017 (67),Hatchback,107 g/km,WHITE,60.1,1.0,Euro 6,£199,"£12,200",18-11-2022,,
263,Passat,Diesel,1.6L,Manual,"66,708 miles",5,118 bhp,2017 (66),Estate,107 g/km,SILVER,68.9,1.0,Euro 6,£199,"£12,150",29-01-2022,,
264,Tiguan,Diesel,2.0L,Automatic,"71,830 miles",5,138 bhp,2015 (15),Estate,158 g/km,DEEP BLACK PEARL,47.1,2.0,,£199,"£12,100",08-12-2021,,Euro 5
265,Polo,Petrol,1.0L,Manual,"30,367 miles",5,94 bhp,2018 (68),Hatchback,101 g/km,WHITE,64.2,1.0,Euro 6,£199,"£12,100",,,
266,Golf,Diesel,1.6L,Manual,"53,811 miles",5,114 bhp,2017 (67),Estate,109 g/km,BLACK,67.3,1.0,Euro 6,£199,"£12,000",10-09-2022,,
267,Polo,Petrol,1.0L,Manual,"36,299 miles",5,94 bhp,2018 (18),Hatchback,101 g/km,ORANGE,64.2,1.0,Euro 6,£199,"£12,000",12-08-2022,,
268,Polo,Petrol,1.2L,Manual,"24,102 miles",5,89 bhp,2017 (67),Hatchback,107 g/km,BLACK,60.1,2.0,Euro 6,£199,"£11,900",14-10-2022,,
269,Polo,Petrol,1.4L,Manual,"56,103 miles",5,148 bhp,2016 (66),Hatchback,107 g/km,WHITE,61.4,,Euro 6,£199,"£11,900",29-01-2022,,
270,Passat,Diesel,1.6L,Manual,"36,416 miles",4,118 bhp,2016 (66),Saloon,105 g/km,BLUE,70.6,1.0,Euro 6,£199,"£11,900",22-09-2022,,
271,Polo,Petrol,1.2L,Automatic,"30,628 miles",5,89 bhp,2016 (66),Hatchback,109 g/km,WHITE,60.1,,Euro 6,£199,"£11,900",05-10-2022,,
272,Polo,Petrol,1.0L,Manual,"48,865 miles",5,94 bhp,2018 (18),Hatchback,101 g/km,SILVER,64.2,1.0,Euro 6,£199,"£11,800",30-07-2022,,
273,Passat,Diesel,2.0L,Manual,"66,414 miles",4,148 bhp,2016 (16),Saloon,109 g/km,TUNGSTEN SILVER,68.9,1.0,Euro 6,£199,"£11,800",,,
274,Polo,Petrol,1.2L,Manual,"19,585 miles",5,89 bhp,2017 (67),Hatchback,107 g/km,GREY,60.1,2.0,Euro 6,£199,"£11,750",08-10-2022,,
275,Passat,Diesel,2.0L,Manual,"78,812 miles",5,148 bhp,2016 (66),Estate,110 g/km,BLUE,67.3,1.0,Euro 6,£199,"£11,700",08-12-2021,,
276,Polo,Petrol,1.2L,Manual,"29,424 miles",5,89 bhp,2017 (17),Hatchback,107 g/km,BLACK,60.1,1.0,Euro 6,£199,"£11,700",28-03-2022,,
277,Jetta,Petrol,1.4L,Manual,"52,204 miles",5,123 bhp,2015 (65),Estate,120 g/km,BLUE,53.3,1.0,Euro 6,£199,"£11,700",21-06-2022,,
278,Polo,Petrol,1.0L,Manual,"36,937 miles",5,94 bhp,2018 (68),Hatchback,101 g/km,SILVER,64.2,2.0,Euro 6,£199,"£11,500",,,
279,Polo,Petrol,1.2L,Manual,"20,478 miles",5,89 bhp,2017 (17),Hatchback,107 g/km,BLACK,60.1,1.0,Euro 6,£199,"£11,500",13-05-2022,,
280,Polo,Petrol,1.2L,Manual,"23,657 miles",3,89 bhp,2017 (17),Hatchback,107 g/km,BLACK,60.1,2.0,Euro 6,£199,"£11,500",13-11-2021,,
281,Polo,Petrol,1.0L,Manual,"27,792 miles",5,109 bhp,2016 (16),Hatchback,99 g/km,BLACK,65.7,2.0,Euro 6,£199,"£11,400",15-07-2022,,
282,Passat,Diesel,1.6L,Manual,"70,235 miles",5,118 bhp,2016 (16),Estate,107 g/km,BLUE,68.9,1.0,Euro 6,£199,"£11,400",12-07-2022,,
283,Golf,Petrol,1.4L,Automatic,"61,981 miles",5,121 bhp,2015 (15),Hatchback,120 g/km,RED,53.3,,Euro 6,£199,"£11,400",14-09-2022,,
284,Polo,Petrol,1.2L,Manual,"32,011 miles",5,89 bhp,2017 (17),Hatchback,107 g/km,SILVER,60.1,2.0,Euro 6,£199,"£11,400",22-01-2022,,
285,Up,Petrol,1.0L,Manual,"8,954 miles",5,59 bhp,2020 (70),Hatchback,101 g/km,WHITE,50.4,1.0,Euro 6,£199,"£11,400",,,
286,Passat,Diesel,1.6L,Manual,"56,565 miles",5,118 bhp,2016 (16),Estate,107 g/km,BLACK,68.9,2.0,Euro 6,£199,"£11,300",31-07-2022,,
287,Polo,Petrol,1.2L,Automatic,"36,889 miles",5,89 bhp,2016 (66),Hatchback,109 g/km,WHITE,60.1,2.0,Euro 6,£199,"£11,000",22-12-2021,,
288,Golf,Petrol,1.4L,Manual,"50,127 miles",5,,2015 (15),Hatchback,123 g/km,WHITE,,2.0,,£199,"£11,000",09-01-2022,,
289,Polo,Petrol,1.0L,Manual,"27,940 miles",5,59 bhp,2017 (17),Hatchback,114 g/km,BLACK,60.1,,Euro 6,£199,"£11,000",25-07-2022,,
290,Polo,Petrol,1.0L,Manual,"23,981 miles",5,59 bhp,2017 (67),Hatchback,108 g/km,GREY,60.1,1.0,Euro 6,£199,"£11,000",22-02-2022,,
291,Polo,Petrol,1.2L,Manual,"31,308 miles",3,89 bhp,2017 (17),Hatchback,107 g/km,WHITE,60.1,1.0,Euro 6,£199,"£11,000",12-03-2022,,
292,Polo,Petrol,1.2L,Manual,"28,103 miles",5,89 bhp,2017 (17),Hatchback,107 g/km,GREY,60.1,1.0,Euro 6,£199,"£10,900",14-10-2022,,
293,Golf,Diesel,1.6L,Manual,"84,684 miles",5,114 bhp,2017 (17),Estate,109 g/km,BLACK,67.3,1.0,Euro 6,£199,"£10,500",06-08-2022,,
294,Polo,Petrol,1.0L,Manual,"47,932 miles",5,64 bhp,2019 (68),Hatchback,109 g/km,GREY,48.7,2.0,Euro 6,£199,"£10,500",,,
295,Golf,Diesel,1.6L,Manual,"40,615 miles",5,103 bhp,2015 (15),Hatchback,102 g/km,GREY,72.4,2.0,,£199,"£10,400",03-04-2022,,Euro 5
296,Polo,Petrol,1.2L,Manual,"25,507 miles",3,89 bhp,2016 (16),Hatchback,107 g/km,BLACK,60.1,1.0,Euro 6,£199,"£10,400",30-03-2022,,
297,Polo,Petrol,1.0L,Manual,"26,348 miles",5,59 bhp,2016 (16),Hatchback,114 g/km,GREY,60.1,1.0,Euro 6,£199,"£10,100",10-06-2022,,
298,Polo,Petrol,1.2L,Manual,"39,675 miles",5,89 bhp,2015 (65),Hatchback,107 g/km,GREY,60.1,1.0,Euro 6,£199,"£10,100",30-09-2022,,
299,Polo,Diesel,1.4L,Manual,"25,408 miles",5,74 bhp,2015 (65),Hatchback,88 g/km,BLACK,83.1,2.0,Euro 6,£199,"£10,000",26-01-2022,,
300,Polo,Petrol,1.2L,Manual,"55,126 miles",5,89 bhp,2016 (16),Hatchback,107 g/km,GREY,60.1,2.0,Euro 6,£199,"£9,300",27-03-2022,,
301,Golf,Diesel,1.6L,Manual,"44,249 miles",5,103 bhp,2014 (14),Hatchback,102 g/km,BLACK,72.4,2.0,,£199,"£9,300",30-06-2022,,Euro 5
302,Polo,Petrol,1.0L,Manual,"29,682 miles",5,59 bhp,2015 (65),Hatchback,114 g/km,BLUE,60.1,,Euro 6,£199,"£9,000",27-09-2022,,
303,Polo,Petrol,1.2L,Manual,"41,654 miles",5,89 bhp,2015 (65),Hatchback,107 g/km,BLUE,60.1,1.0,Euro 6,£199,"£8,900",01-10-2022,,
304,Polo,Petrol,1.2L,Manual,"40,606 miles",3,89 bhp,2015 (15),Hatchback,107 g/km,RED,60.1,2.0,Euro 6,£199,"£8,600",23-03-2022,,
305,Up,Petrol,1.0L,Manual,"15,057 miles",3,59 bhp,2018 (68),Hatchback,101 g/km,WHITE,64.2,1.0,Euro 6,£199,"£8,500",21-09-2022,,
306,Up,Petrol,1.0L,Manual,"37,906 miles",5,59 bhp,2017 (67),Hatchback,101 g/km,BLUE,64.2,2.0,Euro 6,£199,"£7,800",27-09-2022,,
307,Up,Petrol,1.0L,Manual,"23,024 miles",3,59 bhp,2017 (67),Hatchback,101 g/km,RED,64.2,1.0,Euro 6,£199,"£7,700",13-09-2022,,
308,Up,Petrol,1.0L,Manual,"27,727 miles",3,59 bhp,2017 (67),Hatchback,101 g/km,WHITE,64.2,1.0,Euro 6,£199,"£7,500",04-08-2022,,
309,Polo,Petrol,1.2L,Manual,"71,395 miles",3,89 bhp,2014 (64),Hatchback,107 g/km,BLUE,60.1,,Euro 6,£199,"£7,000",26-10-2022,,
310,Up,Petrol,1.0L,Manual,"8,810 miles",3,59 bhp,2016 (66),Hatchback,101 g/km,RED,64.2,1.0,Euro 6,£199,"£6,500",24-09-2021,,
311,Up,Petrol,1.0L,Manual,"49,271 miles",3,59 bhp,2015 (65),Hatchback,105 g/km,RED,62.8,,Euro 5,£199,"£5,600",26-09-2022,,
