,Model,Fuel Type,Engine Size,Transmission,Mileage,Doors,BHP,Year,MPG,Tax,Price,Body Type,CO2,MOT Expires
0,8 Series,Petrol,3.0L,Automatic,933 miles,2,335 bhp,2021 (21),33.6,£199,"£55,500",,,
1,M2,Petrol,3.0L,Automatic,"18,161 miles",2,405 bhp,2019 (69),,£199,"£41,500",,,
2,X5,Diesel,3.0L,Automatic,"54,064 miles",5,308 bhp,2017 (67),,£199,"£37,000",,,
3,5 Series,Petrol,3.0L,Automatic,"35,578 miles",5,335 bhp,2018 (68),,£199,"£36,900",,,
4,X5,Diesel,3.0L,Automatic,"34,681 miles",5,308 bhp,2017 (17),,£199,"£36,000",,,
5,X3,Diesel,2.0L,Automatic,"11,897 miles",5,188 bhp,2019 (19),,£199,"£34,600",,,
6,X6,Diesel,3.0L,Automatic,"45,740 miles",4,255 bhp,2018 (18),,£199,"£34,500",,,
7,X5,Diesel,3.0L,Automatic,"58,404 miles",5,255 bhp,2017 (67),,£199,"£34,500",,,
8,5 Series,Petrol,3.0L,Automatic,"25,134 miles",4,335 bhp,2018 (68),,£199,"£34,300",,,
9,X5,Diesel,3.0L,Automatic,"43,237 miles",5,255 bhp,2016 (66),,£199,"£33,800",,,
10,3 Series,Diesel,2.0L,Automatic,"9,857 miles",5,188 bhp,2020 (69),50.4,£199,"£32,400",,,
11,X5,Diesel,3.0L,Automatic,"48,237 miles",5,255 bhp,2016 (16),,£199,"£31,300",,,
12,X3,Diesel,3.0L,Automatic,"29,556 miles",5,308 bhp,2017 (67),,£199,"£31,100",,,
13,6 Series,Diesel,3.0L,Automatic,"26,166 miles",4,308 bhp,2018 (18),,£199,"£31,000",,,
14,X1,Petrol,2.0L,Automatic,"7,400 miles",5,189 bhp,2019 (69),,£199,"£30,700",,,
15,6 Series,Petrol,3.0L,Automatic,"46,238 miles",2,,2017 (17),,£199,"£30,600",Convertible,184 g/km,
16,6 Series,Petrol,2.0L,Automatic,"25,657 miles",5,248 bhp,2018 (68),42.8,£199,"£30,600",,,
17,X4,Diesel,2.0L,Automatic,"28,510 miles",4,188 bhp,2018 (18),,£199,"£30,600",,,
18,X6,Diesel,3.0L,Automatic,"60,407 miles",4,308 bhp,2016 (16),,£199,"£30,500",,,
19,6 Series,Diesel,3.0L,Automatic,"32,054 miles",5,261 bhp,2018 (68),53.3,£199,"£30,300",,,
20,X3,Diesel,2.0L,Automatic,"44,457 miles",5,188 bhp,2018 (67),,£199,"£30,100",,,
21,6 Series,Diesel,3.0L,Automatic,"28,229 miles",5,261 bhp,2018 (18),53.3,£199,"£30,000",,,
22,X5,Diesel,3.0L,Automatic,"57,269 miles",5,255 bhp,2015 (65),,£199,"£30,000",,,
23,X5,Diesel,3.0L,Automatic,"42,545 miles",5,255 bhp,2014 (64),47.1,£199,"£29,800",,,
24,X3,Diesel,2.0L,Automatic,"41,753 miles",5,188 bhp,2018 (68),54.3,£199,"£29,800",,,
25,6 Series,Diesel,2.0L,Automatic,"30,636 miles",5,188 bhp,2019 (69),44.1,£199,"£29,800",,,
26,2 Series,Petrol,2.0L,Automatic,"11,035 miles",5,189 bhp,2019 (69),47.9,£199,"£29,700",,,
27,6 Series,Diesel,3.0L,Automatic,"26,639 miles",4,308 bhp,2017 (67),,£199,"£29,700",,,
28,3 Series,Petrol,2.0L,Automatic,"11,249 miles",4,181 bhp,2020 (69),,£199,"£29,500",,,
29,3 Series,Hybrid Petrol,2.0L,Automatic,"33,553 miles",4,288 bhp,2019 (69),8.8,£199,"£29,500",,,
30,6 Series,Diesel,3.0L,Automatic,"44,013 miles",5,261 bhp,2018 (68),53.3,£199,"£29,500",,,
31,6 Series,Petrol,3.0L,Automatic,"51,046 miles",2,315 bhp,2017 (67),,£199,"£29,400",,,
32,3 Series,Petrol,2.0L,Automatic,"21,837 miles",4,255 bhp,2019 (19),,£199,"£29,300",,,
33,6 Series,Petrol,3.0L,Automatic,"18,841 miles",4,,2017 (67),,£199,"£29,000",Coupe,182 g/km,
34,6 Series,Petrol,2.0L,Automatic,"20,996 miles",5,248 bhp,2018 (68),42.8,£199,"£29,000",,,
35,X4,Diesel,2.0L,Automatic,"35,720 miles",4,188 bhp,2017 (67),,£199,"£28,800",,,
36,6 Series,Petrol,2.0L,Automatic,"34,217 miles",5,248 bhp,2018 (68),42.8,£199,"£28,700",,,
37,X5,Diesel,3.0L,Automatic,"60,263 miles",5,255 bhp,2015 (15),,£199,"£28,600",,,
38,X5,Hybrid Petrol,2.0L,Automatic,"55,140 miles",5,,2016 (16),,£199,"£28,600",,,05-07-2022
39,3 Series,Hybrid Petrol,2.0L,Automatic,"30,565 miles",4,288 bhp,2019 (69),8.8,£199,"£28,400",,,
40,X3,Diesel,3.0L,Automatic,"19,925 miles",5,308 bhp,2016 (66),,£199,"£28,400",,,
41,5 Series,Diesel,3.0L,Automatic,"56,493 miles",5,261 bhp,2018 (67),,£199,"£28,300",,,
42,3 Series,Petrol,2.0L,Automatic,"11,412 miles",5,181 bhp,2019 (19),,£199,"£28,200",,,
43,X1,Petrol,2.0L,Automatic,"24,484 miles",5,189 bhp,2019 (69),,£199,"£28,200",,,
44,3 Series,Petrol,2.0L,Automatic,"11,080 miles",5,181 bhp,2019 (19),,£199,"£28,200",,,
45,X5,Diesel,3.0L,Automatic,"65,445 miles",5,255 bhp,2015 (65),,£199,"£28,000",,,
46,6 Series,Diesel,2.0L,Automatic,"27,656 miles",5,188 bhp,2018 (68),44.1,£199,"£27,900",,,
47,X4,Diesel,3.0L,Automatic,"19,755 miles",4,308 bhp,2016 (16),,£199,"£27,800",,,
48,3 Series,Petrol,2.0L,Automatic,"13,977 miles",5,181 bhp,2019 (19),,£199,"£27,800",,,
49,X2,Petrol,1.5L,Manual,"7,038 miles",5,138 bhp,2019 (69),42.8,£199,"£27,500",,,
50,3 Series,Petrol,2.0L,Automatic,"22,358 miles",5,181 bhp,2019 (68),,£199,"£27,400",,,
51,4 Series,Petrol,2.0L,Automatic,"12,093 miles",4,181 bhp,2018 (68),,£199,"£27,300",,,
52,3 Series,Petrol,2.0L,Automatic,"12,101 miles",4,181 bhp,2019 (19),42.2,£199,"£27,200",,,
53,5 Series,Diesel,2.0L,Automatic,"45,512 miles",5,188 bhp,2018 (18),,£199,"£27,000",,,
54,X4,Diesel,3.0L,Automatic,"27,573 miles",4,255 bhp,2016 (66),,£199,"£27,000",,,
55,3 Series,Petrol,2.0L,Automatic,"15,007 miles",4,181 bhp,2019 (69),,£199,"£26,900",,,
56,I3,Electric,,Automatic,"7,051 miles",5,168 bhp,2020 (20),1.0,£199,"£26,800",,,
57,2 Series,Petrol,2.0L,Automatic,"16,565 miles",2,181 bhp,2019 (19),,£199,"£26,700",,,
58,1 Series,Petrol,3.0L,Automatic,"15,550 miles",5,335 bhp,2018 (68),39.8,£199,"£26,600",,,
59,5 Series,Hybrid Petrol,2.0L,Automatic,"58,408 miles",4,248 bhp,2018 (68),,£199,"£26,600",,,
60,3 Series,Petrol,2.0L,Automatic,"26,457 miles",4,181 bhp,2019 (19),42.2,£199,"£26,500",,,
61,X3,Diesel,3.0L,Automatic,"42,646 miles",5,308 bhp,2016 (16),,£199,"£26,400",,,
62,1M,Petrol,3.0L,Automatic,"16,083 miles",5,335 bhp,2018 (68),,£199,"£26,400",,,
63,3 Series,Petrol,2.0L,Automatic,"29,011 miles",4,181 bhp,2019 (69),,£199,"£26,400",,,
64,1M,Petrol,3.0L,Automatic,"16,613 miles",5,335 bhp,2018 (68),,£199,"£26,300",,,
65,X5,Diesel,2.0L,Automatic,"65,911 miles",5,215 bhp,2015 (15),,£199,"£26,100",,,
66,X3,Diesel,2.0L,Automatic,"54,497 miles",5,188 bhp,2018 (68),,£199,"£26,100",,,
67,5 Series,Diesel,2.0L,Automatic,"42,692 miles",5,188 bhp,2018 (68),,£199,"£26,000",,,
68,X4,Diesel,3.0L,Automatic,"63,156 miles",4,255 bhp,2017 (66),,£199,"£25,900",,,
69,7 Series,Diesel,3.0L,Automatic,"54,108 miles",4,,2016 (16),,£199,"£25,900",Saloon,129 g/km,
70,1M,Petrol,3.0L,Automatic,"13,454 miles",5,335 bhp,2018 (18),,£199,"£25,900",,,
71,5 Series,Diesel,2.0L,Automatic,"24,938 miles",4,188 bhp,2018 (18),,£199,"£25,800",,,
72,5 Series,Diesel,2.0L,Automatic,"32,117 miles",5,188 bhp,2017 (17),62.8,£199,"£25,700",,,
73,X2,Diesel,2.0L,Automatic,"21,054 miles",5,187 bhp,2018 (18),58.9,£199,"£25,600",,,
74,6 Series,Diesel,3.0L,Automatic,"24,634 miles",2,308 bhp,2017 (67),,£199,"£25,500",,,
75,1 Series,Petrol,1.5L,Automatic,"33,641 miles",5,138 bhp,2020 (69),40.4,£199,"£25,400",,,
76,X4,Diesel,2.0L,Automatic,"40,588 miles",4,,2016 (66),,£199,"£25,300",Coupe,136 g/km,
77,X1,Diesel,2.0L,Automatic,"7,770 miles",5,187 bhp,2018 (18),,£199,"£25,200",,,
78,6 Series,Diesel,3.0L,Automatic,"41,401 miles",4,308 bhp,2016 (66),,£199,"£25,200",,,
79,1M,Petrol,3.0L,Automatic,"21,676 miles",5,335 bhp,2018 (18),,£199,"£25,200",,,
80,X1,Diesel,2.0L,Automatic,"13,617 miles",5,148 bhp,2018 (68),,£199,"£25,100",,,
81,3 Series,Petrol,2.0L,Automatic,"16,262 miles",4,181 bhp,2018 (18),,£199,"£25,000",,,
82,X3,Diesel,2.0L,Automatic,"38,366 miles",5,188 bhp,2017 (67),,£199,"£24,900",,,
83,1M,Petrol,3.0L,Automatic,"14,608 miles",5,335 bhp,2018 (68),,£199,"£24,800",,,
84,X4,Diesel,2.0L,Automatic,"55,349 miles",4,188 bhp,2015 (65),,£199,"£24,800",,,
85,X1,Petrol,1.5L,Manual,"17,243 miles",5,138 bhp,2020 (69),39.8,£199,"£24,800",,,
86,1 Series,Petrol,3.0L,Automatic,"26,740 miles",5,335 bhp,2018 (18),,£199,"£24,800",,,
87,5 Series,Diesel,2.0L,Automatic,"61,872 miles",5,188 bhp,2018 (18),62.8,£199,"£24,600",,,
88,X1,Diesel,2.0L,Automatic,"15,790 miles",5,148 bhp,2017 (67),,£199,"£24,500",,,
89,X4,Diesel,3.0L,Automatic,"47,714 miles",4,255 bhp,2015 (65),,£199,"£24,500",,,
90,6 Series,Diesel,3.0L,Automatic,"33,910 miles",4,308 bhp,2016 (16),,£199,"£24,500",,,
91,1 Series,Petrol,3.0L,Manual,"18,520 miles",5,335 bhp,2018 (18),,£199,"£24,400",,,
92,1M,Petrol,3.0L,Automatic,"16,377 miles",5,335 bhp,2018 (18),,£199,"£24,400",,,
93,2 Series,Hybrid Petrol,1.5L,Automatic,"28,782 miles",5,,2018 (68),,£199,"£24,300",Hatchback,57 g/km,
94,2 Series,Petrol,2.0L,Automatic,"22,402 miles",2,181 bhp,2019 (69),,£199,"£24,300",,,
95,X4,Diesel,2.0L,Automatic,"56,381 miles",4,188 bhp,2016 (16),,£199,"£24,200",,,
96,1M,Petrol,3.0L,Automatic,"39,450 miles",5,335 bhp,2018 (68),39.8,£199,"£24,200",,,
97,3 Series,Petrol,2.0L,Automatic,"38,157 miles",5,181 bhp,2018 (18),,£199,"£24,200",,,
98,3 Series,Diesel,2.0L,Automatic,"16,420 miles",4,188 bhp,2018 (68),,£199,"£24,200",,,
99,4 Series,Diesel,2.0L,Automatic,"37,367 miles",4,188 bhp,2018 (68),,£199,"£24,100",,,
100,X4,Diesel,2.0L,Automatic,"48,643 miles",4,188 bhp,2015 (65),,£199,"£24,100",,,
101,3 Series,Hybrid Petrol,2.0L,Automatic,"29,933 miles",4,248 bhp,2018 (18),,£199,"£24,100",,,
102,6 Series,Petrol,3.0L,Automatic,"25,397 miles",4,315 bhp,2015 (65),,£199,"£24,000",,,
103,X1,Diesel,2.0L,Automatic,"30,409 miles",5,148 bhp,2017 (67),,£199,"£23,900",,,
104,X1,Petrol,2.0L,Automatic,"36,593 miles",5,189 bhp,2018 (18),,£199,"£23,900",,,
105,3 Series,Petrol,2.0L,Automatic,"35,065 miles",5,181 bhp,2019 (19),,£199,"£23,800",,,
106,X3,Diesel,2.0L,Automatic,"49,077 miles",5,188 bhp,2016 (66),,£199,"£23,800",,,
107,X4,Diesel,2.0L,Automatic,"69,752 miles",4,188 bhp,2016 (66),,£199,"£23,700",,,
108,X1,Petrol,2.0L,Automatic,"40,628 miles",5,189 bhp,2018 (18),44.8,£199,"£23,700",,,
109,2 Series,Petrol,2.0L,Automatic,"26,516 miles",5,189 bhp,2019 (19),47.9,£199,"£23,600",,,
110,5 Series,Diesel,3.0L,Automatic,"73,879 miles",5,261 bhp,2017 (67),51.4,£199,"£23,600",,,
111,2 Series,Hybrid Petrol,1.5L,Automatic,"26,252 miles",5,,2018 (68),,£199,"£23,600",Hatchback,,27-09-2022
112,3 Series,Diesel,3.0L,Automatic,"49,061 miles",5,308 bhp,2017 (17),49.6,£199,"£23,500",,,
113,3 Series,Petrol,2.0L,Automatic,"27,044 miles",4,181 bhp,2018 (68),,£199,"£23,500",,,
114,6 Series,Diesel,3.0L,Automatic,"37,727 miles",2,308 bhp,2017 (17),,£199,"£23,500",,,
115,I3,Electric,,Automatic,"18,889 miles",5,168 bhp,2019 (19),1.0,£199,"£23,300",,,
116,X1,Diesel,2.0L,Automatic,"30,727 miles",5,188 bhp,2017 (17),,£199,"£23,300",,,
117,5 Series,Diesel,2.0L,Automatic,"48,882 miles",5,188 bhp,2018 (18),65.7,£199,"£23,300",,,
118,X4,Diesel,2.0L,Automatic,"50,951 miles",4,188 bhp,2015 (15),,£199,"£23,200",,,
119,2 Series,Petrol,1.5L,Automatic,"11,604 miles",5,134 bhp,2018 (18),53.3,£199,"£23,200",,,
120,4 Series,Petrol,2.0L,Automatic,"39,581 miles",4,248 bhp,2018 (18),,£199,"£23,100",,,
121,1 Series,Petrol,3.0L,Automatic,"44,961 miles",5,335 bhp,2018 (18),,£199,"£23,100",,,
122,X4,Diesel,2.0L,Automatic,"63,755 miles",4,188 bhp,2016 (66),,£199,"£23,100",,,
123,X1,Petrol,2.0L,Automatic,"38,104 miles",5,189 bhp,2018 (18),,£199,"£23,100",,,
124,5 Series,Diesel,2.0L,Automatic,"29,008 miles",4,188 bhp,2018 (68),,£199,"£23,000",,,
125,4 Series,Diesel,3.0L,Automatic,"35,769 miles",4,255 bhp,2017 (17),53.3,£199,"£23,000",,,
126,2 Series,Petrol,1.5L,Automatic,"21,370 miles",5,138 bhp,2018 (68),38.7,£199,"£23,000",,,
127,X2,Diesel,2.0L,Automatic,"40,145 miles",5,187 bhp,2018 (18),58.9,£199,"£23,000",,,
128,X1,Petrol,2.0L,Automatic,"32,468 miles",5,189 bhp,2018 (68),,£199,"£23,000",,,
129,2 Series,Hybrid Petrol,1.5L,Automatic,"14,547 miles",5,,2017 (67),,£199,"£22,900",Hatchback,49 g/km,
130,3 Series,Diesel,3.0L,Automatic,"51,879 miles",5,308 bhp,2017 (17),,£199,"£22,800",,,
131,X1,Diesel,2.0L,Automatic,"31,742 miles",5,148 bhp,2017 (67),,£199,"£22,800",,,
132,5 Series,Petrol,2.0L,Automatic,"36,584 miles",4,181 bhp,2019 (19),,£199,"£22,800",,,
133,3 Series,Diesel,3.0L,Automatic,"37,657 miles",4,308 bhp,2017 (17),,£199,"£22,800",,,
134,X4,Diesel,3.0L,Automatic,"57,123 miles",4,255 bhp,2016 (16),,£199,"£22,700",,,
135,X1,Diesel,2.0L,Manual,"25,674 miles",5,148 bhp,2018 (67),,£199,"£22,700",,,
136,4 Series,Diesel,2.0L,Automatic,"35,426 miles",2,188 bhp,2018 (68),65.7,£199,"£22,600",,,
137,5 Series,Diesel,2.0L,Automatic,"44,453 miles",4,188 bhp,2017 (67),,£199,"£22,600",,,
138,1 Series,Petrol,3.0L,Manual,"38,946 miles",5,335 bhp,2018 (18),,£199,"£22,500",,,
139,3 Series,Diesel,3.0L,Automatic,"39,993 miles",5,308 bhp,2015 (65),,£199,"£22,500",,,
140,5 Series,Diesel,2.0L,Automatic,"62,568 miles",5,188 bhp,2018 (68),,£199,"£22,500",,,
141,2 Series,Diesel,2.0L,Automatic,"17,431 miles",2,222 bhp,2018 (18),61.4,£199,"£22,500",,,
142,X1,Diesel,2.0L,Automatic,"47,241 miles",5,188 bhp,2017 (67),,£199,"£22,500",,,
143,2 Series,Petrol,1.5L,Automatic,"31,276 miles",5,134 bhp,2018 (18),53.3,£199,"£22,500",,,
144,4 Series,Diesel,2.0L,Automatic,"17,427 miles",4,188 bhp,2017 (17),65.7,£199,"£22,500",,,
145,5 Series,Diesel,2.0L,Automatic,"65,794 miles",5,188 bhp,2018 (18),,£199,"£22,500",,,
146,4 Series,Diesel,2.0L,Automatic,"48,728 miles",2,188 bhp,2018 (68),,£199,"£22,400",,,
147,X2,Diesel,2.0L,Automatic,,5,187 bhp,2018 (68),61.4,£199,"£22,400",Hatchback,,
148,3 Series,Diesel,2.0L,Automatic,"27,967 miles",4,188 bhp,2018 (68),,£199,"£22,400",,,
149,X2,Diesel,2.0L,Automatic,"56,271 miles",5,187 bhp,2018 (68),61.4,£199,"£22,400",,,
150,5 Series,Diesel,2.0L,Automatic,"45,669 miles",5,188 bhp,2018 (18),65.7,£199,"£22,300",,,
151,6 Series,Diesel,3.0L,Automatic,"43,172 miles",4,308 bhp,2016 (16),,£199,"£22,300",,,
152,X1,Petrol,1.5L,Manual,"11,290 miles",5,,2018 (18),,£199,"£22,200",SUV,132 g/km,
153,2 Series,Petrol,1.5L,Automatic,"36,604 miles",2,134 bhp,2019 (19),50.4,£199,"£22,200",,,
154,3 Series,Diesel,3.0L,Automatic,"35,582 miles",4,308 bhp,2017 (67),,£199,"£22,100",,,
155,3 Series,Diesel,2.0L,Automatic,"38,728 miles",5,188 bhp,2018 (68),,£199,"£22,100",,,
156,X1,Diesel,2.0L,Automatic,"44,030 miles",5,187 bhp,2018 (18),,£199,"£22,100",,,
157,2 Series,Diesel,2.0L,Automatic,"38,371 miles",5,187 bhp,2018 (68),47.1,£199,"£22,000",,,
158,X1,Diesel,2.0L,Automatic,"22,587 miles",5,148 bhp,2017 (17),,£199,"£22,000",,,
159,5 Series,Diesel,2.0L,Automatic,"58,410 miles",4,188 bhp,2018 (18),,£199,"£22,000",,,
160,5 Series,Diesel,2.0L,Automatic,"39,001 miles",4,188 bhp,2018 (18),,£199,"£22,000",,,
161,2 Series,Hybrid Petrol,1.5L,Automatic,"25,947 miles",5,,2018 (68),,£199,"£22,000",Hatchback,57 g/km,
162,5 Series,Diesel,2.0L,Automatic,"35,011 miles",4,188 bhp,2017 (67),,£199,"£22,000",,,
163,6 Series,Diesel,3.0L,Automatic,"41,542 miles",4,308 bhp,2015 (15),,£199,"£21,900",,,
164,I3,Electric,,Automatic,"14,722 miles",5,168 bhp,2018 (68),1.0,£199,"£21,800",,,
165,2 Series,Diesel,2.0L,Automatic,"29,384 miles",5,187 bhp,2018 (18),47.1,£199,"£21,800",,,
166,X4,Diesel,3.0L,Automatic,"70,331 miles",4,255 bhp,2015 (65),,£199,"£21,800",,,
167,2 Series,Petrol,2.0L,Automatic,"24,682 miles",2,181 bhp,2018 (18),,£199,"£21,800",,,
168,X3,Diesel,2.0L,Automatic,"41,295 miles",5,188 bhp,2015 (64),54.3,£199,"£21,700",,,
169,4 Series,Petrol,2.0L,Automatic,"38,022 miles",4,181 bhp,2018 (18),,£199,"£21,700",,,
170,3 Series,Diesel,2.0L,Automatic,"51,632 miles",4,188 bhp,2018 (68),,£199,"£21,700",,,
171,1 Series,Diesel,2.0L,Automatic,"22,878 miles",5,147 bhp,2018 (68),,£199,"£21,700",,,
172,3 Series,Diesel,2.0L,Automatic,"36,718 miles",5,188 bhp,2018 (18),,£199,"£21,700",,,
173,4 Series,Petrol,2.0L,Automatic,"38,468 miles",2,181 bhp,2018 (18),,£199,"£21,700",,,
174,X2,Diesel,2.0L,Automatic,"57,746 miles",5,187 bhp,2018 (18),58.9,£199,"£21,700",,,
175,5 Series,Petrol,2.0L,Automatic,"44,774 miles",4,181 bhp,2019 (19),,£199,"£21,700",,,
176,3 Series,Diesel,3.0L,Automatic,"28,375 miles",4,308 bhp,2016 (66),,£199,"£21,600",,,
177,X1,Petrol,1.5L,Manual,"38,958 miles",5,138 bhp,2018 (18),51.4,£199,"£21,600",,,
178,X3,Diesel,2.0L,Automatic,"51,443 miles",5,188 bhp,2017 (17),,£199,"£21,600",,,
179,X3,Diesel,2.0L,Automatic,"55,401 miles",5,188 bhp,2015 (65),,£199,"£21,600",,,
180,4 Series,Diesel,2.0L,Automatic,"24,788 miles",4,188 bhp,2016 (66),,£199,"£21,600",,,
181,3 Series,Diesel,3.0L,Automatic,"22,488 miles",4,308 bhp,2017 (67),,£199,"£21,600",,,
182,5 Series,Diesel,2.0L,Automatic,"31,226 miles",5,188 bhp,2017 (17),,£199,"£21,600",,,
183,X1,Petrol,1.5L,Manual,"25,235 miles",5,138 bhp,2018 (68),51.4,£199,"£21,500",,,
184,5 Series,Diesel,2.0L,Automatic,"79,628 miles",4,188 bhp,2017 (17),,£199,"£21,500",,,
185,5 Series,Diesel,3.0L,Automatic,"24,667 miles",4,255 bhp,2015 (65),,£199,"£21,500",,,
186,X1,Diesel,2.0L,Automatic,"43,847 miles",5,148 bhp,2017 (17),,£199,"£21,500",,,
187,X4,Diesel,2.0L,Automatic,"64,026 miles",4,188 bhp,2015 (65),,£199,"£21,500",,,
188,1 Series,Petrol,2.0L,Automatic,"27,350 miles",5,181 bhp,2019 (68),,£199,"£21,500",,,
189,5 Series,Diesel,2.0L,Automatic,"46,576 miles",4,188 bhp,2018 (68),,£199,"£21,400",,,
190,X1,Diesel,2.0L,Automatic,"50,492 miles",5,188 bhp,2016 (66),57.7,£199,"£21,400",,,
191,I3,Electric,,Automatic,"20,310 miles",5,168 bhp,2018 (68),1.0,£199,"£21,300",,,
192,M2,Petrol,3.0L,Automatic,"49,179 miles",2,335 bhp,2016 (66),39.8,£199,"£21,300",,,
193,3 Series,Hybrid Petrol,2.0L,Automatic,"52,012 miles",4,248 bhp,2018 (18),,£199,"£21,300",,,
194,X1,Diesel,2.0L,Automatic,"40,411 miles",5,188 bhp,2016 (16),57.7,£199,"£21,300",,,
195,X1,Petrol,2.0L,Automatic,"38,114 miles",5,189 bhp,2016 (66),,£199,"£21,300",,,
196,4 Series,Diesel,2.0L,Automatic,"36,763 miles",2,188 bhp,2018 (18),,£199,"£21,300",,,
197,X1,Diesel,2.0L,Manual,"21,232 miles",5,188 bhp,2016 (66),58.9,£199,"£21,300",,,
198,5 Series,Diesel,3.0L,Automatic,"37,173 miles",4,308 bhp,2015 (65),,£199,"£21,300",,,
199,I3,Electric,,Automatic,"21,876 miles",5,168 bhp,2018 (68),1.0,£199,"£21,300",,,
200,6 Series,Diesel,3.0L,Automatic,"13,649 miles",4,308 bhp,2014 (14),,£199,"£21,200",,,
201,2 Series,Petrol,2.0L,Automatic,"35,330 miles",2,181 bhp,2018 (67),,£199,"£21,200",,,
202,2 Series,Hybrid Petrol,1.5L,Automatic,"43,704 miles",5,,2018 (68),,£199,"£21,150",Hatchback,,14-09-2022
203,3 Series,Hybrid Petrol,2.0L,Automatic,"44,710 miles",4,,2018 (18),,£199,"£21,100",,,20-08-2022
204,X1,Diesel,2.0L,Automatic,"41,425 miles",5,187 bhp,2018 (18),,£199,"£21,100",,,
205,1 Series,Petrol,1.5L,Automatic,"22,275 miles",3,134 bhp,2019 (19),,£199,"£21,100",,,
206,X3,Diesel,2.0L,Automatic,"56,345 miles",5,188 bhp,2017 (17),,£199,"£21,100",,,
207,1 Series,Petrol,1.5L,Automatic,"17,483 miles",5,134 bhp,2019 (68),,£199,"£21,000",,,
208,4 Series,Diesel,2.0L,Automatic,"44,320 miles",4,188 bhp,2019 (68),,£199,"£21,000",,,
209,3 Series,Diesel,3.0L,Automatic,"37,964 miles",4,255 bhp,2017 (17),,£199,"£21,000",,,
210,2 Series,Hybrid Petrol,1.5L,Automatic,"20,953 miles",5,,2017 (67),,£199,"£21,000",Hatchback,,29-11-2021
211,3 Series,Diesel,2.0L,Automatic,"27,828 miles",5,188 bhp,2017 (66),,£199,"£21,000",,,
212,2 Series,Petrol,2.0L,Automatic,"26,445 miles",2,248 bhp,2016 (66),45.6,£199,"£21,000",,,
213,2 Series,Diesel,2.0L,Automatic,"50,025 miles",5,187 bhp,2018 (68),47.1,£199,"£21,000",,,
214,3 Series,Diesel,3.0L,Automatic,"46,714 miles",4,308 bhp,2017 (67),,£199,"£21,000",,,
215,3 Series,Diesel,2.0L,Automatic,"30,335 miles",4,188 bhp,2018 (68),,£199,"£21,000",,,
216,2 Series,Petrol,2.0L,Automatic,"13,311 miles",2,181 bhp,2017 (17),46.3,£199,"£20,900",,,
217,3 Series,Petrol,1.5L,Automatic,"19,635 miles",5,134 bhp,2018 (68),,£199,"£20,850",,,
218,4 Series,Diesel,2.0L,Manual,"10,540 miles",4,188 bhp,2017 (17),62.8,£199,"£20,800",,,
219,I3,Electric,,Automatic,"14,631 miles",5,168 bhp,2018 (18),1.0,£199,"£20,800",,,
220,3 Series,Diesel,2.0L,Automatic,"50,715 miles",4,188 bhp,2018 (68),,£199,"£20,800",,,
221,2 Series,Hybrid Petrol,1.5L,Automatic,"26,590 miles",5,,2017 (67),,£199,"£20,800",Hatchback,,10-12-2021
222,4 Series,Diesel,2.0L,Manual,"45,199 miles",4,188 bhp,2018 (68),,£199,"£20,800",,,
223,Z4,Petrol,2.0L,Automatic,"30,176 miles",2,181 bhp,2015 (65),,£199,"£20,749",,,
224,X1,Diesel,2.0L,Automatic,"52,185 miles",5,148 bhp,2017 (17),,£199,"£20,700",,,
225,X2,Diesel,2.0L,Automatic,"68,822 miles",5,187 bhp,2018 (18),61.4,£199,"£20,700",,,
226,3 Series,Petrol,2.0L,Automatic,"27,813 miles",4,181 bhp,2018 (18),,£199,"£20,700",,,
227,2 Series,Diesel,2.0L,Manual,"9,997 miles",5,188 bhp,2017 (17),64.2,£199,"£20,700",,,
228,3 Series,Diesel,2.0L,Automatic,"32,400 miles",5,188 bhp,2018 (18),,£199,"£20,700",,,
229,X4,Diesel,2.0L,Automatic,"74,109 miles",4,188 bhp,2015 (65),,£199,"£20,700",,,
230,4 Series,Diesel,2.0L,Automatic,"28,997 miles",4,188 bhp,2017 (17),65.7,£199,"£20,700",,,
231,3 Series,Diesel,3.0L,Automatic,"66,745 miles",5,255 bhp,2017 (66),51.4,£199,"£20,700",,,
232,3 Series,Diesel,2.0L,Automatic,"25,124 miles",4,188 bhp,2017 (17),64.2,£199,"£20,600",,,
233,I3,Electric,,Automatic,"16,105 miles",5,168 bhp,2018 (18),1.0,£199,"£20,600",,,
234,5 Series,Diesel,3.0L,Automatic,"30,608 miles",4,255 bhp,2016 (66),,£199,"£20,600",,,
235,2 Series,Diesel,2.0L,Automatic,"32,158 miles",5,187 bhp,2018 (18),47.1,£199,"£20,600",,,
236,1 Series,Diesel,2.0L,Manual,"17,380 miles",5,147 bhp,2018 (68),,£199,"£20,600",,,
237,6 Series,Petrol,3.0L,Automatic,"43,924 miles",2,315 bhp,2015 (65),,£199,"£20,600",,,
238,4 Series,Petrol,2.0L,Manual,"49,286 miles",2,248 bhp,2016 (66),,£199,"£20,523",,,
239,2 Series,Diesel,2.0L,Automatic,"28,872 miles",2,148 bhp,2018 (18),,£199,"£20,500",,,
240,3 Series,Diesel,2.0L,Automatic,"42,358 miles",4,188 bhp,2017 (67),64.2,£199,"£20,500",,,
241,2 Series,Petrol,2.0L,Automatic,"16,249 miles",2,181 bhp,2017 (67),47.9,£199,"£20,500",,,
242,3 Series,Hybrid Petrol,2.0L,Automatic,"48,448 miles",4,,2018 (18),,£199,"£20,500",,,29-06-2022
243,X1,Diesel,2.0L,Automatic,"26,769 miles",5,188 bhp,2016 (16),,£199,"£20,500",,,
244,3 Series,Hybrid Petrol,2.0L,Automatic,"40,765 miles",4,,2018 (18),,£199,"£20,500",Saloon,,20-08-2022
245,X1,Diesel,2.0L,Manual,"36,425 miles",5,188 bhp,2017 (17),,£199,"£20,500",,,
246,4 Series,Petrol,2.0L,Manual,"21,308 miles",2,181 bhp,2017 (67),42.8,£199,"£20,400",,,
247,X1,Petrol,1.5L,Manual,"42,218 miles",5,138 bhp,2018 (18),51.4,£199,"£20,400",,,
248,2 Series,Petrol,1.5L,Automatic,"38,175 miles",5,138 bhp,2018 (68),39.8,£199,"£20,400",,,
249,X1,Diesel,2.0L,Automatic,"49,623 miles",5,148 bhp,2017 (17),,£199,"£20,400",,,
250,2 Series,Petrol,3.0L,Automatic,"49,494 miles",2,335 bhp,2016 (66),39.8,£199,"£20,400",,,
251,4 Series,Diesel,3.0L,Automatic,"65,767 miles",2,308 bhp,2016 (66),,£199,"£20,400",,,
252,4 Series,Diesel,2.0L,Automatic,"46,634 miles",2,188 bhp,2017 (17),,£199,"£20,300",,,
253,3 Series,Hybrid Petrol,2.0L,Automatic,"37,428 miles",4,,2017 (67),,£199,"£20,300",,,09-09-2022
254,1 Series,Diesel,1.5L,Manual,"12,545 miles",5,114 bhp,2020 (20),,£199,"£20,300",,,
255,X1,Diesel,2.0L,Automatic,"61,517 miles",5,187 bhp,2018 (18),,£199,"£20,300",,,
256,4 Series,Diesel,2.0L,Automatic,"30,042 miles",2,188 bhp,2016 (66),,£199,"£20,300",,,
257,3 Series,Diesel,2.0L,Automatic,"27,074 miles",5,188 bhp,2017 (17),,£199,"£20,300",,,
258,4 Series,Diesel,2.0L,Automatic,"50,125 miles",2,188 bhp,2016 (66),,£199,"£20,200",,,
259,1 Series,Petrol,1.5L,Automatic,"25,057 miles",5,134 bhp,2018 (68),,£199,"£20,200",,,
260,1 Series,Petrol,2.0L,Manual,"29,311 miles",5,181 bhp,2018 (18),46.3,£199,"£20,200",,,
261,X1,Diesel,2.0L,Automatic,"50,029 miles",5,188 bhp,2016 (16),,£199,"£20,200",,,
262,5 Series,Diesel,3.0L,Automatic,"40,278 miles",4,308 bhp,2016 (16),50.4,£199,"£20,200",,,
263,5 Series,Diesel,2.0L,Automatic,"60,209 miles",4,188 bhp,2017 (67),,£199,"£20,200",,,
264,3 Series,Diesel,2.0L,Automatic,"59,452 miles",5,188 bhp,2017 (67),,£199,"£20,200",,,
265,2 Series,Petrol,1.5L,Manual,"16,631 miles",2,134 bhp,2018 (68),,£199,"£20,200",,,
266,2 Series,Diesel,2.0L,Manual,"39,222 miles",5,188 bhp,2016 (66),60.1,£199,"£20,100",,,
267,3 Series,Diesel,2.0L,Automatic,"36,246 miles",4,188 bhp,2017 (67),,£199,"£20,100",,,
268,4 Series,Diesel,3.0L,Automatic,"32,448 miles",2,255 bhp,2015 (65),,£199,"£20,100",,,
269,X1,Diesel,2.0L,Automatic,"63,545 miles",5,187 bhp,2018 (18),,£199,"£20,100",,,
270,3 Series,Diesel,3.0L,Automatic,"31,745 miles",4,255 bhp,2016 (66),56.5,£199,"£20,100",,,
271,2 Series,Diesel,1.5L,Automatic,"21,168 miles",5,114 bhp,2018 (18),68.9,£199,"£20,100",,,
272,2 Series,Petrol,1.5L,Automatic,"31,435 miles",2,134 bhp,2017 (67),,£199,"£20,100",,,
273,2 Series,Petrol,1.5L,Automatic,"24,298 miles",2,134 bhp,2018 (18),,£199,"£20,000",,,
274,2 Series,Petrol,1.5L,Automatic,"33,661 miles",2,134 bhp,2018 (67),,£199,"£20,000",,,
275,5 Series,Diesel,2.0L,Automatic,"46,133 miles",5,188 bhp,2016 (66),,£199,"£20,000",,,
276,3 Series,Hybrid Petrol,2.0L,Automatic,"46,275 miles",4,,2018 (18),,£199,"£20,000",,,11-05-2022
277,3 Series,Diesel,2.0L,Automatic,"30,085 miles",4,188 bhp,2018 (18),,£199,"£19,900",,,
278,2 Series,Diesel,2.0L,Manual,"31,037 miles",5,148 bhp,2018 (18),51.4,£199,"£19,900",,,
279,5 Series,Diesel,2.0L,Automatic,"82,275 miles",4,,2017 (17),,£199,"£19,900",Saloon,114 g/km,
280,2 Series,Petrol,1.5L,Manual,"29,147 miles",5,138 bhp,2018 (68),40.4,£199,"£19,900",,,
281,2 Series,Petrol,1.5L,Automatic,"26,522 miles",2,134 bhp,2018 (68),,£199,"£19,900",,,
282,4 Series,Diesel,3.0L,Automatic,"64,962 miles",2,308 bhp,2015 (65),,£199,"£19,800",,,
283,1 Series,Petrol,1.5L,Manual,"22,777 miles",5,134 bhp,2019 (19),,£199,"£19,800",,,
284,X1,Diesel,2.0L,Manual,"45,333 miles",5,148 bhp,2017 (67),,£199,"£19,800",,,
285,3 Series,Diesel,2.0L,Automatic,"35,330 miles",4,188 bhp,2018 (18),,£199,"£19,800",,,
286,2 Series,Diesel,2.0L,Automatic,"39,727 miles",5,187 bhp,2018 (68),49.6,£199,"£19,800",,,
287,3 Series,Hybrid Petrol,2.0L,Automatic,"42,000 miles",4,,2017 (67),,£199,"£19,800",,,14-09-2022
288,3 Series,Hybrid Petrol,2.0L,Automatic,"44,444 miles",4,,2018 (67),,£199,"£19,800",,,29-09-2022
289,X3,Diesel,2.0L,Automatic,"69,748 miles",5,188 bhp,2016 (16),,£199,"£19,700",,,
290,X1,Diesel,2.0L,Automatic,"52,962 miles",5,148 bhp,2017 (67),,£199,"£19,700",,,
291,4 Series,Diesel,2.0L,Automatic,"80,468 miles",4,188 bhp,2018 (18),,£199,"£19,700",,,
292,4 Series,Diesel,2.0L,Automatic,"53,386 miles",4,188 bhp,2016 (66),,£199,"£19,700",,,
293,1 Series,Petrol,1.5L,Manual,"16,830 miles",5,134 bhp,2018 (68),,£199,"£19,700",,,
294,4 Series,Diesel,2.0L,Automatic,"48,420 miles",4,188 bhp,2016 (16),,£199,"£19,700",,,
295,2 Series,Petrol,2.0L,Automatic,"39,356 miles",2,181 bhp,2017 (67),47.9,£199,"£19,700",,,
296,X1,Diesel,2.0L,Manual,"24,174 miles",5,148 bhp,2015 (65),60.1,£199,"£19,700",,,
297,1 Series,Petrol,1.5L,Manual,"12,399 miles",3,134 bhp,2019 (19),,£199,"£19,700",,,
298,4 Series,Petrol,2.0L,Automatic,"60,048 miles",4,181 bhp,2017 (17),45.6,£199,"£19,700",,,
299,5 Series,Diesel,2.0L,Automatic,"53,184 miles",4,188 bhp,2017 (17),,£199,"£19,600",,,
300,1 Series,Petrol,1.5L,Manual,"22,149 miles",5,134 bhp,2019 (19),,£199,"£19,600",,,
301,1 Series,Petrol,2.0L,Automatic,"8,848 miles",3,181 bhp,2018 (18),,£199,"£19,500",,,
302,3 Series,Diesel,2.0L,Automatic,"46,356 miles",4,188 bhp,2018 (68),,£199,"£19,500",,,
303,2 Series,Diesel,2.0L,Automatic,"26,634 miles",5,187 bhp,2018 (18),51.4,£199,"£19,500",,,
304,5 Series,Diesel,2.0L,Automatic,"60,544 miles",4,188 bhp,2017 (17),,£199,"£19,500",,,
305,3 Series,Diesel,3.0L,Automatic,"36,684 miles",4,308 bhp,2014 (64),,£199,"£19,400",,,
306,2 Series,Petrol,1.5L,Manual,"16,006 miles",5,138 bhp,2018 (68),40.9,£199,"£19,400",,,
307,I3,Hybrid Petrol,0.6L,Automatic,"30,237 miles",5,168 bhp,2018 (68),,£199,"£19,400",,,
308,1 Series,Diesel,1.5L,Manual,"7,084 miles",5,114 bhp,2020 (69),,£199,"£19,400",,,
309,X1,Diesel,2.0L,Automatic,"64,534 miles",5,188 bhp,2016 (16),,£199,"£19,400",,,
310,X1,Diesel,2.0L,Manual,"50,010 miles",5,148 bhp,2018 (68),,£199,"£19,400",,,
311,5 Series,Diesel,2.0L,Automatic,"79,355 miles",4,188 bhp,2018 (18),,£199,"£19,400",,,
312,M2,Petrol,3.0L,Automatic,"34,280 miles",2,322 bhp,2015 (15),,£199,"£19,400",,,
313,3 Series,Diesel,3.0L,Automatic,"48,721 miles",4,308 bhp,2015 (65),,£199,"£19,300",,,
314,3 Series,Diesel,2.0L,Automatic,"51,168 miles",5,188 bhp,2016 (16),60.1,£199,"£19,300",,,
315,2 Series,Diesel,2.0L,Automatic,"38,959 miles",2,188 bhp,2018 (18),,£199,"£19,300",,,
316,4 Series,Diesel,2.0L,Automatic,"33,898 miles",4,188 bhp,2015 (65),,£199,"£19,300",,,
317,X1,Diesel,2.0L,Manual,"42,574 miles",5,188 bhp,2016 (66),,£199,"£19,300",,,
318,3 Series,Diesel,2.0L,Automatic,"42,174 miles",5,188 bhp,2017 (17),60.1,£199,"£19,300",,,
319,X1,Diesel,2.0L,Automatic,"33,352 miles",5,148 bhp,2017 (67),,£199,"£19,300",,,
320,2 Series,Petrol,1.5L,Manual,"36,244 miles",5,134 bhp,2017 (66),51.4,£199,"£19,250",,,
321,2 Series,Petrol,1.5L,Manual,"45,882 miles",5,138 bhp,2019 (19),40.4,£199,"£19,200",,,
322,3 Series,Diesel,2.0L,Automatic,"70,027 miles",5,188 bhp,2018 (18),57.7,£199,"£19,200",,,
323,4 Series,Diesel,2.0L,Automatic,"47,550 miles",4,188 bhp,2017 (17),65.7,£199,"£19,200",,,
324,2 Series,Diesel,2.0L,Automatic,"42,214 miles",5,187 bhp,2018 (68),49.6,£199,"£19,200",,,
325,4 Series,Diesel,2.0L,Automatic,"69,297 miles",2,188 bhp,2018 (18),,£199,"£19,200",,,
326,2 Series,Diesel,2.0L,Automatic,"36,133 miles",5,148 bhp,2017 (17),64.2,£199,"£19,100",,,
327,2 Series,Petrol,1.5L,Manual,"20,802 miles",5,138 bhp,2018 (68),40.9,£199,"£19,100",,,
328,3 Series,Petrol,2.0L,Automatic,"49,197 miles",4,248 bhp,2016 (16),,£199,"£19,100",,,
329,3 Series,Diesel,2.0L,Automatic,"29,674 miles",4,188 bhp,2016 (66),,£199,"£19,100",,,
330,3 Series,Petrol,2.0L,Manual,"36,598 miles",4,248 bhp,2017 (17),,£199,"£19,100",,,
331,3 Series,Hybrid Petrol,2.0L,Automatic,"51,709 miles",4,,2017 (67),,£199,"£19,100",,,13-09-2022
332,1 Series,Diesel,1.5L,Automatic,"26,479 miles",5,114 bhp,2018 (18),,£199,"£19,100",,,
333,3 Series,Diesel,2.0L,Automatic,"45,280 miles",4,188 bhp,2017 (17),,£199,"£19,000",,,
334,5 Series,Diesel,2.0L,Automatic,"74,206 miles",4,188 bhp,2017 (67),72.4,£199,"£19,000",,,
335,3 Series,Diesel,2.0L,Automatic,"21,034 miles",4,188 bhp,2017 (67),,£199,"£18,900",,,
336,1 Series,Diesel,2.0L,Automatic,"35,441 miles",5,188 bhp,2018 (18),,£199,"£18,900",,,
337,3 Series,Diesel,2.0L,Automatic,"68,176 miles",4,188 bhp,2017 (67),,£199,"£18,900",,,
338,5 Series,Diesel,3.0L,Automatic,"72,878 miles",4,255 bhp,2016 (66),,£199,"£18,900",,,
339,3 Series,Petrol,2.0L,Automatic,"29,967 miles",4,181 bhp,2015 (65),,£199,"£18,900",,,
340,3 Series,Hybrid Petrol,2.0L,Automatic,"44,085 miles",4,,2018 (18),,£199,"£18,900",,,23-06-2022
341,4 Series,Diesel,2.0L,Automatic,"55,765 miles",2,188 bhp,2016 (66),,£199,"£18,900",,,
342,3 Series,Petrol,2.0L,Automatic,"41,075 miles",4,181 bhp,2018 (68),,£199,"£18,900",,,
343,4 Series,Diesel,2.0L,Automatic,"52,104 miles",2,188 bhp,2017 (17),65.7,£199,"£18,900",,,
344,1 Series,Petrol,1.5L,Automatic,"34,806 miles",5,134 bhp,2017 (67),54.3,£199,"£18,800",,,
345,3 Series,Diesel,2.0L,Automatic,"39,405 miles",4,188 bhp,2018 (18),,£199,"£18,800",,,
346,1 Series,Diesel,2.0L,Automatic,"40,685 miles",5,147 bhp,2019 (19),,£199,"£18,800",,,
347,5 Series,Diesel,2.0L,Automatic,"23,571 miles",4,188 bhp,2014 (64),62.8,£199,"£18,800",,,
348,2 Series,Petrol,1.5L,Manual,"58,530 miles",5,138 bhp,2019 (19),51.4,£199,"£18,800",,,
349,3 Series,Diesel,3.0L,Automatic,"45,241 miles",4,308 bhp,2015 (65),,£199,"£18,800",,,
350,3 Series,Diesel,3.0L,Automatic,"57,421 miles",4,308 bhp,2016 (66),,£199,"£18,800",,,
351,2 Series,Petrol,1.5L,Manual,"8,901 miles",5,138 bhp,2020 (20),44.1,£199,"£18,700",,,
352,3 Series,Diesel,2.0L,Automatic,"55,548 miles",4,188 bhp,2018 (68),,£199,"£18,700",,,
353,3 Series,Petrol,2.0L,Automatic,"77,689 miles",4,181 bhp,2018 (18),,£199,"£18,700",,,
354,2 Series,Diesel,2.0L,Automatic,"40,940 miles",2,222 bhp,2016 (66),,£199,"£18,700",,,
355,3 Series,Diesel,2.0L,Automatic,"40,053 miles",4,188 bhp,2016 (66),64.2,£199,"£18,700",,,
356,2 Series,Petrol,2.0L,Automatic,"30,670 miles",2,181 bhp,2016 (16),,£199,"£18,700",,,
357,2 Series,Petrol,1.5L,Automatic,"31,331 miles",2,134 bhp,2019 (19),,£199,"£18,700",,,
358,3 Series,Diesel,2.0L,Automatic,"27,280 miles",4,188 bhp,2016 (66),,£199,"£18,700",,,
359,5 Series,Diesel,2.0L,Automatic,"47,285 miles",5,188 bhp,2016 (66),,£199,"£18,700",,,
360,3 Series,Diesel,3.0L,Automatic,"53,000 miles",5,308 bhp,2015 (15),49.6,£199,"£18,600",,,
361,3 Series,Diesel,2.0L,Manual,"36,977 miles",4,188 bhp,2018 (18),64.2,£199,"£18,600",,,
362,2 Series,Diesel,2.0L,Manual,"12,063 miles",2,148 bhp,2018 (67),,£199,"£18,600",,,
363,X1,Diesel,2.0L,Manual,"17,602 miles",5,148 bhp,2017 (17),,£199,"£18,600",,,
364,2 Series,Hybrid Petrol,1.5L,Automatic,"53,956 miles",5,,2018 (68),,£199,"£18,600",Hatchback,57 g/km,
365,3 Series,Diesel,2.0L,Automatic,"39,463 miles",4,161 bhp,2018 (68),,£199,"£18,600",,,
366,5 Series,Diesel,2.0L,Automatic,"33,673 miles",5,148 bhp,2017 (17),,£199,"£18,500",,,
367,3 Series,Diesel,2.0L,Automatic,"41,928 miles",5,161 bhp,2018 (18),,£199,"£18,500",,,
368,5 Series,Diesel,2.0L,Automatic,"83,586 miles",4,188 bhp,2017 (67),,£199,"£18,400",,,
369,1 Series,Petrol,1.5L,Automatic,"40,763 miles",5,134 bhp,2017 (67),54.3,£199,"£18,400",,,
370,3 Series,Diesel,2.0L,Automatic,"33,513 miles",4,148 bhp,2018 (68),,£199,"£18,400",,,
371,2 Series,Petrol,1.5L,Manual,"24,325 miles",5,138 bhp,2018 (68),42.2,£199,"£18,400",,,
372,7 Series,Diesel,3.0L,Automatic,"72,149 miles",4,255 bhp,2015 (15),,£199,"£18,400",,,
373,X3,Diesel,2.0L,Automatic,"66,287 miles",5,188 bhp,2016 (66),,£199,"£18,400",,,
374,3 Series,Diesel,2.0L,Automatic,"50,345 miles",5,188 bhp,2016 (66),,£199,"£18,400",,,
375,3 Series,Diesel,2.0L,Automatic,"31,248 miles",4,188 bhp,2016 (66),,£199,"£18,400",,,
376,3 Series,Diesel,2.0L,Automatic,"52,039 miles",5,,2016 (16),,£199,"£18,300",Hatchback,124 g/km,
377,2 Series,Diesel,2.0L,Automatic,"27,283 miles",5,188 bhp,2016 (66),64.2,£199,"£18,300",,,
378,1 Series,Petrol,1.5L,Manual,"12,612 miles",5,134 bhp,2018 (68),,£199,"£18,300",,,
379,3 Series,Diesel,2.0L,Automatic,"48,637 miles",4,188 bhp,2017 (66),,£199,"£18,300",,,
380,3 Series,Petrol,2.0L,Manual,"31,283 miles",4,181 bhp,2018 (67),,£199,"£18,200",,,
381,5 Series,Diesel,3.0L,Automatic,"41,919 miles",4,308 bhp,2015 (15),,£199,"£18,200",,,
382,3 Series,Diesel,2.0L,Automatic,"47,411 miles",5,188 bhp,2017 (17),,£199,"£18,200",,,
383,5 Series,Diesel,3.0L,Automatic,"60,575 miles",4,308 bhp,2016 (16),,£199,"£18,200",,,
384,3 Series,Diesel,3.0L,Automatic,"61,942 miles",4,308 bhp,2015 (65),,£199,"£18,200",,,
385,X1,Diesel,2.0L,Manual,"57,712 miles",5,148 bhp,2016 (66),,£199,"£18,200",,,
386,1 Series,Diesel,2.0L,Automatic,"41,544 miles",5,147 bhp,2018 (67),67.3,£199,"£18,200",,,
387,1 Series,Diesel,1.5L,Automatic,"38,895 miles",5,114 bhp,2018 (18),,£199,"£18,100",,,
388,I3,Hybrid Petrol,0.6L,Automatic,"33,759 miles",5,,2017 (66),,£199,"£18,100",,,12-10-2022
389,4 Series,Diesel,2.0L,Automatic,"69,853 miles",4,188 bhp,2017 (17),,£199,"£18,100",,,
390,X1,Diesel,2.0L,Manual,"26,374 miles",5,148 bhp,2017 (67),68.9,£199,"£18,100",,,
391,3 Series,Diesel,3.0L,Automatic,"49,162 miles",4,255 bhp,2015 (65),,£199,"£18,100",,,
392,2 Series,Petrol,1.5L,Manual,"28,651 miles",2,134 bhp,2018 (68),,£199,"£18,100",,,
393,3 Series,Diesel,2.0L,Automatic,"49,546 miles",4,188 bhp,2016 (16),,£199,"£18,100",,,
394,4 Series,Diesel,2.0L,Automatic,"58,332 miles",2,188 bhp,2017 (17),65.7,£199,"£18,100",,,
395,2 Series,Petrol,1.5L,Manual,"24,002 miles",5,138 bhp,2018 (68),42.8,£199,"£18,100",,,
396,3 Series,Hybrid Petrol,2.0L,Automatic,"44,216 miles",4,,2017 (17),,£199,"£18,000",,,20-06-2022
397,1 Series,Petrol,1.5L,Manual,"34,684 miles",5,134 bhp,2018 (18),52.3,£199,"£18,000",,,
398,2 Series,Petrol,1.5L,Manual,"23,302 miles",5,138 bhp,2018 (18),40.9,£199,"£18,000",,,
399,X1,Diesel,2.0L,Automatic,"56,004 miles",5,148 bhp,2017 (67),,£199,"£18,000",,,
400,2 Series,Petrol,1.5L,Manual,"19,060 miles",5,138 bhp,2019 (68),42.8,£199,"£18,000",,,
401,5 Series,Diesel,2.0L,Automatic,"60,000 miles",5,188 bhp,2017 (17),,£199,"£17,900",,,
402,3 Series,Diesel,2.0L,Automatic,"41,392 miles",4,188 bhp,2016 (66),,£199,"£17,900",,,
403,X1,Petrol,1.5L,Manual,"54,744 miles",5,138 bhp,2018 (18),51.4,£199,"£17,900",,,
404,2 Series,Petrol,1.5L,Manual,"23,676 miles",5,138 bhp,2018 (18),42.8,£199,"£17,900",,,
405,1 Series,Petrol,1.5L,Automatic,"24,279 miles",5,134 bhp,2018 (68),,£199,"£17,900",,,
406,2 Series,Petrol,2.0L,Automatic,"46,906 miles",5,189 bhp,2018 (18),50.4,£199,"£17,900",,,
407,3 Series,Diesel,3.0L,Automatic,"33,931 miles",4,255 bhp,2015 (65),,£199,"£17,900",,,
408,4 Series,Diesel,3.0L,Automatic,"47,550 miles",2,255 bhp,2014 (64),53.3,£199,"£17,800",,,
409,2 Series,Petrol,1.5L,Manual,"29,064 miles",2,134 bhp,2018 (18),,£199,"£17,800",,,
410,1 Series,Petrol,2.0L,Automatic,"26,045 miles",5,181 bhp,2017 (67),,£199,"£17,800",,,
411,3 Series,Diesel,2.0L,Manual,"25,067 miles",4,188 bhp,2017 (17),,£199,"£17,800",,,
412,2 Series,Diesel,2.0L,Manual,"20,957 miles",5,188 bhp,2018 (18),64.2,£199,"£17,800",,,
413,2 Series,Diesel,2.0L,Automatic,"39,390 miles",5,187 bhp,2018 (18),49.6,£199,"£17,800",,,
414,1 Series,Diesel,2.0L,Automatic,"44,645 miles",5,221 bhp,2017 (67),,£199,"£17,700",,,
415,2 Series,Diesel,2.0L,Automatic,"40,891 miles",2,148 bhp,2016 (66),,£199,"£17,700",,,
416,X3,Diesel,3.0L,Automatic,"75,301 miles",5,255 bhp,2015 (65),,£199,"£17,700",,,
417,1 Series,Diesel,2.0L,Automatic,"51,109 miles",5,147 bhp,2018 (18),67.3,£199,"£17,700",,,
418,3 Series,Diesel,2.0L,Automatic,"56,010 miles",5,215 bhp,2015 (65),,£199,"£17,700",,,
419,2 Series,Petrol,1.5L,Manual,"19,462 miles",2,134 bhp,2017 (67),,£199,"£17,700",,,
420,X1,Diesel,2.0L,Manual,"44,753 miles",5,148 bhp,2017 (67),68.9,£199,"£17,600",,,
421,3 Series,Diesel,3.0L,Automatic,"77,215 miles",4,308 bhp,2016 (16),,£199,"£17,600",,,
422,1 Series,Petrol,1.5L,Automatic,"25,923 miles",5,134 bhp,2018 (18),,£199,"£17,600",,,
423,5 Series,Diesel,2.0L,Automatic,"48,979 miles",4,188 bhp,2016 (16),,£199,"£17,600",,,
424,X1,Diesel,2.0L,Manual,"51,856 miles",5,148 bhp,2017 (17),,£199,"£17,600",,,
425,2 Series,Petrol,1.5L,Automatic,"27,932 miles",2,134 bhp,2016 (66),51.4,£199,"£17,600",,,
426,2 Series,Diesel,2.0L,Manual,"27,456 miles",2,188 bhp,2016 (66),,£199,"£17,500",,,
427,1 Series,Diesel,1.5L,Manual,"4,589 miles",5,114 bhp,2019 (19),78.5,£199,"£17,500",,,
428,5 Series,Diesel,2.0L,Automatic,"54,091 miles",5,188 bhp,2015 (65),,£199,"£17,500",,,
429,2 Series,Petrol,1.5L,Manual,"35,354 miles",5,138 bhp,2018 (18),40.4,£199,"£17,500",,,
430,3 Series,Hybrid Petrol,2.0L,Automatic,"54,303 miles",4,,2017 (66),,£199,"£17,500",Saloon,,19-10-2022
431,2 Series,Diesel,2.0L,Manual,"60,363 miles",5,148 bhp,2017 (17),62.8,£199,"£17,450",,,
432,3 Series,Diesel,3.0L,Automatic,"59,824 miles",4,255 bhp,2016 (66),,£199,"£17,400",,,
433,5 Series,Diesel,3.0L,Automatic,"63,689 miles",4,308 bhp,2015 (15),50.4,£199,"£17,400",,,
434,3 Series,Diesel,2.0L,Automatic,"19,319 miles",4,148 bhp,2016 (16),,£199,"£17,400",,,
435,4 Series,Diesel,2.0L,Automatic,"50,749 miles",4,188 bhp,2016 (16),,£199,"£17,400",,,
436,3 Series,Diesel,2.0L,Manual,"30,217 miles",4,188 bhp,2017 (17),,£199,"£17,400",,,
437,3 Series,Petrol,2.0L,Automatic,"31,368 miles",4,181 bhp,2017 (17),,£199,"£17,400",,,
438,3 Series,Diesel,2.0L,Automatic,"55,206 miles",5,161 bhp,2018 (18),67.3,£199,"£17,400",,,
439,3 Series,Petrol,1.5L,Automatic,"40,490 miles",4,134 bhp,2018 (67),54.3,£199,"£17,350",,,
440,3 Series,Diesel,2.0L,Automatic,"41,183 miles",4,148 bhp,2016 (66),,£199,"£17,300",,,
441,3 Series,Diesel,2.0L,Manual,"22,688 miles",4,148 bhp,2018 (68),,£199,"£17,300",,,
442,1 Series,Diesel,1.5L,Automatic,"27,672 miles",3,114 bhp,2017 (67),68.9,£199,"£17,300",,,
443,X1,Diesel,2.0L,Manual,"55,960 miles",5,148 bhp,2017 (67),,£199,"£17,300",,,
444,3 Series,Petrol,1.5L,Automatic,"27,758 miles",4,134 bhp,2016 (16),,£199,"£17,300",,,
445,1 Series,Petrol,1.5L,Manual,"23,709 miles",5,134 bhp,2019 (69),,£199,"£17,200",,,
446,3 Series,Petrol,2.0L,Manual,"34,778 miles",4,181 bhp,2016 (66),,£199,"£17,200",,,
447,5 Series,Diesel,2.0L,Automatic,"57,162 miles",5,188 bhp,2016 (16),,£199,"£17,200",,,
448,X1,Diesel,2.0L,Manual,"41,384 miles",5,148 bhp,2017 (17),,£199,"£17,200",,,
449,2 Series,Petrol,2.0L,Automatic,"41,182 miles",2,181 bhp,2017 (17),47.9,£199,"£17,200",,,
450,3 Series,Diesel,2.0L,Automatic,"38,646 miles",4,161 bhp,2017 (67),74.3,£199,"£17,200",,,
451,2 Series,Diesel,2.0L,Automatic,"32,990 miles",2,148 bhp,2016 (16),,£199,"£17,200",,,
452,X1,Diesel,2.0L,Manual,"62,883 miles",5,148 bhp,2017 (67),,£199,"£17,200",,,
453,1 Series,Petrol,1.5L,Manual,"41,174 miles",5,134 bhp,2018 (68),,£199,"£17,200",,,
454,2 Series,Diesel,2.0L,Automatic,"23,682 miles",5,148 bhp,2018 (18),68.9,£199,"£17,100",,,
455,3 Series,Diesel,2.0L,Automatic,"40,005 miles",4,188 bhp,2015 (65),,£199,"£17,100",,,
456,2 Series,Diesel,2.0L,Automatic,"29,148 miles",2,188 bhp,2015 (15),,£199,"£17,100",,,
457,2 Series,Petrol,1.5L,Manual,"37,760 miles",2,134 bhp,2017 (67),,£199,"£17,100",,,
458,2 Series,Petrol,1.5L,Manual,"44,961 miles",5,138 bhp,2018 (68),40.9,£199,"£17,100",,,
459,2 Series,Diesel,2.0L,Manual,"34,017 miles",2,148 bhp,2016 (66),61.4,£199,"£17,100",,,
460,3 Series,Diesel,3.0L,Automatic,"57,762 miles",5,255 bhp,2015 (65),54.3,£199,"£17,100",,,
461,3 Series,Diesel,2.0L,Automatic,"72,275 miles",5,188 bhp,2016 (65),,£199,"£17,100",,,
462,1 Series,Petrol,1.5L,Automatic,"34,278 miles",5,134 bhp,2018 (68),,£199,"£17,100",,,
463,I3,Hybrid Petrol,0.6L,Automatic,"58,895 miles",5,168 bhp,2018 (68),,£199,"£17,000",,,
464,2 Series,Diesel,2.0L,Manual,"16,550 miles",2,188 bhp,2016 (66),,£199,"£17,000",,,
465,X3,Diesel,2.0L,Manual,"58,442 miles",5,188 bhp,2015 (65),52.3,£199,"£17,000",,,
466,3 Series,Diesel,2.0L,Manual,"18,085 miles",4,188 bhp,2017 (67),,£199,"£17,000",,,
467,1 Series,Petrol,1.5L,Automatic,"36,655 miles",5,134 bhp,2018 (68),,£199,"£17,000",,,
468,3 Series,Diesel,2.0L,Manual,"28,380 miles",4,148 bhp,2016 (66),,£199,"£17,000",,,
469,2 Series,Petrol,1.5L,Manual,"22,299 miles",5,138 bhp,2018 (68),44.1,£199,"£17,000",,,
470,1 Series,Diesel,2.0L,Manual,"29,546 miles",5,147 bhp,2017 (67),65.7,£199,"£17,000",,,
471,3 Series,Diesel,2.0L,Automatic,"55,306 miles",4,188 bhp,2016 (16),,£199,"£17,000",,,
472,3 Series,Diesel,2.0L,Automatic,"61,362 miles",4,188 bhp,2018 (18),,£199,"£17,000",,,
473,1 Series,Petrol,1.5L,Manual,"18,631 miles",5,134 bhp,2019 (19),,£199,"£17,000",,,
474,3 Series,Petrol,1.5L,Automatic,"35,056 miles",4,134 bhp,2017 (67),,£199,"£17,000",,,
475,2 Series,Petrol,1.5L,Manual,"38,984 miles",2,134 bhp,2018 (68),52.3,£199,"£17,000",,,
476,X1,Diesel,2.0L,Manual,"36,715 miles",5,148 bhp,2017 (17),,£199,"£16,900",,,
477,X1,Diesel,2.0L,Manual,"65,535 miles",5,188 bhp,2016 (66),,£199,"£16,900",,,
478,3 Series,Petrol,1.5L,Automatic,"23,360 miles",4,134 bhp,2016 (66),54.3,£199,"£16,900",,,
479,2 Series,Petrol,1.5L,Manual,"22,402 miles",5,138 bhp,2018 (68),44.1,£199,"£16,900",,,
480,X1,Diesel,2.0L,Manual,"36,715 miles",5,148 bhp,2017 (17),,£199,"£16,900",,,
481,X1,Diesel,2.0L,Manual,"57,566 miles",5,148 bhp,2017 (67),,£199,"£16,900",,,
482,2 Series,Hybrid Petrol,1.5L,Automatic,"58,962 miles",5,,2017 (17),,£199,"£16,900",Hatchback,,30-03-2022
483,3 Series,Diesel,2.0L,Automatic,"71,303 miles",5,188 bhp,2018 (18),,£199,"£16,900",,,
484,1 Series,Petrol,1.5L,Automatic,"26,426 miles",5,134 bhp,2016 (16),,£199,"£16,900",,,
485,1 Series,Petrol,1.5L,Manual,"17,382 miles",5,134 bhp,2018 (68),,£199,"£16,900",,,
486,X1,Diesel,2.0L,Manual,"50,023 miles",5,148 bhp,2017 (67),,£199,"£16,800",,,
487,2 Series,Petrol,1.5L,Automatic,"27,330 miles",5,134 bhp,2016 (66),55.4,£199,"£16,800",,,
488,1 Series,Petrol,1.5L,Manual,"22,989 miles",5,134 bhp,2019 (19),,£199,"£16,800",,,
489,2 Series,Diesel,2.0L,Automatic,"53,627 miles",2,188 bhp,2016 (16),,£199,"£16,800",,,
490,3 Series,Diesel,2.0L,Manual,"44,680 miles",5,161 bhp,2018 (68),,£199,"£16,800",,,
491,2 Series,Petrol,1.5L,Manual,"34,915 miles",2,134 bhp,2018 (18),52.3,£199,"£16,800",,,
492,3 Series,Diesel,2.0L,Manual,"48,639 miles",4,188 bhp,2017 (17),,£199,"£16,800",,,
493,4 Series,Diesel,2.0L,Manual,"57,654 miles",4,188 bhp,2016 (66),,£199,"£16,800",,,
494,3 Series,Diesel,2.0L,Automatic,"74,382 miles",5,188 bhp,2018 (18),,£199,"£16,700",,,
495,3 Series,Diesel,2.0L,Automatic,"51,098 miles",4,161 bhp,2018 (18),,£199,"£16,700",,,
496,2 Series,Petrol,1.5L,Automatic,"41,592 miles",2,134 bhp,2016 (66),51.4,£199,"£16,700",,,
497,X1,Diesel,2.0L,Automatic,"65,000 miles",5,148 bhp,2016 (66),65.7,£199,"£16,650",,,
498,1 Series,Petrol,1.5L,Automatic,"29,437 miles",5,134 bhp,2018 (68),37.2,£199,"£16,600",,,
499,2 Series,Petrol,1.5L,Automatic,"62,310 miles",5,134 bhp,2016 (66),51.4,£199,"£16,600",,,
500,1 Series,Diesel,2.0L,Manual,"21,691 miles",3,147 bhp,2018 (68),,£199,"£16,600",,,
501,2 Series,Petrol,1.5L,Manual,"56,112 miles",2,134 bhp,2018 (18),,£199,"£16,600",,,
502,5 Series,Diesel,2.0L,Automatic,"51,507 miles",4,188 bhp,2015 (15),,£199,"£16,600",,,
503,1 Series,Diesel,2.0L,Manual,"39,207 miles",5,188 bhp,2018 (18),49.6,£199,"£16,600",,,
504,1 Series,Diesel,1.5L,Automatic,"31,242 miles",3,114 bhp,2018 (68),,£199,"£16,600",,,
505,3 Series,Petrol,1.5L,Manual,"37,110 miles",5,134 bhp,2017 (67),,£199,"£16,600",,,
506,4 Series,Diesel,2.0L,Automatic,"77,712 miles",2,188 bhp,2016 (66),,£199,"£16,600",,,
507,3 Series,Diesel,2.0L,Manual,"48,635 miles",4,188 bhp,2017 (67),,£199,"£16,600",,,
508,3 Series,Diesel,2.0L,Automatic,"75,416 miles",5,188 bhp,2017 (17),,£199,"£16,600",,,
509,1 Series,Diesel,2.0L,Automatic,"32,676 miles",5,147 bhp,2016 (16),,£199,"£16,600",,,
510,X3,Diesel,2.0L,Automatic,"60,103 miles",5,181 bhp,2014 (14),,£199,"£16,500",,,
511,2 Series,Diesel,1.5L,Automatic,"45,212 miles",5,114 bhp,2016 (66),68.9,£199,"£16,500",,,
512,4 Series,Diesel,2.0L,Automatic,"52,364 miles",4,188 bhp,2016 (16),,£199,"£16,500",,,
513,3 Series,Diesel,2.0L,Manual,"37,994 miles",5,188 bhp,2017 (67),,£199,"£16,500",,,
514,3 Series,Petrol,1.5L,Automatic,"30,671 miles",5,134 bhp,2015 (65),,£199,"£16,500",,,
515,3 Series,Diesel,2.0L,Automatic,"72,237 miles",5,188 bhp,2015 (15),,£199,"£16,500",,,
516,2 Series,Petrol,1.5L,Manual,"37,972 miles",2,134 bhp,2017 (67),,£199,"£16,500",,,
517,2 Series,Diesel,2.0L,Automatic,"47,133 miles",5,188 bhp,2017 (17),65.7,£199,"£16,500",,,
518,1 Series,Diesel,1.5L,Manual,"46,647 miles",5,114 bhp,2017 (67),70.6,£199,"£16,500",,,
519,5 Series,Diesel,2.0L,Automatic,"64,870 miles",5,188 bhp,2015 (15),,£199,"£16,400",,,
520,3 Series,Diesel,3.0L,Automatic,"71,122 miles",4,255 bhp,2016 (66),,£199,"£16,400",,,
521,1 Series,Diesel,2.0L,Manual,"32,105 miles",5,147 bhp,2017 (17),,£199,"£16,400",,,
522,1 Series,Petrol,1.5L,Manual,"58,752 miles",5,134 bhp,2017 (67),52.3,£199,"£16,400",,,
523,3 Series,Petrol,2.0L,Manual,"38,289 miles",4,181 bhp,2015 (15),,£199,"£16,400",,,
524,3 Series,Diesel,3.0L,Automatic,"72,814 miles",4,308 bhp,2015 (65),,£199,"£16,400",,,
525,3 Series,Diesel,2.0L,Automatic,"45,081 miles",4,188 bhp,2016 (66),,£199,"£16,400",,,
526,1 Series,Petrol,1.5L,Automatic,"46,541 miles",5,134 bhp,2018 (68),,£199,"£16,400",,,
527,2 Series,Petrol,1.5L,Manual,"37,772 miles",2,134 bhp,2018 (68),,£199,"£16,400",,,
528,1 Series,Diesel,1.5L,Automatic,"32,113 miles",5,114 bhp,2016 (66),,£199,"£16,300",,,
529,2 Series,Diesel,2.0L,Manual,"35,917 miles",5,148 bhp,2017 (66),64.2,£199,"£16,300",,,
530,4 Series,Diesel,2.0L,Automatic,"84,817 miles",2,188 bhp,2015 (65),60.1,£199,"£16,300",,,
531,3 Series,Diesel,2.0L,Automatic,"62,058 miles",5,161 bhp,2017 (67),,£199,"£16,300",,,
532,1 Series,Petrol,1.5L,Manual,"35,127 miles",5,134 bhp,2018 (68),,£199,"£16,300",,,
533,X1,Diesel,2.0L,Manual,"51,123 miles",5,148 bhp,2017 (67),,£199,"£16,200",,,
534,1 Series,Diesel,2.0L,Automatic,"37,809 miles",5,188 bhp,2016 (66),,£199,"£16,200",,,
535,2 Series,Diesel,2.0L,Manual,"15,997 miles",5,148 bhp,2017 (67),68.9,£199,"£16,200",,,
536,2 Series,Petrol,1.5L,Automatic,"35,239 miles",5,138 bhp,2018 (18),42.2,£199,"£16,200",,,
537,4 Series,Petrol,2.0L,Manual,"39,831 miles",4,181 bhp,2016 (66),,£199,"£16,200",,,
538,X1,Diesel,2.0L,Manual,"52,895 miles",5,148 bhp,2017 (67),,£199,"£16,100",,,
539,2 Series,Diesel,1.5L,Automatic,"73,766 miles",5,114 bhp,2018 (18),55.4,£199,"£16,100",,,
540,4 Series,Diesel,2.0L,Automatic,"89,587 miles",4,188 bhp,2016 (66),65.7,£199,"£16,100",,,
541,2 Series,Petrol,1.5L,Manual,"26,348 miles",5,138 bhp,2018 (18),44.1,£199,"£16,100",,,
542,5 Series,Diesel,2.0L,Automatic,"58,106 miles",5,188 bhp,2016 (16),,£199,"£16,100",,,
543,2 Series,Diesel,2.0L,Manual,"23,385 miles",2,148 bhp,2018 (18),,£199,"£16,100",,,
544,2 Series,Petrol,1.5L,Manual,"30,452 miles",2,134 bhp,2016 (16),,£199,"£16,100",,,
545,1 Series,Petrol,1.5L,Automatic,"48,760 miles",5,134 bhp,2018 (68),,£199,"£16,100",,,
546,3 Series,Diesel,2.0L,Automatic,"44,345 miles",4,114 bhp,2016 (66),68.9,£199,"£16,000",,,
547,3 Series,Diesel,2.0L,Manual,"69,828 miles",4,188 bhp,2018 (68),64.2,£199,"£16,000",,,
548,2 Series,Petrol,1.5L,Manual,"56,625 miles",2,134 bhp,2018 (18),,£199,"£16,000",,,
549,5 Series,Diesel,2.0L,Automatic,"90,668 miles",5,188 bhp,2017 (17),,£199,"£16,000",,,
550,3 Series,Petrol,2.0L,Manual,"31,136 miles",4,181 bhp,2017 (67),48.7,£199,"£16,000",,,
551,2 Series,Diesel,1.5L,Manual,"30,186 miles",5,114 bhp,2017 (17),68.9,£199,"£15,900",,,
552,1 Series,Diesel,1.5L,Automatic,"53,555 miles",5,114 bhp,2017 (17),68.9,£199,"£15,900",,,
553,1 Series,Petrol,1.5L,Manual,"22,449 miles",5,134 bhp,2018 (68),,£199,"£15,900",,,
554,5 Series,Diesel,2.0L,Automatic,"43,531 miles",4,188 bhp,2015 (65),,£199,"£15,900",,,
555,3 Series,Diesel,2.0L,Manual,"56,138 miles",4,148 bhp,2017 (17),64.2,£199,"£15,800",,,
556,3 Series,Diesel,2.0L,Automatic,"56,778 miles",4,161 bhp,2018 (18),,£199,"£15,800",,,
557,1 Series,Petrol,1.5L,Manual,"36,764 miles",5,134 bhp,2018 (68),,£199,"£15,800",,,
558,2 Series,Diesel,1.5L,Manual,"9,692 miles",5,114 bhp,2017 (67),74.3,£199,"£15,800",,,
559,5 Series,Diesel,2.0L,Automatic,"59,717 miles",4,188 bhp,2016 (16),62.8,£199,"£15,800",,,
560,1 Series,Petrol,1.5L,Manual,"46,054 miles",3,134 bhp,2018 (67),,£199,"£15,800",,,
561,1 Series,Diesel,1.5L,Automatic,"51,368 miles",5,114 bhp,2019 (19),,£199,"£15,800",,,
562,2 Series,Petrol,1.5L,Manual,"36,729 miles",5,138 bhp,2018 (68),44.1,£199,"£15,800",,,
563,1 Series,Diesel,1.5L,Automatic,"30,327 miles",5,114 bhp,2018 (67),78.5,£199,"£15,700",,,
564,1 Series,Diesel,2.0L,Manual,"28,858 miles",5,147 bhp,2018 (18),68.9,£199,"£15,700",,,
565,2 Series,Petrol,1.5L,Automatic,"54,660 miles",2,134 bhp,2015 (15),,£199,"£15,700",,,
566,2 Series,Diesel,2.0L,Automatic,"64,801 miles",2,188 bhp,2016 (16),,£199,"£15,700",,,
567,1 Series,Diesel,2.0L,Manual,"23,136 miles",3,147 bhp,2017 (67),65.7,£199,"£15,700",,,
568,2 Series,Diesel,2.0L,Manual,"43,188 miles",5,148 bhp,2016 (16),64.2,£199,"£15,600",,,
569,2 Series,Diesel,2.0L,Manual,"44,527 miles",5,148 bhp,2017 (67),68.9,£199,"£15,600",,,
570,3 Series,Petrol,2.0L,Manual,"39,979 miles",4,181 bhp,2015 (65),,£199,"£15,600",,,
571,1 Series,Diesel,2.0L,Manual,"65,669 miles",5,188 bhp,2017 (67),62.8,£199,"£15,600",,,
572,1 Series,Diesel,2.0L,Manual,"19,139 miles",5,147 bhp,2018 (18),,£199,"£15,600",,,
573,2 Series,Diesel,1.5L,Manual,"41,595 miles",5,114 bhp,2017 (17),74.3,£199,"£15,600",,,
574,2 Series,Petrol,1.5L,Manual,"21,390 miles",2,134 bhp,2017 (67),,£199,"£15,600",,,
575,2 Series,Diesel,1.5L,Manual,"39,427 miles",5,114 bhp,2018 (18),74.3,£199,"£15,500",,,
576,1 Series,Petrol,1.5L,Manual,"22,843 miles",5,134 bhp,2018 (18),56.5,£199,"£15,500",,,
577,2 Series,Petrol,1.5L,Manual,"30,635 miles",2,134 bhp,2016 (16),,£199,"£15,500",,,
578,X1,Diesel,2.0L,Manual,"54,339 miles",5,148 bhp,2017 (17),,£199,"£15,500",,,
579,2 Series,Petrol,2.0L,Manual,"40,976 miles",2,181 bhp,2016 (16),,£199,"£15,500",,,
580,1 Series,Diesel,1.5L,Manual,"26,869 miles",5,114 bhp,2018 (67),78.5,£199,"£15,450",,,
581,5 Series,Diesel,2.0L,Automatic,"33,385 miles",4,188 bhp,2015 (15),68.9,£199,"£15,400",,,
582,1 Series,Petrol,1.5L,Manual,"19,639 miles",5,134 bhp,2017 (67),53.3,£199,"£15,400",,,
583,2 Series,Diesel,2.0L,Manual,"34,255 miles",2,148 bhp,2015 (65),,£199,"£15,300",,,
584,1 Series,Diesel,1.5L,Manual,"16,645 miles",5,114 bhp,2017 (67),72.4,£199,"£15,300",,,
585,1 Series,Petrol,1.5L,Manual,"25,871 miles",5,134 bhp,2018 (18),,£199,"£15,300",,,
586,1 Series,Petrol,1.5L,Manual,"39,180 miles",5,134 bhp,2018 (18),,£199,"£15,300",,,
587,5 Series,Diesel,2.0L,Automatic,"48,683 miles",4,188 bhp,2016 (16),,£199,"£15,250",,,
588,2 Series,Diesel,2.0L,Manual,"22,642 miles",5,148 bhp,2018 (18),68.9,£199,"£15,200",,,
589,2 Series,Diesel,2.0L,Automatic,"63,149 miles",2,188 bhp,2015 (65),,£199,"£15,200",,,
590,1 Series,Petrol,1.5L,Manual,"61,274 miles",5,134 bhp,2018 (18),52.3,£199,"£15,200",,,
591,3 Series,Diesel,2.0L,Manual,"63,168 miles",4,188 bhp,2017 (17),,£199,"£15,200",,,
592,1 Series,Petrol,1.5L,Automatic,"20,212 miles",5,134 bhp,2016 (16),,£199,"£15,100",,,
593,3 Series,Diesel,2.0L,Automatic,"83,191 miles",4,188 bhp,2018 (67),,£199,"£15,100",,,
594,5 Series,Diesel,2.0L,Automatic,"74,011 miles",4,188 bhp,2015 (65),,£199,"£15,100",,,
595,3 Series,Diesel,2.0L,Manual,"71,334 miles",5,188 bhp,2017 (67),,£199,"£15,100",,,
596,1 Series,Petrol,1.5L,Manual,"28,841 miles",5,134 bhp,2018 (18),,£199,"£15,100",,,
597,1 Series,Diesel,2.0L,Manual,"58,522 miles",5,,2018 (68),,£199,"£15,100",Hatchback,,11-10-2022
598,1 Series,Diesel,1.5L,Manual,"10,505 miles",5,114 bhp,2017 (67),78.5,£199,"£15,100",,,
599,2 Series,Petrol,1.5L,Manual,"31,303 miles",5,138 bhp,2019 (19),44.1,£199,"£15,100",,,
600,3 Series,Diesel,2.0L,Manual,"73,569 miles",4,148 bhp,2018 (18),,£199,"£15,000",,,
601,3 Series,Diesel,2.0L,Manual,"38,106 miles",4,141 bhp,2015 (15),,£199,"£15,000",,,
602,2 Series,Petrol,1.5L,Manual,"40,484 miles",5,138 bhp,2018 (18),44.1,£199,"£15,000",,,
603,1 Series,Petrol,2.0L,Automatic,"40,087 miles",3,181 bhp,2018 (18),,£199,"£15,000",,,
604,3 Series,Diesel,2.0L,Automatic,"68,303 miles",4,161 bhp,2016 (66),,£199,"£14,900",,,
605,2 Series,Petrol,1.5L,Manual,"44,966 miles",2,134 bhp,2015 (65),,£199,"£14,900",,,
606,3 Series,Diesel,2.0L,Manual,"37,824 miles",4,188 bhp,2016 (66),,£199,"£14,900",,,
607,1 Series,Petrol,1.5L,Manual,"29,610 miles",5,134 bhp,2018 (67),,£199,"£14,900",,,
608,3 Series,Petrol,2.0L,Manual,"28,359 miles",4,181 bhp,2015 (65),,£199,"£14,900",,,
609,3 Series,Diesel,2.0L,Automatic,"49,096 miles",4,188 bhp,2016 (65),,£199,"£14,900",,,
610,1 Series,Petrol,1.5L,Automatic,"30,044 miles",5,134 bhp,2016 (66),,£199,"£14,900",,,
611,3 Series,Petrol,2.0L,Manual,"73,069 miles",4,181 bhp,2016 (16),47.9,£199,"£14,850",,,
612,1 Series,Diesel,2.0L,Manual,"35,161 miles",3,147 bhp,2016 (66),,£199,"£14,800",,,
613,3 Series,Diesel,2.0L,Automatic,"68,202 miles",4,161 bhp,2017 (17),,£199,"£14,800",,,
614,1 Series,Diesel,2.0L,Manual,"52,127 miles",3,188 bhp,2017 (17),,£199,"£14,700",,,
615,3 Series,Diesel,2.0L,Automatic,"71,332 miles",4,161 bhp,2017 (17),,£199,"£14,700",,,
616,1 Series,Diesel,1.5L,Manual,"9,828 miles",5,114 bhp,2018 (68),,£199,"£14,700",,,
617,3 Series,Diesel,2.0L,Automatic,"72,573 miles",5,188 bhp,2018 (18),62.8,£199,"£14,700",,,
618,1 Series,Petrol,1.5L,Manual,"35,078 miles",3,134 bhp,2017 (17),,£199,"£14,600",,,
619,3 Series,Diesel,2.0L,Manual,"35,808 miles",4,114 bhp,2017 (67),,£199,"£14,600",,,
620,2 Series,Diesel,2.0L,Automatic,"40,384 miles",5,148 bhp,2015 (65),68.9,£199,"£14,600",,,
621,1 Series,Diesel,1.5L,Manual,"36,287 miles",5,114 bhp,2018 (68),,£199,"£14,600",,,
622,2 Series,Petrol,1.5L,Manual,"45,311 miles",5,138 bhp,2018 (18),44.1,£199,"£14,550",,,
623,1 Series,Petrol,1.5L,Manual,"47,291 miles",5,134 bhp,2018 (18),,£199,"£14,500",,,
624,2 Series,Petrol,1.5L,Manual,"30,077 miles",2,134 bhp,2015 (65),50.4,£199,"£14,500",,,
625,2 Series,Diesel,2.0L,Manual,"30,760 miles",2,148 bhp,2016 (66),,£199,"£14,500",,,
626,3 Series,Diesel,2.0L,Manual,"46,834 miles",4,161 bhp,2017 (67),,£199,"£14,500",,,
627,3 Series,Diesel,2.0L,Manual,"68,742 miles",4,188 bhp,2016 (16),,£199,"£14,450",,,
628,1 Series,Diesel,2.0L,Automatic,"69,567 miles",3,147 bhp,2016 (66),,£199,"£14,400",,,
629,1 Series,Diesel,1.5L,Manual,"57,409 miles",5,114 bhp,2017 (17),,£199,"£14,400",,,
630,2 Series,Diesel,2.0L,Automatic,"43,545 miles",2,148 bhp,2017 (17),,£199,"£14,400",,,
631,3 Series,Petrol,2.0L,Manual,"44,261 miles",4,181 bhp,2017 (17),,£199,"£14,400",,,
632,3 Series,Diesel,2.0L,Automatic,"62,210 miles",4,161 bhp,2016 (16),,£199,"£14,300",,,
633,2 Series,Diesel,2.0L,Automatic,"45,519 miles",5,148 bhp,2015 (65),68.9,£199,"£14,300",,,
634,1 Series,Diesel,1.5L,Manual,"27,676 miles",5,114 bhp,2016 (66),,£199,"£14,300",,,
635,1 Series,Diesel,2.0L,Automatic,"72,711 miles",5,147 bhp,2018 (18),,£199,"£14,300",,,
636,1 Series,Diesel,1.5L,Manual,"47,934 miles",5,114 bhp,2018 (18),53.3,£199,"£14,300",,,
637,1 Series,Diesel,1.5L,Manual,"43,651 miles",5,114 bhp,2019 (19),,£199,"£14,200",,,
638,3 Series,Diesel,2.0L,Manual,"61,614 miles",4,161 bhp,2018 (18),72.4,£199,"£14,100",,,
639,1 Series,Petrol,1.5L,Manual,"21,563 miles",5,134 bhp,2016 (66),,£199,"£14,100",,,
640,2 Series,Petrol,1.5L,Manual,"33,904 miles",2,134 bhp,2016 (16),52.3,£199,"£14,100",,,
641,5 Series,Diesel,2.0L,Manual,"67,067 miles",4,188 bhp,2015 (65),60.1,£199,"£14,100",,,
642,1 Series,Petrol,1.5L,Manual,"23,008 miles",5,134 bhp,2017 (17),,£199,"£14,100",,,
643,1 Series,Diesel,1.5L,Manual,"32,770 miles",5,114 bhp,2018 (68),,£199,"£14,100",,,
644,1 Series,Diesel,1.5L,Manual,"18,893 miles",5,114 bhp,2017 (17),,£199,"£14,100",,,
645,3 Series,Diesel,2.0L,Manual,"41,271 miles",4,148 bhp,2016 (65),,£199,"£14,050",,,
646,1 Series,Diesel,1.5L,Manual,"52,493 miles",5,114 bhp,2018 (68),,£199,"£14,000",,,
647,1 Series,Diesel,1.5L,Manual,"38,976 miles",5,114 bhp,2017 (67),,£199,"£14,000",,,
648,1 Series,Diesel,1.5L,Automatic,"63,168 miles",5,114 bhp,2016 (16),68.9,£199,"£14,000",,,
649,1 Series,Diesel,1.5L,Manual,"30,743 miles",5,114 bhp,2017 (67),83.1,£199,"£14,000",,,
650,1 Series,Petrol,1.5L,Manual,"24,555 miles",5,134 bhp,2017 (67),56.5,£199,"£14,000",,,
651,4 Series,Diesel,2.0L,Automatic,"87,712 miles",2,188 bhp,2016 (66),,£199,"£13,900",,,
652,3 Series,Diesel,2.0L,Manual,"28,603 miles",4,141 bhp,2014 (64),,£199,"£13,900",,,
653,2 Series,Diesel,2.0L,Automatic,"56,822 miles",5,148 bhp,2016 (16),68.9,£199,"£13,900",,,
654,3 Series,Diesel,2.0L,Manual,"57,690 miles",4,188 bhp,2016 (66),,£199,"£13,900",,,
655,2 Series,Diesel,2.0L,Manual,"41,254 miles",5,148 bhp,2016 (16),68.9,£199,"£13,800",,,
656,3 Series,Petrol,1.5L,Manual,"40,027 miles",4,134 bhp,2016 (66),,£199,"£13,800",,,
657,1 Series,Diesel,1.5L,Manual,"52,139 miles",5,114 bhp,2016 (66),,£199,"£13,800",,,
658,3 Series,Petrol,1.5L,Manual,"40,699 miles",4,134 bhp,2016 (16),,£199,"£13,800",,,
659,3 Series,Diesel,2.0L,Manual,"60,503 miles",4,161 bhp,2016 (66),,£199,"£13,700",,,
660,2 Series,Diesel,2.0L,Automatic,"57,324 miles",2,148 bhp,2015 (65),68.9,£199,"£13,500",,,
661,2 Series,Diesel,1.5L,Manual,"63,962 miles",5,114 bhp,2017 (17),74.3,£199,"£13,500",,,
662,3 Series,Diesel,2.0L,Manual,"51,272 miles",4,114 bhp,2017 (67),,£199,"£13,400",,,
663,1 Series,Diesel,2.0L,Automatic,"76,449 miles",5,188 bhp,2016 (16),65.7,£199,"£13,400",,,
664,1 Series,Diesel,1.5L,Manual,"54,230 miles",5,114 bhp,2018 (68),,£199,"£13,400",,,
665,1 Series,Diesel,1.5L,Manual,"32,331 miles",5,114 bhp,2017 (67),78.5,£199,"£13,300",,,
666,2 Series,Diesel,2.0L,Manual,"46,206 miles",2,148 bhp,2016 (16),,£199,"£13,300",,,
667,3 Series,Diesel,2.0L,Manual,"51,038 miles",4,114 bhp,2016 (66),,£199,"£13,300",,,
668,3 Series,Diesel,2.0L,Automatic,"67,559 miles",4,188 bhp,2016 (16),,£199,"£13,200",,,
669,2 Series,Diesel,2.0L,Manual,"34,631 miles",5,148 bhp,2015 (15),68.9,£199,"£13,200",,,
670,3 Series,Diesel,2.0L,Manual,"67,920 miles",4,181 bhp,2014 (64),57.7,£199,"£13,100",,,
671,3 Series,Diesel,2.0L,Manual,"79,954 miles",5,114 bhp,2018 (67),64.2,£199,"£13,100",,,
672,3 Series,Diesel,2.0L,Manual,"61,829 miles",4,114 bhp,2016 (66),,£199,"£13,100",,,
673,1 Series,Diesel,1.5L,Manual,"31,387 miles",5,114 bhp,2017 (17),,£199,"£13,100",,,
674,1 Series,Diesel,1.5L,Manual,"43,082 miles",5,114 bhp,2018 (68),,£199,"£13,000",,,
675,3 Series,Diesel,2.0L,Manual,"60,561 miles",4,161 bhp,2016 (16),,£199,"£13,000",,,
676,1 Series,Petrol,1.5L,Manual,"24,669 miles",5,134 bhp,2015 (65),,£199,"£13,000",,,
677,3 Series,Diesel,2.0L,Automatic,"80,876 miles",4,161 bhp,2015 (65),74.3,£199,"£12,900",,,
678,2 Series,Diesel,2.0L,Manual,"48,893 miles",5,148 bhp,2015 (65),68.9,£199,"£12,800",,,
679,1 Series,Diesel,1.5L,Manual,"64,139 miles",3,114 bhp,2016 (66),,£199,"£12,600",,,
680,3 Series,Diesel,2.0L,Automatic,"57,936 miles",4,181 bhp,2014 (64),,£199,"£12,500",,,
681,1 Series,Diesel,1.5L,Manual,"59,223 miles",5,114 bhp,2017 (67),78.5,£199,"£12,400",,,
682,2 Series,Diesel,1.5L,Manual,"69,949 miles",5,114 bhp,2017 (17),74.3,£199,"£12,400",,,
683,2 Series,Diesel,1.5L,Manual,"53,544 miles",5,114 bhp,2017 (17),74.3,£199,"£12,350",,,
684,2 Series,Diesel,2.0L,Manual,"70,434 miles",5,148 bhp,2017 (17),68.9,£199,"£12,300",,,
685,1 Series,Diesel,2.0L,Manual,"50,670 miles",5,147 bhp,2015 (15),68.9,£199,"£12,300",,,
686,2 Series,Petrol,1.5L,Manual,"66,488 miles",2,134 bhp,2015 (15),,£199,"£12,200",,,
687,1 Series,Diesel,2.0L,Manual,"30,410 miles",5,114 bhp,2015 (15),,£199,"£11,700",,,
688,1 Series,Diesel,1.5L,Manual,"55,070 miles",5,114 bhp,2015 (65),,£199,"£11,700",,,
689,2 Series,Diesel,2.0L,Manual,"56,596 miles",5,148 bhp,2016 (16),68.9,£199,"£11,650",,,
690,1 Series,Diesel,1.5L,Manual,"57,552 miles",5,114 bhp,2015 (65),,£199,"£11,300",,,
691,1 Series,Diesel,1.5L,Manual,"48,177 miles",5,114 bhp,2015 (65),,£199,"£11,300",,,
692,3 Series,Diesel,2.0L,Manual,"82,364 miles",5,114 bhp,2016 (16),,£199,"£11,300",,,
693,1 Series,Petrol,1.5L,Manual,"59,313 miles",5,134 bhp,2015 (65),,£199,"£11,300",,,
694,1 Series,Diesel,1.5L,Manual,"49,488 miles",5,114 bhp,2015 (65),,£199,"£11,200",,,
695,1 Series,Diesel,2.0L,Automatic,"61,356 miles",5,114 bhp,2014 (64),64.2,£199,"£10,600",,,
696,2 Series,Diesel,1.5L,Manual,"73,605 miles",5,114 bhp,2016 (65),74.3,£199,"£10,400",,,
