,Model,Fuel Type,Engine Size,Transmission,Mileage,Doors,BHP,Year,MPG,Body Type,Colour,Previous Keepers,Ultra Low Emission Zone  ,Tax,Price,CO2,MOT Expires,Interior Trim,Euro Status,VAT Qualifying
0,8 Series,Petrol,3.0L,Automatic,933 miles,2,335 bhp,2021 (21),33.6,Coupe,WHITE,1.0,Euro 6,£199,"£54,500",,,,,
1,M2,Petrol,3.0L,Automatic,"18,161 miles",2,405 bhp,2019 (69),29.1,Coupe,Long Beach Blue metallic,1.0,Euro 6,£199,"£40,100",209 g/km,,,,
2,5 Series,Petrol,3.0L,Automatic,"35,578 miles",5,335 bhp,2018 (68),37.7,Estate,Sophisto Grey Xirallic,1.0,Euro 6,£199,"£37,100",172 g/km,04-11-2022,,,
3,X5,Diesel,3.0L,Automatic,"54,064 miles",5,308 bhp,2017 (67),47.1,Estate,WHITE,1.0,Euro 6,£199,"£36,900",159 g/km,14-09-2022,,,
4,X5,Diesel,3.0L,Automatic,"34,681 miles",5,308 bhp,2017 (17),47.1,Estate,BLACK,2.0,Euro 6,£199,"£35,800",159 g/km,10-10-2021,,,
5,5 Series,Petrol,3.0L,Automatic,"25,134 miles",4,335 bhp,2018 (68),39.2,Saloon,BLACK,1.0,Euro 6,£199,"£35,500",164 g/km,20-09-2022,,,
6,X6,Diesel,3.0L,Automatic,"45,740 miles",4,255 bhp,2018 (18),47.1,Coupe,GREY,1.0,Euro 6,£199,"£34,500",159 g/km,28-03-2022,,,
7,X3,Diesel,2.0L,Automatic,"11,897 miles",5,188 bhp,2019 (19),54.3,Estate,ALPINE WHITE,1.0,Euro 6,£199,"£34,000",138 g/km,,,,
8,X5,Diesel,3.0L,Automatic,"43,237 miles",5,255 bhp,2016 (66),47.1,Estate,WHITE,2.0,Euro 6,£199,"£33,700",158 g/km,24-11-2021,,,
9,X5,Diesel,3.0L,Automatic,"58,404 miles",5,255 bhp,2017 (67),47.1,Estate,GREY,2.0,Euro 6,£199,"£32,600",158 g/km,,,,
10,X3,Diesel,2.0L,Automatic,"37,639 miles",5,188 bhp,2018 (68),54.3,Estate,BLUE,1.0,Euro 6,£199,"£32,300",138 g/km,,,,
11,3 Series,Diesel,2.0L,Automatic,"9,857 miles",5,188 bhp,2020 (69),50.4,Estate,WHITE,1.0,Euro 6,£199,"£32,000",121 g/km,,,,
12,3 Series,Hybrid Petrol,2.0L,Automatic,"18,198 miles",4,288 bhp,2019 (69),8.8,Saloon,SUNSET ORANGE,1.0,Euro 6,£199,"£32,000",37 g/km,,Vernasca Leather,,
13,6 Series,Diesel,3.0L,Automatic,"32,054 miles",5,261 bhp,2018 (68),53.3,Hatchback,GREY,1.0,Euro 6,£199,"£30,400",139 g/km,28-09-2022,,,
14,X5,Diesel,3.0L,Automatic,"48,237 miles",5,255 bhp,2016 (16),47.1,Estate,WHITE,2.0,Euro 6,£199,"£30,300",158 g/km,04-03-2022,,,
15,X6,Diesel,3.0L,Automatic,"60,407 miles",4,308 bhp,2016 (16),44.8,Coupe,SPACE GREY,2.0,Euro 6,£199,"£30,000",165 g/km,26-01-2022,IVORY WHITE DAKOTA LEATHER,,
16,6 Series,Petrol,3.0L,Automatic,"46,238 miles",2,,2017 (17),,Convertible,Black,2.0,,£199,"£30,000",184 g/km,,,,
17,3 Series,Petrol,2.0L,Automatic,"6,368 miles",4,181 bhp,2019 (69),42.2,Saloon,MINERAL GREY,1.0,Euro 6,£199,"£30,000",129 g/km,,,,
18,X5,Diesel,3.0L,Automatic,"57,269 miles",5,255 bhp,2015 (65),47.1,Estate,BLACK,1.0,Euro 6,£199,"£29,900",158 g/km,05-09-2022,,,
19,3 Series,Hybrid Petrol,2.0L,Automatic,"33,553 miles",4,288 bhp,2019 (69),8.8,Saloon,MINERAL GREY,1.0,Euro 6,£199,"£29,900",37 g/km,,,,
20,X3,Diesel,3.0L,Automatic,"29,556 miles",5,308 bhp,2017 (67),47.1,Estate,GREY,,Euro 6,£199,"£29,800",157 g/km,03-11-2022,,,
21,6 Series,Petrol,2.0L,Automatic,"25,657 miles",5,248 bhp,2018 (68),42.8,Hatchback,BLUE,1.0,Euro 6,£199,"£29,700",152 g/km,,,,
22,X3,Diesel,2.0L,Automatic,"41,753 miles",5,188 bhp,2018 (68),54.3,Estate,WHITE,1.0,Euro 6,£199,"£29,600",138 g/km,,,,
23,6 Series,Diesel,3.0L,Automatic,"54,947 miles",2,308 bhp,2017 (17),52.3,Coupe,WHITE,2.0,Euro 6,£199,"£29,600",143 g/km,14-07-2022,,,
24,6 Series,Petrol,2.0L,Automatic,"20,996 miles",5,248 bhp,2018 (68),42.8,Hatchback,WHITE,2.0,Euro 6,£199,"£29,600",152 g/km,,,,
25,6 Series,Diesel,3.0L,Automatic,"26,639 miles",4,308 bhp,2017 (67),49.6,Coupe,SPACE GREY,1.0,Euro 6,£199,"£29,450",152 g/km,13-09-2022,IVORY WHITE DAKOTA LEATHER,,
26,5 Series,Diesel,2.0L,Automatic,"19,167 miles",4,188 bhp,2018 (68),65.7,Saloon,BLACK,,Euro 6,£199,"£29,400",114 g/km,05-10-2022,,,
27,X3,Diesel,2.0L,Automatic,"44,457 miles",5,188 bhp,2018 (67),54.3,Estate,Phytonic Blue Metallic,1.0,Euro 6,£199,"£29,100",138 g/km,30-01-2022,Vernasca Leather,,
28,6 Series,Diesel,3.0L,Automatic,"44,013 miles",5,261 bhp,2018 (68),53.3,Hatchback,GREY,1.0,Euro 6,£199,"£29,100",139 g/km,16-10-2022,,,
29,3 Series,Petrol,2.0L,Automatic,"11,249 miles",4,181 bhp,2020 (69),42.2,Saloon,MINERAL GREY,1.0,Euro 6,£199,"£29,000",129 g/km,,,,
30,6 Series,Petrol,3.0L,Automatic,"51,046 miles",2,315 bhp,2017 (67),35.8,Convertible,CARBON BLACK,1.0,Euro 6,£199,"£29,000",184 g/km,24-09-2022,BLACK DAKOTA LEATHER,,
31,6 Series,Diesel,3.0L,Automatic,"28,229 miles",5,261 bhp,2018 (18),53.3,Hatchback,BLUE,1.0,Euro 6,£199,"£28,900",139 g/km,14-10-2022,,,
32,6 Series,Petrol,3.0L,Automatic,"28,680 miles",2,315 bhp,2015 (65),35.8,Convertible,WHITE,2.0,Euro 6,£199,"£28,900",184 g/km,01-12-2021,,,
33,X5,Diesel,3.0L,Automatic,"60,263 miles",5,255 bhp,2015 (15),47.1,Estate,BLACK,,Euro 6,£199,"£28,700",158 g/km,20-08-2022,,,
34,6 Series,Petrol,2.0L,Automatic,"34,217 miles",5,248 bhp,2018 (68),42.8,Hatchback,BLUE,1.0,Euro 6,£199,"£28,700",152 g/km,28-10-2022,,,
35,X5,Diesel,3.0L,Automatic,"42,545 miles",5,255 bhp,2014 (64),47.1,Estate,GREY,1.0,Euro 6,£199,"£28,600",158 g/km,11-12-2021,,,
36,X3,Diesel,3.0L,Automatic,"19,925 miles",5,308 bhp,2016 (66),47.1,Estate,WHITE,,Euro 6,£199,"£28,600",157 g/km,29-10-2022,MOCHA DAKOTA LEATHER,,
37,X5,Hybrid Petrol,2.0L,Automatic,"55,140 miles",5,,2016 (16),,Estate,BLACK,,Euro 6,£199,"£28,500",77 g/km,05-07-2022,,,
38,3 Series,Petrol,2.0L,Automatic,"21,837 miles",4,255 bhp,2019 (19),41.5,Saloon,BLACK SAPPHIRE,1.0,Euro 6,£199,"£28,500",134 g/km,,,,
39,X2,Petrol,2.0L,Automatic,"15,424 miles",5,189 bhp,2019 (19),39.2,Hatchback,ALPINE WHITE,1.0,Euro 6,£199,"£28,100",134 g/km,,BLACK DAKOTA LEATHER,,
40,7 Series,Diesel,3.0L,Automatic,"44,615 miles",4,261 bhp,2017 (17),57.7,Saloon,BLACK,2.0,Euro 6,£199,"£28,000",129 g/km,02-06-2022,,,
41,3 Series,Petrol,2.0L,Automatic,"12,724 miles",4,181 bhp,2019 (19),42.2,Saloon,Portimao Blue - Metallic,1.0,Euro 6,£199,"£28,000",129 g/km,,,,
42,X1,Petrol,2.0L,Automatic,"24,484 miles",5,189 bhp,2019 (69),48.7,Estate,MINERAL WHITE,1.0,Euro 6,£199,"£28,000",129 g/km,,,,
43,6 Series,Diesel,3.0L,Automatic,"26,166 miles",4,308 bhp,2018 (18),49.6,Coupe,BLACK,2.0,Euro 6,£199,"£28,000",152 g/km,09-05-2022,,,
44,X4,Diesel,2.0L,Automatic,"35,720 miles",4,188 bhp,2017 (67),54.3,Coupe,BLACK SAPPHIRE,1.0,Euro 6,£199,"£27,800",138 g/km,23-05-2022,,,
45,3 Series,Petrol,2.0L,Automatic,"11,412 miles",5,181 bhp,2019 (19),47.9,Estate,MINERAL GREY,1.0,Euro 6,£199,"£27,600",138 g/km,,,,
46,X4,Diesel,3.0L,Automatic,"31,885 miles",4,255 bhp,2016 (16),47.9,Coupe,MELBOURNE RED,2.0,Euro 6,£199,"£27,500",156 g/km,21-10-2022,BLACK NEVADA LEATHER,,
47,3 Series,Petrol,2.0L,Automatic,"11,080 miles",5,181 bhp,2019 (19),47.9,Estate,BLUE,1.0,Euro 6,£199,"£27,500",138 g/km,,,,
48,5 Series,Diesel,3.0L,Automatic,"37,477 miles",4,261 bhp,2017 (67),60.1,Saloon,BLUE,1.0,Euro 6,£199,"£27,400",124 g/km,03-09-2022,,,
49,6 Series,Petrol,3.0L,Automatic,"18,841 miles",4,,2017 (67),,Coupe,SILVER,,,£199,"£27,400",182 g/km,,,,
50,X5,Diesel,3.0L,Automatic,"65,445 miles",5,255 bhp,2015 (65),47.1,Estate,BLACK,,Euro 6,£199,"£27,300",158 g/km,28-07-2022,,,
51,6 Series,Diesel,2.0L,Automatic,"27,656 miles",5,188 bhp,2018 (68),44.1,Hatchback,GREY,1.0,Euro 6,£199,"£27,250",128 g/km,23-09-2022,,,
52,4 Series,Petrol,2.0L,Automatic,"12,093 miles",4,181 bhp,2018 (68),45.6,Coupe,GREY,1.0,Euro 6,£199,"£27,200",144 g/km,,,,
53,1M,Petrol,3.0L,Automatic,"19,499 miles",5,335 bhp,2018 (68),39.8,Hatchback,ESTORIL BLUE,1.0,Euro 6,£199,"£27,000",163 g/km,27-09-2022,BLACK DAKOTA LEATHER,,
54,1M,Petrol,3.0L,Automatic,"14,655 miles",5,335 bhp,2018 (18),39.8,Hatchback,MINERAL GREY,1.0,Euro 6,£199,"£27,000",163 g/km,31-10-2022,,,
55,5 Series,Diesel,2.0L,Automatic,"45,512 miles",5,188 bhp,2018 (18),55.4,Estate,WHITE,1.0,Euro 6,£199,"£27,000",134 g/km,05-08-2022,,,
56,3 Series,Petrol,2.0L,Automatic,"13,977 miles",5,181 bhp,2019 (19),47.9,Estate,ESTORIL BLUE,1.0,Euro 6,£199,"£27,000",138 g/km,11-10-2022,BLACK DAKOTA LEATHER,,
57,X2,Petrol,1.5L,Manual,"7,038 miles",5,138 bhp,2019 (69),42.8,Hatchback,WHITE,1.0,Euro 6,£199,"£26,500",130 g/km,,,,
58,3 Series,Petrol,2.0L,Automatic,"26,457 miles",4,181 bhp,2019 (19),42.2,Saloon,MINERAL GREY,1.0,Euro 6,£199,"£26,500",129 g/km,,BLACK VERNASCA LEATHER,,
59,X4,Diesel,3.0L,Automatic,"27,573 miles",4,255 bhp,2016 (66),47.9,Coupe,MELBOURNE RED,2.0,Euro 6,£199,"£26,500",156 g/km,25-04-2022,BLACK NEVADA LEATHER,,
60,1M,Petrol,3.0L,Automatic,"21,171 miles",5,335 bhp,2018 (68),39.8,Hatchback,ESTORIL BLUE,1.0,Euro 6,£199,"£26,500",163 g/km,27-09-2022,,,
61,5 Series,Diesel,2.0L,Automatic,"61,698 miles",5,188 bhp,2018 (68),62.8,Estate,BLUE,1.0,Euro 6,£199,"£26,400",119 g/km,29-09-2022,,,
62,4 Series,Petrol,2.0L,Manual,"5,130 miles",2,181 bhp,2020 (20),46.3,Coupe,BLUE,1.0,Euro 6,£199,"£26,300",141 g/km,,,,
63,2 Series,Petrol,2.0L,Automatic,"16,565 miles",2,181 bhp,2019 (19),46.3,Convertible,GREY,2.0,Euro 6,£199,"£26,100",140 g/km,,,,
64,1 Series,Petrol,3.0L,Automatic,"15,550 miles",5,335 bhp,2018 (68),39.8,Hatchback,WHITE,1.0,Euro 6,£199,"£26,000",163 g/km,,,,
65,5 Series,Hybrid Petrol,2.0L,Automatic,"58,408 miles",4,248 bhp,2018 (68),99.99,Saloon,BLACK,1.0,Euro 6,£199,"£25,800",46 g/km,18-10-2022,,,
66,X4,Diesel,3.0L,Automatic,"63,156 miles",4,255 bhp,2017 (66),47.9,Coupe,CARBON BLACK,2.0,Euro 6,£199,"£25,700",156 g/km,,BLACK NEVADA LEATHER,,
67,I3,Electric,,Automatic,"7,051 miles",5,168 bhp,2020 (20),1.0,Hatchback,WHITE,1.0,Euro 6,£199,"£25,700",,,,,
68,X3,Diesel,3.0L,Automatic,"42,646 miles",5,308 bhp,2016 (16),47.1,Estate,CARBON BLACK,2.0,Euro 6,£199,"£25,500",157 g/km,16-12-2021,BLACK NEVADA LEATHER,,
69,5 Series,Diesel,2.0L,Automatic,"42,692 miles",5,188 bhp,2018 (68),62.8,Estate,BLUE,1.0,Euro 6,£199,"£25,400",119 g/km,11-10-2022,,,
70,X1,Diesel,2.0L,Automatic,"31,901 miles",5,188 bhp,2017 (17),57.7,Estate,BLACK,2.0,Euro 6,£199,"£25,300",129 g/km,22-07-2022,,,
71,6 Series,Diesel,3.0L,Automatic,"24,634 miles",2,308 bhp,2017 (67),52.3,Coupe,WHITE,1.0,Euro 6,£199,"£25,000",143 g/km,23-08-2022,,,
72,1M,Petrol,3.0L,Automatic,"16,083 miles",5,335 bhp,2018 (68),39.8,Hatchback,BLACK SAPPHIRE,1.0,Euro 6,£199,"£25,000",163 g/km,,,,
73,4 Series,Diesel,3.0L,Automatic,"33,118 miles",4,255 bhp,2018 (67),53.3,Coupe,SILVER,2.0,Euro 6,£199,"£25,000",139 g/km,,,,
74,3 Series,Hybrid Petrol,2.0L,Automatic,"17,640 miles",4,248 bhp,2018 (18),99.99,Saloon,WHITE,1.0,Euro 6,£199,"£25,000",44 g/km,01-08-2022,,,
75,X2,Diesel,2.0L,Automatic,"21,054 miles",5,187 bhp,2018 (18),58.9,Hatchback,Misano Blue Metallic,1.0,Euro 6,£199,"£25,000",126 g/km,,BLACK DAKOTA LEATHER,,
76,1M,Petrol,3.0L,Automatic,"16,613 miles",5,335 bhp,2018 (68),39.8,Hatchback,BLUE,1.0,Euro 6,£199,"£25,000",163 g/km,19-09-2022,,,
77,1M,Petrol,3.0L,Automatic,"13,454 miles",5,335 bhp,2018 (18),39.8,Hatchback,ESTORIL BLUE,1.0,Euro 6,£199,"£25,000",163 g/km,30-07-2022,BLACK DAKOTA LEATHER,,
78,3 Series,Petrol,2.0L,Automatic,"16,262 miles",4,181 bhp,2018 (18),48.7,Saloon,WHITE,,Euro 6,£199,"£24,900",134 g/km,28-06-2022,,,
79,X4,Diesel,2.0L,Automatic,"40,588 miles",4,,2016 (66),,Coupe,Black,,,£199,"£24,800",136 g/km,,,,
80,X1,Diesel,2.0L,Automatic,"7,770 miles",5,187 bhp,2018 (18),60.1,Estate,Mediterranean Blue,1.0,Euro 6,£199,"£24,700",123 g/km,16-05-2022,,,
81,1M,Petrol,3.0L,Automatic,"14,608 miles",5,335 bhp,2018 (68),39.8,Hatchback,GREY,1.0,Euro 6,£199,"£24,500",163 g/km,03-09-2022,,,
82,6 Series,Diesel,3.0L,Automatic,"41,401 miles",4,308 bhp,2016 (66),49.6,Coupe,Tanzanite Blue Individual Metallic,2.0,Euro 6,£199,"£24,500",152 g/km,08-12-2021,IVORY WHITE DAKOTA LEATHER,,
83,X4,Diesel,3.0L,Automatic,"47,714 miles",4,255 bhp,2015 (65),47.9,Coupe,BLACK SAPPHIRE,,Euro 6,£199,"£24,500",156 g/km,29-12-2021,OYSTER NEVADA LEATHER,,
84,4 Series,Petrol,2.0L,Automatic,"46,369 miles",4,248 bhp,2018 (68),48.7,Coupe,SILVER,1.0,Euro 6,£199,"£24,400",136 g/km,08-11-2022,,,
85,3 Series,Petrol,2.0L,Automatic,"22,358 miles",5,181 bhp,2019 (68),47.9,Estate,GLACIER SILVER,1.0,Euro 6,£199,"£24,400",138 g/km,,,,
86,1M,Petrol,3.0L,Automatic,"21,676 miles",5,335 bhp,2018 (18),39.8,Hatchback,MINERAL GREY,1.0,Euro 6,£199,"£24,300",163 g/km,30-07-2022,BLACK DAKOTA LEATHER,,
87,1 Series,Petrol,1.5L,Automatic,"33,641 miles",5,138 bhp,2020 (69),40.4,Hatchback,BLUE,1.0,Euro 6,£199,"£24,200",114 g/km,,,,
88,3 Series,Petrol,2.0L,Automatic,"38,157 miles",5,181 bhp,2018 (18),47.9,Estate,ALPINE WHITE,2.0,Euro 6,£199,"£24,200",138 g/km,22-03-2022,,,
89,X4,Diesel,2.0L,Automatic,"56,381 miles",4,188 bhp,2016 (16),54.3,Coupe,ALPINE WHITE,,Euro 6,£199,"£24,100",138 g/km,19-08-2022,,,
90,X1,Petrol,1.5L,Manual,"17,243 miles",5,138 bhp,2020 (69),39.8,Estate,BLUE,1.0,Euro 6,£199,"£24,100",125 g/km,,,,
91,4 Series,Diesel,2.0L,Automatic,"37,367 miles",4,188 bhp,2018 (68),65.7,Coupe,WHITE,1.0,Euro 6,£199,"£24,100",114 g/km,,,,
92,X3,Diesel,2.0L,Automatic,"38,366 miles",5,188 bhp,2017 (67),54.3,Estate,SILVER,1.0,Euro 6,£199,"£24,100",138 g/km,27-09-2022,,,
93,2 Series,Petrol,2.0L,Automatic,"22,402 miles",2,181 bhp,2019 (69),47.9,Coupe,ALPINE WHITE,2.0,Euro 6,£199,"£24,000",135 g/km,,BLACK DAKOTA LEATHER,,
94,X1,Diesel,2.0L,Automatic,"15,790 miles",5,148 bhp,2017 (67),60.1,Estate,ATLANTIC GREY ,1.0,Euro 6,£199,"£24,000",124 g/km,19-10-2022,BLACK DAKOTA LEATHER,,
95,1M,Petrol,3.0L,Automatic,"39,450 miles",5,335 bhp,2018 (68),39.8,Hatchback,BLACK,1.0,Euro 6,£199,"£23,700",163 g/km,23-08-2022,,,
96,X1,Petrol,2.0L,Automatic,"45,093 miles",5,189 bhp,2018 (18),44.8,Estate,GLACIER SILVER,1.0,Euro 6,£199,"£23,700",146 g/km,30-05-2022,,,
97,2 Series,Hybrid Petrol,1.5L,Automatic,"26,252 miles",5,,2018 (68),,Hatchback,WHITE,1.0,Euro 6,£199,"£23,600",57 g/km,27-09-2022,,,
98,3 Series,Diesel,2.0L,Automatic,"16,420 miles",4,188 bhp,2018 (68),64.2,Saloon,ALPINE WHITE,1.0,Euro 6,£199,"£23,500",116 g/km,,BLACK DAKOTA LEATHER,,
99,1 Series,Petrol,3.0L,Automatic,"26,740 miles",5,335 bhp,2018 (18),39.8,Hatchback,BLUE,1.0,Euro 6,£199,"£23,500",163 g/km,23-08-2022,BLACK DAKOTA LEATHER,,
100,5 Series,Diesel,2.0L,Automatic,"61,872 miles",5,188 bhp,2018 (18),62.8,Estate,GREY,1.0,Euro 6,£199,"£23,500",119 g/km,30-07-2022,,,
101,5 Series,Diesel,2.0L,Automatic,"48,882 miles",5,188 bhp,2018 (18),65.7,Estate,BLACK,1.0,Euro 6,£199,"£23,400",114 g/km,29-07-2022,,,
102,3 Series,Petrol,2.0L,Automatic,"35,589 miles",4,181 bhp,2018 (68),48.7,Saloon,GREY,1.0,Euro 6,£199,"£23,300",134 g/km,30-10-2022,,,
103,X4,Diesel,2.0L,Automatic,"48,643 miles",4,188 bhp,2015 (65),54.3,Coupe,ALPINE WHITE,,Euro 6,£199,"£23,300",138 g/km,12-07-2022,BLACK NEVADA LEATHER,,
104,3 Series,Diesel,3.0L,Automatic,"49,061 miles",5,308 bhp,2017 (17),49.6,Estate,GREY,,Euro 6,£199,"£23,100",151 g/km,01-09-2022,,,
105,2 Series,Petrol,1.5L,Automatic,"21,370 miles",5,138 bhp,2018 (68),38.7,Estate,BLACK,1.0,Euro 6,£199,"£23,000",137 g/km,,,,
106,2 Series,Hybrid Petrol,1.5L,Automatic,"14,547 miles",5,,2017 (67),,Hatchback,WHITE,1.0,Euro 6,£199,"£23,000",49 g/km,,,,
107,3 Series,Petrol,2.0L,Automatic,"27,044 miles",4,181 bhp,2018 (68),48.7,Saloon,WHITE,1.0,Euro 6,£199,"£23,000",134 g/km,29-10-2022,,,
108,X1,Petrol,2.0L,Automatic,"40,628 miles",5,189 bhp,2018 (18),44.8,Estate,GREY,1.0,Euro 6,£199,"£23,000",146 g/km,03-05-2022,,,
109,4 Series,Diesel,3.0L,Automatic,"35,769 miles",4,255 bhp,2017 (17),53.3,Coupe,BLUE,,Euro 6,£199,"£22,950",139 g/km,20-12-2021,,,
110,5 Series,Petrol,2.0L,Automatic,"65,346 miles",4,181 bhp,2018 (68),50.4,Saloon,BLUE,1.0,Euro 6,£199,"£22,900",129 g/km,,,,
111,X4,Diesel,2.0L,Automatic,"69,752 miles",4,188 bhp,2016 (66),54.3,Coupe,BLACK SAPPHIRE,2.0,Euro 6,£199,"£22,800",138 g/km,20-11-2021,BLACK NEVADA LEATHER,,
112,5 Series,Petrol,2.0L,Automatic,"36,584 miles",4,181 bhp,2019 (19),52.3,Saloon,WHITE,1.0,Euro 6,£199,"£22,800",124 g/km,,,,
113,3 Series,Hybrid Petrol,2.0L,Automatic,"49,405 miles",4,248 bhp,2018 (18),99.99,Saloon,WHITE,1.0,Euro 6,£199,"£22,700",44 g/km,09-06-2022,,,
114,2 Series,Petrol,1.5L,Automatic,"11,604 miles",5,134 bhp,2018 (18),53.3,Estate,BLACK,,Euro 6,£199,"£22,700",124 g/km,29-04-2022,,,
115,6 Series,Diesel,3.0L,Automatic,"37,727 miles",2,308 bhp,2017 (17),52.3,Coupe,BLUE,1.0,Euro 6,£199,"£22,600",143 g/km,29-11-2022,,,
116,5 Series,Diesel,2.0L,Automatic,"29,008 miles",4,188 bhp,2018 (68),68.9,Saloon,WHITE,,Euro 6,£199,"£22,500",108 g/km,05-09-2022,,,
117,4 Series,Petrol,2.0L,Automatic,"39,581 miles",4,248 bhp,2018 (18),48.7,Coupe,GREY,2.0,Euro 6,£199,"£22,500",136 g/km,11-04-2022,,,
118,1 Series,Petrol,3.0L,Automatic,"44,961 miles",5,335 bhp,2018 (18),39.8,Hatchback,GREY,1.0,Euro 6,£199,"£22,500",163 g/km,19-08-2022,BLACK DAKOTA LEATHER,,
119,2 Series,Petrol,1.5L,Automatic,"31,276 miles",5,134 bhp,2018 (18),53.3,Estate,ESTORIL BLUE,1.0,Euro 6,£199,"£22,500",124 g/km,27-08-2022,,,
120,2 Series,Hybrid Petrol,1.5L,Automatic,"28,782 miles",5,,2018 (68),,Hatchback,BLUE,1.0,Euro 6,£199,"£22,450",57 g/km,,,,
121,3 Series,Diesel,3.0L,Automatic,"51,879 miles",5,308 bhp,2017 (17),49.6,Estate,ALPINE WHITE,2.0,Euro 6,£199,"£22,400",151 g/km,19-03-2022,CORAL RED DAKOTA LEATHER,,
122,X2,Diesel,2.0L,Automatic,,5,187 bhp,2018 (68),61.4,Hatchback,BLACK SAPPHIRE,1.0,Euro 6,£199,"£22,400",121 g/km,,BLACK DAKOTA LEATHER,,
123,3 Series,Diesel,2.0L,Automatic,"27,967 miles",4,188 bhp,2018 (68),64.2,Saloon,BLACK SAPPHIRE,2.0,Euro 6,£199,"£22,400",116 g/km,06-11-2022,BLACK DAKOTA LEATHER,,
124,3 Series,Diesel,3.0L,Automatic,"37,657 miles",4,308 bhp,2017 (17),51.4,Saloon,BLACK,2.0,Euro 6,£199,"£22,400",145 g/km,15-02-2022,BLACK DAKOTA LEATHER,,
125,X2,Diesel,2.0L,Automatic,"56,271 miles",5,187 bhp,2018 (68),61.4,Hatchback,BLACK SAPPHIRE,1.0,Euro 6,£199,"£22,350",121 g/km,,,,
126,X1,Diesel,2.0L,Automatic,"47,241 miles",5,188 bhp,2017 (67),57.7,Estate,BLUE,1.0,Euro 6,£199,"£22,300",129 g/km,30-09-2022,,,
127,X4,Diesel,2.0L,Automatic,"63,755 miles",4,188 bhp,2016 (66),54.3,Coupe,MELBOURNE RED,,Euro 6,£199,"£22,300",138 g/km,17-10-2022,,,
128,X4,Diesel,2.0L,Automatic,"50,951 miles",4,188 bhp,2015 (15),54.3,Coupe,Sophisto Grey Xirallic,2.0,Euro 6,£199,"£22,300",138 g/km,09-09-2022,BLACK NEVADA LEATHER,,
129,4 Series,Diesel,2.0L,Automatic,"35,426 miles",2,188 bhp,2018 (68),65.7,Coupe,BLUE,2.0,Euro 6,£199,"£22,200",114 g/km,02-06-2022,,,
130,2 Series,Diesel,2.0L,Automatic,"17,431 miles",2,222 bhp,2018 (18),61.4,Coupe,RED,,Euro 6,£199,"£22,100",121 g/km,08-08-2022,,,
131,3 Series,Diesel,3.0L,Automatic,"39,993 miles",5,308 bhp,2015 (65),49.6,Estate,GREY,2.0,Euro 6,£199,"£22,100",151 g/km,24-06-2022,SADDLE LEATHER,,
132,5 Series,Diesel,2.0L,Automatic,"70,811 miles",4,188 bhp,2018 (18),65.7,Saloon,BLACK,1.0,Euro 6,£199,"£22,100",114 g/km,29-05-2022,,,
133,1 Series,Petrol,3.0L,Manual,"38,946 miles",5,335 bhp,2018 (18),36.2,Hatchback,GREY,1.0,Euro 6,£199,"£22,000",179 g/km,29-06-2022,BLACK DAKOTA LEATHER,,
134,2 Series,Hybrid Petrol,1.5L,Automatic,"20,161 miles",5,,2017 (67),,Hatchback,WHITE,1.0,Euro 6,£199,"£22,000",46 g/km,15-10-2022,,,
135,5 Series,Diesel,2.0L,Automatic,"35,011 miles",4,188 bhp,2017 (67),68.9,Saloon,BLUE,1.0,Euro 6,£199,"£22,000",108 g/km,,,,
136,4 Series,Diesel,2.0L,Automatic,"17,427 miles",4,188 bhp,2017 (17),65.7,Coupe,MINERAL GREY,1.0,Euro 6,£199,"£22,000",114 g/km,17-04-2022,,,
137,5 Series,Diesel,2.0L,Automatic,"65,794 miles",5,188 bhp,2018 (18),62.8,Estate,ALPINE WHITE,1.0,Euro 6,£199,"£22,000",119 g/km,12-07-2022,BLACK DAKOTA LEATHER,,
138,4 Series,Petrol,2.0L,Automatic,"41,718 miles",4,181 bhp,2018 (68),48.7,Coupe,BLUE,1.0,Euro 6,£199,"£22,000",134 g/km,14-11-2022,,,
139,X1,Diesel,2.0L,Manual,"25,674 miles",5,148 bhp,2018 (67),60.1,Estate,BLACK SAPPHIRE,1.0,Euro 6,£199,"£22,000",124 g/km,05-01-2022,BLACK DAKOTA LEATHER,,
140,2 Series,Diesel,2.0L,Automatic,"32,158 miles",5,187 bhp,2018 (18),47.1,Estate,GREY,2.0,Euro 6,£199,"£21,900",129 g/km,27-04-2022,,,
141,5 Series,Diesel,2.0L,Automatic,"22,910 miles",4,188 bhp,2016 (66),62.8,Saloon,CARBON BLACK,1.0,Euro 6,£199,"£21,800",119 g/km,27-07-2022,,,
142,X3,Diesel,2.0L,Automatic,"50,079 miles",5,188 bhp,2016 (16),54.3,Estate,SPACE GREY,2.0,Euro 6,£199,"£21,800",138 g/km,05-01-2022,,,
143,2 Series,Diesel,2.0L,Automatic,"29,384 miles",5,187 bhp,2018 (18),47.1,Estate,BLUE,1.0,Euro 6,£199,"£21,750",129 g/km,25-06-2022,,,
144,6 Series,Diesel,3.0L,Automatic,"41,542 miles",4,308 bhp,2015 (15),49.6,Coupe,BLACK,2.0,,£199,"£21,700",149 g/km,04-10-2022,,Euro 5,
145,3 Series,Diesel,2.0L,Automatic,"51,632 miles",4,188 bhp,2018 (68),64.2,Saloon,MINERAL GREY,1.0,Euro 6,£199,"£21,700",116 g/km,29-09-2022,BLACK DAKOTA LEATHER,,
146,X3,Diesel,2.0L,Automatic,"55,401 miles",5,188 bhp,2015 (65),54.3,Estate,BLACK SAPPHIRE,2.0,Euro 6,£199,"£21,700",138 g/km,17-09-2022,OYSTER NEVADA LEATHER,,
147,3 Series,Diesel,2.0L,Automatic,"38,728 miles",5,188 bhp,2018 (68),62.8,Estate,MINERAL GREY,1.0,Euro 6,£199,"£21,700",119 g/km,27-09-2022,BLACK DAKOTA LEATHER,,
148,3 Series,Diesel,2.0L,Automatic,"36,718 miles",5,188 bhp,2018 (18),62.8,Estate,MELBOURNE RED,2.0,Euro 6,£199,"£21,700",119 g/km,31-08-2022,,,
149,X3,Diesel,2.0L,Automatic,"51,443 miles",5,188 bhp,2017 (17),54.3,Estate,MINERAL WHITE,1.0,Euro 6,£199,"£21,700",138 g/km,,,,
150,3 Series,Diesel,3.0L,Automatic,"28,375 miles",4,308 bhp,2016 (66),51.4,Saloon,GREY,,Euro 6,£199,"£21,500",145 g/km,19-05-2022,,,
151,4 Series,Diesel,2.0L,Automatic,"48,728 miles",2,188 bhp,2018 (68),65.7,Coupe,BLACK,1.0,Euro 6,£199,"£21,500",114 g/km,,,,
152,2 Series,Petrol,1.5L,Automatic,"36,604 miles",2,134 bhp,2019 (19),50.4,Convertible,WHITE,1.0,Euro 6,£199,"£21,500",131 g/km,,,,
153,I3,Electric,,Automatic,"14,722 miles",5,168 bhp,2018 (68),1.0,Hatchback,WHITE,1.0,Euro 6,£199,"£21,400",,,,,
154,2 Series,Diesel,2.0L,Automatic,"38,371 miles",5,187 bhp,2018 (68),47.1,Estate,RED,1.0,Euro 6,£199,"£21,400",129 g/km,21-07-2022,,,
155,5 Series,Diesel,3.0L,Automatic,"24,667 miles",4,255 bhp,2015 (65),51.4,Saloon,SPACE GREY,2.0,Euro 6,£199,"£21,400",144 g/km,05-10-2022,OYSTER DAKOTA LEATHER,,
156,3 Series,Diesel,3.0L,Automatic,"45,999 miles",4,308 bhp,2016 (16),51.4,Saloon,ESTORIL BLUE,2.0,Euro 6,£199,"£21,400",145 g/km,27-11-2021,,,
157,X1,Diesel,2.0L,Automatic,"50,492 miles",5,188 bhp,2016 (66),57.7,Estate,BLACK,2.0,Euro 6,£199,"£21,400",129 g/km,02-10-2022,,,
158,X1,Petrol,1.5L,Manual,"11,290 miles",5,,2018 (18),,SUV,Grey,1.0,,£199,"£21,400",132 g/km,,,,
159,3 Series,Diesel,3.0L,Automatic,"22,488 miles",4,308 bhp,2017 (67),51.4,Saloon,WHITE,1.0,Euro 6,£199,"£21,400",145 g/km,07-10-2022,,,
160,X1,Diesel,2.0L,Manual,"21,232 miles",5,188 bhp,2016 (66),58.9,Estate,BLACK,1.0,Euro 6,£199,"£21,300",127 g/km,11-11-2021,,,
161,5 Series,Diesel,3.0L,Automatic,"37,173 miles",4,308 bhp,2015 (65),50.4,Saloon,MINERAL GREY,,Euro 6,£199,"£21,300",148 g/km,03-03-2022,OYSTER DAKOTA LEATHER,,
162,2 Series,Petrol,2.0L,Automatic,"24,682 miles",2,181 bhp,2018 (18),47.9,Coupe,WHITE,2.0,Euro 6,£199,"£21,250",135 g/km,25-06-2022,,,
163,X1,Diesel,2.0L,Automatic,"22,587 miles",5,148 bhp,2017 (17),65.7,Estate,Mediterranean Blue,1.0,Euro 6,£199,"£21,200",114 g/km,13-08-2022,,,
164,4 Series,Diesel,2.0L,Automatic,"24,788 miles",4,188 bhp,2016 (66),65.7,Coupe,ESTORIL BLUE,2.0,Euro 6,£199,"£21,200",114 g/km,03-10-2022,,,
165,X3,Diesel,2.0L,Automatic,"56,345 miles",5,188 bhp,2017 (17),54.3,Estate,GLACIER SILVER,1.0,Euro 6,£199,"£21,200",138 g/km,30-03-2022,,,
166,X1,Diesel,2.0L,Automatic,"40,411 miles",5,188 bhp,2016 (16),57.7,Estate,WHITE,,Euro 6,£199,"£21,100",128 g/km,07-02-2022,,,
167,X3,Diesel,2.0L,Automatic,"41,295 miles",5,188 bhp,2015 (64),54.3,Estate,WHITE,,Euro 6,£199,"£21,000",138 g/km,19-09-2022,,,
168,X4,Diesel,3.0L,Automatic,"70,331 miles",4,255 bhp,2015 (65),47.9,Coupe,CARBON BLACK,,Euro 6,£199,"£21,000",156 g/km,24-11-2021,OYSTER NEVADA LEATHER,,
169,M2,Petrol,3.0L,Automatic,"49,179 miles",2,335 bhp,2016 (66),39.8,Coupe,BLACK SAPPHIRE,,Euro 6,£199,"£21,000",163 g/km,02-02-2022,BLACK DAKOTA LEATHER,,
170,X1,Petrol,2.0L,Automatic,"38,114 miles",5,189 bhp,2016 (66),44.8,Estate,ALPINE WHITE,2.0,Euro 6,£199,"£21,000",146 g/km,29-12-2021,BLACK DAKOTA LEATHER,,
171,X1,Petrol,2.0L,Automatic,"42,265 miles",5,189 bhp,2018 (68),38.2,Estate,MINERAL GREY,1.0,Euro 6,£199,"£21,000",130 g/km,17-11-2022,,,
172,X4,Diesel,2.0L,Automatic,"64,026 miles",4,188 bhp,2015 (65),54.3,Coupe,BLACK SAPPHIRE,2.0,Euro 6,£199,"£21,000",138 g/km,,BLACK NEVADA LEATHER,,
173,1 Series,Diesel,2.0L,Automatic,"22,878 miles",5,147 bhp,2018 (68),67.3,Hatchback,BLACK SAPPHIRE,2.0,Euro 6,£199,"£21,000",110 g/km,,,,
174,3 Series,Diesel,3.0L,Automatic,"46,714 miles",4,308 bhp,2017 (67),51.4,Saloon,ESTORIL BLUE,,Euro 6,£199,"£21,000",145 g/km,17-12-2021,BLACK DAKOTA LEATHER,,
175,1 Series,Petrol,2.0L,Automatic,"27,350 miles",5,181 bhp,2019 (68),47.9,Hatchback,BLACK,2.0,Euro 6,£199,"£21,000",135 g/km,,,,
176,3 Series,Hybrid Petrol,2.0L,Automatic,"44,710 miles",4,,2018 (18),,Saloon,BLACK,2.0,Euro 6,£199,"£20,900",49 g/km,20-08-2022,,,
177,X1,Diesel,2.0L,Automatic,"41,425 miles",5,187 bhp,2018 (18),60.1,Estate,GLACIER SILVER,1.0,Euro 6,£199,"£20,900",123 g/km,15-04-2022,,,
178,2 Series,Petrol,2.0L,Automatic,"13,311 miles",2,181 bhp,2017 (17),46.3,Convertible,JET BLACK,1.0,Euro 6,£199,"£20,900",138 g/km,02-06-2022,CORAL RED DAKOTA LEATHER,,
179,2 Series,Petrol,2.0L,Automatic,"35,330 miles",2,181 bhp,2018 (67),47.9,Coupe,ESTORIL BLUE,2.0,Euro 6,£199,"£20,900",135 g/km,30-01-2022,,,
180,I3,Electric,,Automatic,"21,876 miles",5,168 bhp,2018 (68),1.0,Hatchback,WHITE,1.0,Euro 6,£199,"£20,900",,,,,
181,X1,Petrol,1.5L,Manual,"38,958 miles",5,138 bhp,2018 (18),51.4,Estate,BLACK,2.0,Euro 6,£199,"£20,800",127 g/km,09-05-2022,,,
182,5 Series,Diesel,2.0L,Automatic,"44,453 miles",4,188 bhp,2017 (67),68.9,Saloon,BLUE,1.0,Euro 6,£199,"£20,800",108 g/km,05-09-2022,,,
183,3 Series,Hybrid Petrol,2.0L,Automatic,"52,012 miles",4,248 bhp,2018 (18),99.99,Saloon,GREY,1.0,Euro 6,£199,"£20,750",44 g/km,15-07-2022,,,
184,2 Series,Petrol,2.0L,Automatic,"26,445 miles",2,248 bhp,2016 (66),45.6,Convertible,ALPINE WHITE,,Euro 6,£199,"£20,750",142 g/km,20-03-2022,,,
185,X2,Diesel,2.0L,Automatic,"68,822 miles",5,187 bhp,2018 (18),61.4,Hatchback,BLACK,1.0,Euro 6,£199,"£20,700",121 g/km,30-07-2022,,,
186,X1,Petrol,1.5L,Manual,"25,235 miles",5,138 bhp,2018 (68),51.4,Estate,WHITE,2.0,Euro 6,£199,"£20,700",121 g/km,30-10-2022,,,
187,X1,Petrol,1.5L,Automatic,"32,497 miles",5,138 bhp,2018 (68),46.3,Estate,WHITE,1.0,Euro 6,£199,"£20,700",122 g/km,24-10-2022,,,
188,X1,Diesel,2.0L,Automatic,"44,030 miles",5,187 bhp,2018 (18),60.1,Estate,BLACK,1.0,Euro 6,£199,"£20,700",123 g/km,09-08-2022,,,
189,2 Series,Hybrid Petrol,1.5L,Automatic,"20,953 miles",5,,2017 (67),,Hatchback,BLACK,2.0,Euro 6,£199,"£20,600",46 g/km,29-11-2021,,,
190,4 Series,Diesel,2.0L,Automatic,"28,997 miles",4,188 bhp,2017 (17),65.7,Coupe,WHITE,1.0,Euro 6,£199,"£20,600",114 g/km,24-06-2022,,,
191,X1,Diesel,2.0L,Automatic,"49,876 miles",5,228 bhp,2016 (66),55.4,Estate,ALPINE WHITE,,Euro 6,£199,"£20,600",133 g/km,19-10-2022,,,
192,3 Series,Diesel,2.0L,Automatic,"27,828 miles",5,188 bhp,2017 (66),62.8,Estate,WHITE,1.0,Euro 6,£199,"£20,600",119 g/km,31-10-2022,BLACK DAKOTA LEATHER,, 
193,X1,Diesel,2.0L,Automatic,"52,230 miles",5,187 bhp,2018 (18),60.1,Estate,SUNSET ORANGE,1.0,Euro 6,£199,"£20,600",123 g/km,07-04-2022,,,
194,5 Series,Diesel,2.0L,Automatic,"82,772 miles",4,188 bhp,2017 (67),65.7,Saloon,BLUE,1.0,Euro 6,£199,"£20,500",114 g/km,30-12-2021,,,
195,1 Series,Petrol,1.5L,Automatic,"17,483 miles",5,134 bhp,2019 (68),54.3,Hatchback,ALPINE WHITE,2.0,Euro 6,£199,"£20,500",122 g/km,,BLACK DAKOTA LEATHER,,
196,4 Series,Diesel,2.0L,Automatic,"44,320 miles",4,188 bhp,2019 (68),65.7,Coupe,BLUE,1.0,Euro 6,£199,"£20,500",114 g/km,,BLACK DAKOTA LEATHER,,
197,4 Series,Diesel,2.0L,Manual,"10,540 miles",4,188 bhp,2017 (17),62.8,Coupe,MINERAL GREY,1.0,Euro 6,£199,"£20,500",119 g/km,28-03-2022,BLACK DAKOTA LEATHER,,
198,3 Series,Diesel,2.0L,Automatic,"32,400 miles",5,188 bhp,2018 (18),62.8,Estate,GREY,1.0,Euro 6,£199,"£20,500",119 g/km,06-09-2022,,,
199,4 Series,Diesel,2.0L,Automatic,"36,763 miles",2,188 bhp,2018 (18),65.7,Coupe,BLUE,1.0,Euro 6,£199,"£20,500",114 g/km,30-05-2022,,,
200,X2,Diesel,2.0L,Automatic,"57,746 miles",5,187 bhp,2018 (18),58.9,Hatchback,Galvanic Gold Metallic,1.0,Euro 6,£199,"£20,500",126 g/km,27-06-2022,,, 
201,4 Series,Petrol,2.0L,Manual,"21,308 miles",2,181 bhp,2017 (67),42.8,Convertible,WHITE,1.0,Euro 6,£199,"£20,400",153 g/km,03-09-2022,BLACK DAKOTA LEATHER,,
202,I3,Electric,,Automatic,"14,631 miles",5,168 bhp,2018 (18),1.0,Hatchback,WHITE,1.0,Euro 6,£199,"£20,400",,,,,
203,5 Series,Diesel,2.0L,Automatic,"49,183 miles",4,188 bhp,2017 (67),68.9,Saloon,BLUE,1.0,Euro 6,£199,"£20,400",108 g/km,29-09-2022,,,
204,X1,Diesel,2.0L,Automatic,"49,623 miles",5,148 bhp,2017 (17),60.1,Estate,WHITE,2.0,Euro 6,£199,"£20,400",124 g/km,13-03-2022,,,
205,5 Series,Diesel,2.0L,Automatic,"24,569 miles",4,188 bhp,2016 (66),62.8,Saloon,Mediterranean Blue,1.0,Euro 6,£199,"£20,400",119 g/km,01-07-2022,,,
206,3 Series,Diesel,3.0L,Automatic,"66,745 miles",5,255 bhp,2017 (66),51.4,Estate,BLACK,2.0,Euro 6,£199,"£20,400",145 g/km,31-10-2022,,,
207,5 Series,Diesel,2.0L,Automatic,"42,444 miles",4,188 bhp,2017 (17),68.9,Saloon,BLACK,1.0,Euro 6,£199,"£20,300",108 g/km,03-12-2021,,,
208,2 Series,Petrol,1.5L,Automatic,"38,175 miles",5,138 bhp,2018 (68),39.8,Estate,RED,1.0,Euro 6,£199,"£20,300",137 g/km,12-09-2022,,,
209,3 Series,Diesel,2.0L,Automatic,"50,715 miles",4,188 bhp,2018 (68),64.2,Saloon,WHITE,1.0,Euro 6,£199,"£20,250",116 g/km,,,,
210,2 Series,Petrol,1.5L,Manual,"16,631 miles",2,134 bhp,2018 (68),52.3,Coupe,ALPINE WHITE,,Euro 6,£199,"£20,200",130 g/km,,BLACK DAKOTA LEATHER,,
211,3 Series,Petrol,2.0L,Automatic,"27,813 miles",4,181 bhp,2018 (18),51.4,Saloon,WHITE,1.0,Euro 6,£199,"£20,150",129 g/km,16-06-2022,,,
212,X1,Diesel,2.0L,Automatic,"52,185 miles",5,148 bhp,2017 (17),65.7,Estate,ALPINE WHITE,1.0,Euro 6,£199,"£20,100",114 g/km,08-10-2022,,,
213,1 Series,Petrol,1.5L,Automatic,"25,057 miles",5,134 bhp,2018 (68),54.3,Hatchback,WHITE,,Euro 6,£199,"£20,100",122 g/km,12-10-2022,,,
214,2 Series,Petrol,1.5L,Automatic,"20,392 miles",2,134 bhp,2018 (18),53.3,Coupe,BLACK SAPPHIRE,1.0,Euro 6,£199,"£20,100",124 g/km,25-04-2022,,,
215,X1,Diesel,2.0L,Manual,"40,860 miles",5,148 bhp,2018 (68),68.9,Estate,Mediterranean Blue,1.0,Euro 6,£199,"£20,100",109 g/km,18-10-2022,,,
216,2 Series,Petrol,1.5L,Automatic,"31,435 miles",2,134 bhp,2017 (67),50.4,Coupe,ESTORIL BLUE,2.0,Euro 6,£199,"£20,100",130 g/km,01-07-2022,,,
217,5 Series,Diesel,2.0L,Automatic,"60,209 miles",4,188 bhp,2017 (67),68.9,Saloon,BLUE,1.0,Euro 6,£199,"£20,100",108 g/km,16-02-2022,,,
218,2 Series,Diesel,2.0L,Automatic,"50,025 miles",5,187 bhp,2018 (68),47.1,Estate,BLUE,1.0,Euro 6,£199,"£20,100",129 g/km,23-09-2022,,,
219,2 Series,Diesel,2.0L,Automatic,"28,872 miles",2,148 bhp,2018 (18),62.8,Convertible,WHITE,2.0,Euro 6,£199,"£20,000",118 g/km,14-07-2022,,,
220,3 Series,Diesel,2.0L,Automatic,"42,358 miles",4,188 bhp,2017 (67),64.2,Saloon,ESTORIL BLUE,,Euro 6,£199,"£20,000",116 g/km,30-08-2022,,,
221,3 Series,Diesel,2.0L,Automatic,"25,124 miles",4,188 bhp,2017 (17),64.2,Saloon,BLACK,,Euro 6,£199,"£20,000",116 g/km,15-09-2022,,,
222,4 Series,Diesel,2.0L,Automatic,"46,634 miles",2,188 bhp,2017 (17),60.1,Convertible,BLACK SAPPHIRE,2.0,Euro 6,£199,"£20,000",124 g/km,30-09-2022,BMW Individual Nutmeg extended leather,,
223,2 Series,Petrol,2.0L,Automatic,"16,249 miles",2,181 bhp,2017 (67),47.9,Coupe,BLUE,2.0,Euro 6,£199,"£20,000",135 g/km,26-08-2022,,,
224,3 Series,Hybrid Petrol,2.0L,Automatic,"37,428 miles",4,,2017 (67),,Saloon,WHITE,1.0,Euro 6,£199,"£20,000",49 g/km,09-09-2022,,,
225,X4,Diesel,2.0L,Automatic,"74,109 miles",4,188 bhp,2015 (65),54.3,Coupe,ALPINE WHITE,2.0,Euro 6,£199,"£20,000",138 g/km,17-05-2022,BLACK NEVADA LEATHER,,
226,6 Series,Petrol,3.0L,Automatic,"43,924 miles",2,315 bhp,2015 (65),36.7,Coupe,RED,,Euro 6,£199,"£20,000",180 g/km,07-03-2022,,,
227,2 Series,Petrol,1.5L,Automatic,"33,661 miles",2,134 bhp,2018 (67),50.4,Coupe,BLACK,1.0,Euro 6,£199,"£20,000",130 g/km,19-01-2022,,,
228,3 Series,Diesel,2.0L,Automatic,"59,452 miles",5,188 bhp,2017 (67),62.8,Estate,MINERAL GREY,,Euro 6,£199,"£20,000",119 g/km,10-12-2021,BLACK DAKOTA LEATHER,,
229,3 Series,Hybrid Petrol,2.0L,Automatic,"40,765 miles",4,,2018 (18),,Saloon,GREY,2.0,Euro 6,£199,"£20,000",49 g/km,20-08-2022,,,
230,4 Series,Diesel,3.0L,Automatic,"65,767 miles",2,308 bhp,2016 (66),50.4,Coupe,GREY,,Euro 6,£199,"£20,000",147 g/km,12-01-2022,,,
231,3 Series,Diesel,2.0L,Automatic,"30,085 miles",4,188 bhp,2018 (18),64.2,Saloon,SILVER,,Euro 6,£199,"£19,900",116 g/km,27-07-2022,,,
232,4 Series,Petrol,2.0L,Automatic,"38,468 miles",2,181 bhp,2018 (18),45.6,Coupe,BLACK,2.0,Euro 6,£199,"£19,900",144 g/km,,,,
233,5 Series,Diesel,2.0L,Automatic,"46,133 miles",5,188 bhp,2016 (66),60.1,Estate,CARBON BLACK,,Euro 6,£199,"£19,900",123 g/km,30-11-2022,,,
234,2 Series,Petrol,1.5L,Manual,"29,147 miles",5,138 bhp,2018 (68),40.4,Estate,BLUE,1.0,Euro 6,£199,"£19,900",137 g/km,25-10-2022,,,
235,3 Series,Diesel,2.0L,Automatic,"36,246 miles",4,188 bhp,2017 (67),60.1,Saloon,GLACIER SILVER,1.0,Euro 6,£199,"£19,800",123 g/km,28-09-2022,BLACK DAKOTA LEATHER,,
236,2 Series,Diesel,2.0L,Automatic,"39,727 miles",5,187 bhp,2018 (68),49.6,Hatchback,RED,1.0,Euro 6,£199,"£19,800",124 g/km,01-07-2022,,,
237,4 Series,Diesel,2.0L,Manual,"33,623 miles",2,188 bhp,2016 (16),55.4,Convertible,BMW Individual paintwork Tanzanite Blue ,,Euro 6,£199,"£19,800",134 g/km,27-06-2022,BMW Individual Opal white extended leather,,
238,1 Series,Diesel,2.0L,Manual,"17,380 miles",5,147 bhp,2018 (68),65.7,Hatchback,ORANGE,1.0,Euro 6,£199,"£19,800",114 g/km,,,,
239,3 Series,Hybrid Petrol,2.0L,Automatic,"48,448 miles",4,,2018 (18),,Saloon,WHITE,1.0,Euro 6,£199,"£19,750",49 g/km,29-06-2022,,,
240,4 Series,Diesel,2.0L,Automatic,"30,042 miles",2,188 bhp,2016 (66),65.7,Coupe,ESTORIL BLUE,2.0,Euro 6,£199,"£19,750",114 g/km,16-02-2022,,,
241,2 Series,Petrol,1.5L,Automatic,"24,298 miles",2,134 bhp,2018 (18),53.3,Coupe,MINERAL GREY,2.0,Euro 6,£199,"£19,700",124 g/km,06-07-2022,,,
242,4 Series,Diesel,2.0L,Automatic,"53,386 miles",4,188 bhp,2016 (66),58.9,Coupe,BLACK,2.0,Euro 6,£199,"£19,700",126 g/km,13-10-2021,,,
243,X1,Diesel,2.0L,Automatic,"50,029 miles",5,188 bhp,2016 (16),57.7,Estate,GLACIER SILVER,,Euro 6,£199,"£19,600",128 g/km,30-03-2022,,,
244,2 Series,Petrol,2.0L,Automatic,"39,356 miles",2,181 bhp,2017 (67),47.9,Coupe,WHITE,2.0,Euro 6,£199,"£19,600",135 g/km,12-01-2022,,,
245,1 Series,Petrol,1.5L,Manual,"22,777 miles",5,134 bhp,2019 (19),52.3,Hatchback,ALPINE WHITE,1.0,Euro 6,£199,"£19,500",126 g/km,,,,
246,2 Series,Petrol,1.5L,Manual,"15,236 miles",5,138 bhp,2018 (68),40.9,Estate,SILVER,1.0,Euro 6,£199,"£19,500",137 g/km,13-09-2022,,,
247,1 Series,Petrol,1.5L,Manual,"24,759 miles",5,134 bhp,2018 (68),37.2,Hatchback,GREY,1.0,Euro 6,£199,"£19,500",137 g/km,22-10-2022,,,
248,4 Series,Petrol,2.0L,Manual,"49,286 miles",2,248 bhp,2016 (66),40.4,Convertible,BLUE,1.0,Euro 6,£199,"£19,500",162 g/km,04-08-2022,,,
249,3 Series,Hybrid Petrol,2.0L,Automatic,"42,000 miles",4,,2017 (67),,Saloon,MINERAL GREY,2.0,Euro 6,£199,"£19,500",,14-09-2022,OYSTER DAKOTA LEATHER,,
250,3 Series,Diesel,2.0L,Automatic,"35,330 miles",4,188 bhp,2018 (18),64.2,Saloon,GLACIER SILVER,2.0,Euro 6,£199,"£19,500",116 g/km,05-05-2022,BLACK DAKOTA LEATHER,,
251,2 Series,Hybrid Petrol,1.5L,Automatic,"43,704 miles",5,,2018 (68),,Hatchback,BLUE,1.0,Euro 6,£199,"£19,500",57 g/km,14-09-2022,,,
252,2 Series,Diesel,2.0L,Automatic,"26,634 miles",5,187 bhp,2018 (18),51.4,Hatchback,ORANGE,2.0,Euro 6,£199,"£19,500",124 g/km,24-05-2022,,,
253,2 Series,Diesel,2.0L,Manual,"9,997 miles",5,188 bhp,2017 (17),64.2,Hatchback,BLACK,1.0,Euro 6,£199,"£19,500",115 g/km,01-08-2022,,,
254,3 Series,Hybrid Petrol,2.0L,Automatic,"46,275 miles",4,,2018 (18),,Saloon,WHITE,1.0,Euro 6,£199,"£19,500",49 g/km,11-05-2022,,,
255,X1,Diesel,2.0L,Automatic,"63,545 miles",5,187 bhp,2018 (18),60.1,Estate,BLACK SAPPHIRE,1.0,Euro 6,£199,"£19,500",123 g/km,09-04-2022,,,
256,3 Series,Hybrid Petrol,2.0L,Automatic,"44,444 miles",4,,2018 (67),,Saloon,ALPINE WHITE,1.0,Euro 6,£199,"£19,500",49 g/km,29-09-2022,BLACK DAKOTA LEATHER,,
257,1 Series,Petrol,1.5L,Manual,"16,830 miles",5,134 bhp,2018 (68),52.3,Hatchback,BLACK SAPPHIRE,1.0,Euro 6,£199,"£19,500",126 g/km,05-09-2022,,,
258,X1,Diesel,2.0L,Manual,"36,425 miles",5,188 bhp,2017 (17),58.9,Estate,ALPINE WHITE,2.0,Euro 6,£199,"£19,500",127 g/km,09-10-2021,BLACK DAKOTA LEATHER,,
259,X3,Diesel,2.0L,Automatic,"69,748 miles",5,188 bhp,2016 (16),54.3,Estate,MELBOURNE RED,2.0,Euro 6,£199,"£19,400",138 g/km,30-08-2022,IVORY WHITE NEVADA LEATHER,,
260,1 Series,Petrol,2.0L,Manual,"29,311 miles",5,181 bhp,2018 (18),46.3,Hatchback,WHITE,,Euro 6,£199,"£19,400",140 g/km,03-06-2022,,,
261,X1,Diesel,2.0L,Automatic,"64,534 miles",5,188 bhp,2016 (16),57.7,Estate,ALPINE WHITE,,Euro 6,£199,"£19,400",128 g/km,03-10-2022,,,
262,2 Series,Diesel,2.0L,Automatic,"21,215 miles",2,188 bhp,2016 (66),65.7,Coupe,ALPINE WHITE,2.0,Euro 6,£199,"£19,400",113 g/km,24-10-2022,,,
263,X1,Diesel,2.0L,Manual,"42,840 miles",5,148 bhp,2017 (17),60.1,Estate,Mediterranean Blue,1.0,Euro 6,£199,"£19,400",124 g/km,14-03-2022,,,
264,M2,Petrol,3.0L,Automatic,"34,280 miles",2,322 bhp,2015 (15),35.8,Convertible,ESTORIL BLUE,,Euro 6,£199,"£19,400",176 g/km,16-09-2022,BLACK DAKOTA LEATHER,,
265,5 Series,Diesel,2.0L,Automatic,"79,355 miles",4,188 bhp,2018 (18),72.4,Saloon,Mediterranean Blue,1.0,Euro 6,£199,"£19,400",102 g/km,22-08-2022,IVORY WHITE DAKOTA LEATHER,,
266,5 Series,Diesel,2.0L,Automatic,"53,184 miles",4,188 bhp,2017 (17),68.9,Saloon,GREY,1.0,Euro 6,£199,"£19,400",108 g/km,18-08-2022,,,
267,5 Series,Petrol,3.0L,Automatic,"54,587 miles",4,302 bhp,2015 (65),36.7,Saloon,CARBON BLACK,,Euro 6,£199,"£19,300",179 g/km,03-11-2022,BLACK DAKOTA LEATHER,,
268,3 Series,Petrol,2.0L,Manual,"39,829 miles",4,181 bhp,2018 (68),47.9,Saloon,MINERAL GREY,1.0,Euro 6,£199,"£19,300",138 g/km,23-10-2022,,,
269,2 Series,Diesel,2.0L,Automatic,"52,335 miles",5,187 bhp,2018 (68),51.4,Hatchback,SILVER,1.0,Euro 6,£199,"£19,300",124 g/km,,,,
270,5 Series,Diesel,2.0L,Automatic,"82,275 miles",4,,2017 (17),,Saloon,Black,2.0,,£199,"£19,300",114 g/km,,,,
271,Z4,Petrol,2.0L,Automatic,"30,176 miles",2,181 bhp,2015 (65),41.5,Convertible,MINERAL GREY,1.0,Euro 6,£199,"£19,250",159 g/km,15-08-2022,BLACK KANSAS LEATHER,,
272,I3,Hybrid Petrol,0.6L,Automatic,"33,622 miles",5,,2017 (17),,Hatchback,Mineral Grey metallic with highlight BMW,2.0,Euro 6,£199,"£19,200",12 g/km,04-04-2022,,,
273,4 Series,Diesel,3.0L,Automatic,"64,962 miles",2,308 bhp,2015 (65),49.6,Convertible,BMW Individual paintwork Tanzanite Blue ,2.0,Euro 6,£199,"£19,200",151 g/km,29-09-2022,Dakota Leather - Venetian Beige,,
274,1 Series,Diesel,1.5L,Manual,"12,545 miles",5,114 bhp,2020 (20),58.9,Hatchback,MINERAL WHITE,1.0,Euro 6,£199,"£19,200",100 g/km,,,,
275,2 Series,Petrol,1.5L,Automatic,"26,522 miles",2,134 bhp,2018 (68),53.3,Coupe,ALPINE WHITE,1.0,Euro 6,£199,"£19,200",124 g/km,,,,
276,X1,Diesel,2.0L,Manual,"24,174 miles",5,148 bhp,2015 (65),60.1,Estate,ESTORIL BLUE,1.0,Euro 6,£199,"£19,200",124 g/km,17-12-2021,BLACK DAKOTA LEATHER,,
277,2 Series,Petrol,1.5L,Manual,"20,802 miles",5,138 bhp,2018 (68),40.9,Estate,GREY,1.0,Euro 6,£199,"£19,100",137 g/km,16-09-2022,,,
278,2 Series,Diesel,2.0L,Manual,"31,037 miles",5,148 bhp,2018 (18),51.4,Estate,GREY,1.0,Euro 6,£199,"£19,100",121 g/km,28-06-2022,,,
279,3 Series,Hybrid Petrol,2.0L,Automatic,"60,265 miles",4,,2017 (67),,Saloon,GREY,1.0,Euro 6,£199,"£19,100",49 g/km,02-11-2022,,,
280,1 Series,Diesel,1.5L,Automatic,"26,479 miles",5,114 bhp,2018 (18),47.9,Hatchback,WHITE,2.0,Euro 6,£199,"£19,100",118 g/km,08-06-2022,,,
281,2 Series,Petrol,1.5L,Manual,"45,882 miles",5,138 bhp,2019 (19),40.4,Estate,BLACK,1.0,Euro 6,£199,"£19,000",137 g/km,,,,
282,3 Series,Diesel,3.0L,Automatic,"48,721 miles",4,308 bhp,2015 (65),51.4,Saloon,ESTORIL BLUE,,Euro 6,£199,"£19,000",145 g/km,07-09-2022,SADDLE LEATHER,,
283,3 Series,Diesel,3.0L,Automatic,"36,684 miles",4,308 bhp,2014 (64),52.3,Saloon,BLACK SAPPHIRE,,Euro 6,£199,"£19,000",143 g/km,05-07-2021,CORAL RED DAKOTA LEATHER,,
284,3 Series,Diesel,2.0L,Automatic,"70,027 miles",5,188 bhp,2018 (18),57.7,Estate,GREY,2.0,Euro 6,£199,"£19,000",129 g/km,28-05-2022,,,
285,X1,Diesel,2.0L,Automatic,"52,962 miles",5,148 bhp,2017 (67),65.7,Estate,GREY,1.0,Euro 6,£199,"£19,000",114 g/km,20-09-2022,,,
286,3 Series,Diesel,2.0L,Automatic,"46,356 miles",4,188 bhp,2018 (68),64.2,Saloon,MINERAL GREY,2.0,Euro 6,£199,"£19,000",116 g/km,,BLACK DAKOTA LEATHER,,
287,X1,Diesel,2.0L,Manual,"50,010 miles",5,148 bhp,2018 (68),68.9,Estate,ESTORIL BLUE,1.0,Euro 6,£199,"£19,000",109 g/km,02-09-2022,,,
288,4 Series,Diesel,2.0L,Manual,"45,199 miles",4,188 bhp,2018 (68),62.8,Coupe,BLACK SAPPHIRE,,Euro 6,£199,"£19,000",119 g/km,,BLACK DAKOTA LEATHER,,
289,3 Series,Diesel,3.0L,Automatic,"31,745 miles",4,255 bhp,2016 (66),56.5,Saloon,WHITE,2.0,Euro 6,£199,"£19,000",131 g/km,30-10-2021,,,
290,4 Series,Petrol,2.0L,Automatic,"60,048 miles",4,181 bhp,2017 (17),45.6,Coupe,ESTORIL BLUE,1.0,Euro 6,£199,"£19,000",144 g/km,01-11-2022,BLACK DAKOTA LEATHER,,
291,1 Series,Petrol,1.5L,Manual,"22,149 miles",5,134 bhp,2019 (19),52.3,Hatchback,WHITE,1.0,Euro 6,£199,"£19,000",126 g/km,,,,
292,1 Series,Petrol,1.5L,Manual,"12,399 miles",3,134 bhp,2019 (19),52.3,Hatchback,WHITE,1.0,Euro 6,£199,"£19,000",126 g/km,,,,
293,3 Series,Diesel,2.0L,Automatic,"27,074 miles",5,188 bhp,2017 (17),62.8,Hatchback,GLACIER SILVER,2.0,Euro 6,£199,"£19,000",118 g/km,28-03-2022,BLACK DAKOTA LEATHER,,
294,5 Series,Diesel,2.0L,Automatic,"74,206 miles",4,188 bhp,2017 (67),72.4,Saloon,WHITE,1.0,Euro 6,£199,"£18,950",102 g/km,28-09-2022,,,
295,4 Series,Diesel,2.0L,Automatic,"47,550 miles",4,188 bhp,2017 (17),65.7,Coupe,ESTORIL BLUE,1.0,Euro 6,£199,"£18,900",114 g/km,20-09-2022,,,
296,5 Series,Diesel,3.0L,Automatic,"72,878 miles",4,255 bhp,2016 (66),51.4,Saloon,SPACE GREY,,Euro 6,£199,"£18,900",144 g/km,28-03-2022,BLACK DAKOTA LEATHER,,
297,3 Series,Diesel,2.0L,Automatic,"29,674 miles",4,188 bhp,2016 (66),64.2,Saloon,BLACK SAPPHIRE,,Euro 6,£199,"£18,900",116 g/km,16-09-2022,,,
298,X1,Petrol,1.5L,Manual,"36,923 miles",5,138 bhp,2018 (18),51.4,Estate,BLACK,1.0,Euro 6,£199,"£18,900",127 g/km,15-04-2022,,,
299,3 Series,Diesel,2.0L,Automatic,"68,176 miles",4,188 bhp,2017 (67),64.2,Saloon,WHITE,2.0,Euro 6,£199,"£18,850",116 g/km,11-01-2022,,,
300,1 Series,Petrol,2.0L,Automatic,"8,848 miles",3,181 bhp,2018 (18),47.9,Hatchback,MINERAL GREY,1.0,Euro 6,£199,"£18,800",135 g/km,30-03-2022,,,
301,3 Series,Diesel,2.0L,Automatic,"39,405 miles",4,188 bhp,2018 (18),62.8,Saloon,BLACK SAPPHIRE,1.0,Euro 6,£199,"£18,800",118 g/km,11-07-2022,,,
302,2 Series,Petrol,1.5L,Manual,"35,199 miles",5,134 bhp,2018 (67),53.3,Hatchback,GREY,2.0,Euro 6,£199,"£18,800",124 g/km,29-03-2022,,,
303,4 Series,Diesel,2.0L,Automatic,"69,297 miles",2,188 bhp,2018 (18),65.7,Coupe,BLUE,2.0,Euro 6,£199,"£18,800",114 g/km,01-11-2022,,,
304,4 Series,Diesel,2.0L,Automatic,"33,898 miles",4,188 bhp,2015 (65),58.9,Coupe,BLACK,2.0,Euro 6,£199,"£18,750",126 g/km,22-08-2022,,,
305,X1,Diesel,2.0L,Automatic,"33,352 miles",5,148 bhp,2017 (67),65.7,Estate,Mediterranean Blue,1.0,Euro 6,£199,"£18,750",114 g/km,03-09-2022,,,
306,3 Series,Diesel,2.0L,Automatic,"40,053 miles",4,188 bhp,2016 (66),64.2,Saloon,ESTORIL BLUE,2.0,Euro 6,£199,"£18,700",116 g/km,23-11-2021,,,
307,2 Series,Petrol,1.5L,Manual,"58,530 miles",5,138 bhp,2019 (19),51.4,Estate,RED,1.0,Euro 6,£199,"£18,700",137 g/km,,,,
308,3 Series,Diesel,2.0L,Manual,"36,977 miles",4,188 bhp,2018 (18),64.2,Saloon,BLACK,1.0,Euro 6,£199,"£18,600",116 g/km,11-07-2022,,,
309,1 Series,Petrol,1.5L,Manual,"9,889 miles",5,134 bhp,2019 (19),37.7,Hatchback,ALPINE WHITE,2.0,Euro 6,£199,"£18,600",137 g/km,,,,
310,X1,Diesel,2.0L,Manual,"17,602 miles",5,148 bhp,2017 (17),68.9,Estate,WHITE,1.0,Euro 6,£199,"£18,600",109 g/km,05-08-2022,,,
311,2 Series,Diesel,1.5L,Automatic,"23,790 miles",5,114 bhp,2018 (18),56.5,Hatchback,WHITE,2.0,Euro 6,£199,"£18,600",113 g/km,05-05-2022,,,
312,4 Series,Diesel,2.0L,Automatic,"50,125 miles",2,188 bhp,2016 (66),65.7,Coupe,MINERAL GREY,,Euro 6,£199,"£18,500",114 g/km,24-05-2022,,,
313,I3,Hybrid Petrol,0.6L,Automatic,"30,237 miles",5,168 bhp,2018 (68),0.6,Hatchback,RED,1.0,Euro 6,£199,"£18,500",13 g/km,,,,
314,2 Series,Diesel,2.0L,Automatic,"42,214 miles",5,187 bhp,2018 (68),49.6,Hatchback,ORANGE,1.0,Euro 6,£199,"£18,500",124 g/km,30-07-2022,,,
315,X1,Diesel,2.0L,Manual,"42,574 miles",5,188 bhp,2016 (66),58.9,Estate,WHITE,,Euro 6,£199,"£18,500",127 g/km,29-09-2022,,,
316,3 Series,Diesel,2.0L,Manual,"23,936 miles",5,188 bhp,2018 (18),62.8,Estate,GLACIER SILVER,1.0,Euro 6,£199,"£18,500",118 g/km,09-07-2022,,,
317,2 Series,Petrol,1.5L,Automatic,"31,331 miles",2,134 bhp,2019 (19),53.3,Coupe,ALPINE WHITE,1.0,Euro 6,£199,"£18,500",124 g/km,,,,
318,3 Series,Diesel,2.0L,Automatic,"42,174 miles",5,188 bhp,2017 (17),60.1,Hatchback,RED,1.0,Euro 6,£199,"£18,500",124 g/km,24-02-2022,,,
319,4 Series,Diesel,2.0L,Automatic,"52,104 miles",2,188 bhp,2017 (17),65.7,Coupe,WHITE,1.0,Euro 6,£199,"£18,500",114 g/km,24-07-2022,,,
320,2 Series,Diesel,2.0L,Manual,"39,222 miles",5,188 bhp,2016 (66),60.1,Estate,WHITE,,Euro 6,£199,"£18,450",124 g/km,05-07-2022,,,
321,3 Series,Diesel,3.0L,Automatic,"44,503 miles",4,308 bhp,2015 (65),51.4,Saloon,WHITE,,Euro 6,£199,"£18,450",145 g/km,24-08-2022,,,
322,3 Series,Diesel,2.0L,Automatic,"55,548 miles",4,188 bhp,2018 (68),64.2,Saloon,ALPINE WHITE,1.0,Euro 6,£199,"£18,400",116 g/km,06-07-2022,BLACK DAKOTA LEATHER,,
323,2 Series,Diesel,2.0L,Automatic,"40,940 miles",2,222 bhp,2016 (66),61.4,Coupe,WHITE,,Euro 6,£199,"£18,400",121 g/km,,,,
324,2 Series,Diesel,2.0L,Automatic,"35,993 miles",2,188 bhp,2017 (17),65.7,Coupe,GREY,2.0,Euro 6,£199,"£18,400",113 g/km,30-03-2022,,,
325,2 Series,Petrol,2.0L,Automatic,"30,670 miles",2,181 bhp,2016 (16),43.5,Convertible,MELBOURNE RED,,Euro 6,£199,"£18,400",152 g/km,14-09-2022,BLACK DAKOTA LEATHER,,
326,2 Series,Petrol,1.5L,Manual,"31,973 miles",5,138 bhp,2018 (68),42.8,Hatchback,RED,1.0,Euro 6,£199,"£18,400",132 g/km,04-09-2022,,,
327,7 Series,Diesel,3.0L,Automatic,"72,149 miles",4,255 bhp,2015 (15),50.4,Saloon,SILVER,,,£199,"£18,400",148 g/km,27-10-2022,,Euro 5,
328,4 Series,Diesel,2.0L,Automatic,"55,765 miles",2,188 bhp,2016 (66),60.1,Convertible,BLACK,2.0,Euro 6,£199,"£18,400",124 g/km,16-09-2022,,,
329,3 Series,Petrol,2.0L,Automatic,"49,197 miles",4,248 bhp,2016 (16),48.7,Saloon,BMW Individual - Tanzanite Blue Metallic,2.0,Euro 6,£199,"£18,300",136 g/km,05-08-2022,BLACK DAKOTA LEATHER,,
330,3 Series,Petrol,2.0L,Automatic,"77,689 miles",4,181 bhp,2018 (18),48.7,Saloon,BLUE,1.0,Euro 6,£199,"£18,300",134 g/km,27-08-2022,,,
331,1 Series,Diesel,2.0L,Automatic,"40,685 miles",5,147 bhp,2019 (19),49.6,Hatchback,ALPINE WHITE,2.0,Euro 6,£199,"£18,300",118 g/km,,,,
332,4 Series,Diesel,3.0L,Automatic,"32,448 miles",2,255 bhp,2015 (65),55.4,Coupe,GREY,1.0,Euro 6,£199,"£18,300",134 g/km,11-10-2022,,,
333,3 Series,Petrol,2.0L,Automatic,"29,967 miles",4,181 bhp,2015 (65),48.7,Saloon,MINERAL GREY,,Euro 6,£199,"£18,300",134 g/km,20-05-2022,,,
334,3 Series,Diesel,2.0L,Automatic,"48,637 miles",4,188 bhp,2017 (66),64.2,Saloon,BLACK SAPPHIRE,,Euro 6,£199,"£18,300",116 g/km,17-09-2022,CORAL RED DAKOTA LEATHER,,
335,3 Series,Diesel,2.0L,Automatic,"27,280 miles",4,188 bhp,2016 (66),64.2,Saloon,MINERAL GREY,,Euro 6,£199,"£18,250",116 g/km,16-12-2021,CORAL RED DAKOTA LEATHER,,
336,2 Series,Petrol,1.5L,Manual,"24,325 miles",5,138 bhp,2018 (68),42.2,Hatchback,BLACK,1.0,Euro 6,£199,"£18,200",132 g/km,30-10-2022,,,
337,5 Series,Diesel,2.0L,Automatic,"23,571 miles",4,188 bhp,2014 (64),62.8,Saloon,Sophisto Grey Xirallic,,Euro 6,£199,"£18,200",119 g/km,25-08-2022,BLACK DAKOTA LEATHER,,
338,I3,Hybrid Petrol,0.6L,Automatic,"33,759 miles",5,,2017 (66),,Hatchback,Capparis White with highlight BMW i Blue,2.0,Euro 6,£199,"£18,100",12 g/km,12-10-2022,,,
339,1 Series,Petrol,1.5L,Automatic,"34,806 miles",5,134 bhp,2017 (67),54.3,Hatchback,BLACK,,Euro 6,£199,"£18,100",122 g/km,10-03-2022,,,
340,2 Series,Petrol,1.5L,Manual,"33,381 miles",5,134 bhp,2018 (18),53.3,Hatchback,GREY,2.0,Euro 6,£199,"£18,100",124 g/km,19-03-2022,,,
341,3 Series,Diesel,2.0L,Automatic,"45,280 miles",4,188 bhp,2017 (17),64.2,Saloon,GREY,2.0,Euro 6,£199,"£18,100",116 g/km,15-03-2022,,,
342,3 Series,Diesel,2.0L,Automatic,"53,588 miles",5,188 bhp,2018 (18),65.7,Estate,JET BLACK,1.0,Euro 6,£199,"£18,100",114 g/km,01-06-2022,,,
343,3 Series,Diesel,2.0L,Automatic,"49,546 miles",4,188 bhp,2016 (16),64.2,Saloon,ALPINE WHITE,2.0,Euro 6,£199,"£18,050",116 g/km,27-12-2021,,,
344,3 Series,Diesel,2.0L,Automatic,"21,034 miles",4,188 bhp,2017 (67),67.3,Saloon,SILVER,2.0,Euro 6,£199,"£18,000",111 g/km,10-09-2022,,,
345,1 Series,Petrol,1.5L,Automatic,"30,981 miles",5,134 bhp,2018 (68),37.2,Hatchback,GREY,1.0,Euro 6,£199,"£18,000",131 g/km,24-10-2022,,,
346,2 Series,Diesel,2.0L,Manual,"12,063 miles",2,148 bhp,2018 (67),64.2,Coupe,WHITE,1.0,Euro 6,£199,"£18,000",116 g/km,22-02-2022,,,
347,5 Series,Diesel,3.0L,Automatic,"41,919 miles",4,308 bhp,2015 (15),50.4,Saloon,BLACK,,Euro 6,£199,"£18,000",148 g/km,22-08-2022,,,
348,2 Series,Petrol,1.5L,Manual,"28,651 miles",2,134 bhp,2018 (68),52.3,Coupe,BLACK SAPPHIRE,1.0,Euro 6,£199,"£18,000",125 g/km,13-09-2022,,,
349,5 Series,Diesel,2.0L,Automatic,"42,996 miles",5,188 bhp,2015 (15),60.1,Estate,GLACIER SILVER,2.0,Euro 6,£199,"£18,000",123 g/km,28-02-2022,,,
350,3 Series,Diesel,3.0L,Automatic,"57,421 miles",4,308 bhp,2016 (66),51.4,Saloon,MINERAL GREY,2.0,Euro 6,£199,"£18,000",145 g/km,31-10-2021,BLACK DAKOTA LEATHER,,
351,2 Series,Petrol,1.5L,Manual,"24,002 miles",5,138 bhp,2018 (68),42.8,Hatchback,BLACK,1.0,Euro 6,£199,"£18,000",132 g/km,18-09-2022,,,
352,1 Series,Petrol,1.5L,Manual,"12,612 miles",5,134 bhp,2018 (68),37.2,Hatchback,ALPINE WHITE,2.0,Euro 6,£199,"£18,000",137 g/km,,,,
353,3 Series,Diesel,2.0L,Automatic,"50,345 miles",5,188 bhp,2016 (66),62.8,Estate,ESTORIL BLUE,1.0,Euro 6,£199,"£18,000",119 g/km,14-10-2022,BLACK DAKOTA LEATHER,,
354,3 Series,Petrol,2.0L,Automatic,"41,075 miles",4,181 bhp,2018 (68),51.4,Saloon,BLACK SAPPHIRE,1.0,Euro 6,£199,"£18,000",129 g/km,30-09-2022,,,
355,3 Series,Diesel,2.0L,Automatic,"31,248 miles",4,188 bhp,2016 (66),64.2,Saloon,GLACIER SILVER,2.0,Euro 6,£199,"£18,000",116 g/km,05-10-2022,BLACK DAKOTA LEATHER,,
356,2 Series,Diesel,2.0L,Automatic,"27,283 miles",5,188 bhp,2016 (66),64.2,Hatchback,BLACK,2.0,Euro 6,£199,"£18,000",117 g/km,07-12-2021,,,
357,5 Series,Diesel,2.0L,Automatic,"83,586 miles",4,188 bhp,2017 (67),68.9,Saloon,BLUE,1.0,Euro 6,£199,"£17,950",108 g/km,24-10-2022,,,
358,1 Series,Diesel,1.5L,Automatic,"38,895 miles",5,114 bhp,2018 (18),68.9,Hatchback,BLACK,2.0,Euro 6,£199,"£17,900",107 g/km,29-09-2022,,,
359,3 Series,Petrol,2.0L,Manual,"31,283 miles",4,181 bhp,2018 (67),47.9,Saloon,MINERAL GREY,1.0,Euro 6,£199,"£17,900",138 g/km,07-01-2022,,,
360,3 Series,Diesel,3.0L,Automatic,"53,091 miles",5,308 bhp,2015 (15),49.6,Hatchback,ESTORIL BLUE,1.0,Euro 6,£199,"£17,900",149 g/km,14-03-2022,,,
361,5 Series,Diesel,2.0L,Automatic,"59,214 miles",5,188 bhp,2016 (16),60.1,Estate,Mediterranean Blue,1.0,Euro 6,£199,"£17,900",123 g/km,19-03-2022,,,
362,2 Series,Petrol,1.5L,Manual,"34,558 miles",5,138 bhp,2018 (68),40.9,Estate,GREY,1.0,Euro 6,£199,"£17,900",137 g/km,30-10-2022,,,
363,2 Series,Petrol,1.5L,Manual,"23,676 miles",5,138 bhp,2018 (18),42.8,Hatchback,BLACK,1.0,Euro 6,£199,"£17,900",132 g/km,28-06-2022,,,
364,3 Series,Diesel,3.0L,Automatic,"61,942 miles",4,308 bhp,2015 (65),51.4,Saloon,BLACK SAPPHIRE,,Euro 6,£199,"£17,900",145 g/km,22-09-2022,CORAL RED DAKOTA LEATHER,,
365,X1,Diesel,2.0L,Manual,"57,712 miles",5,148 bhp,2016 (66),60.1,Estate,MINERAL WHITE,2.0,Euro 6,£199,"£17,900",124 g/km,24-06-2022,,,
366,2 Series,Petrol,1.5L,Manual,"32,217 miles",5,138 bhp,2018 (18),40.4,Estate,BLUE,1.0,Euro 6,£199,"£17,900",137 g/km,29-06-2022,,,
367,4 Series,Diesel,2.0L,Automatic,"58,332 miles",2,188 bhp,2017 (17),65.7,Coupe,WHITE,1.0,Euro 6,£199,"£17,900",114 g/km,30-03-2022,,,
368,3 Series,Diesel,2.0L,Automatic,"51,168 miles",5,188 bhp,2016 (16),60.1,Hatchback,WHITE,,Euro 6,£199,"£17,800",124 g/km,30-09-2022,,,
369,X1,Diesel,2.0L,Manual,"26,374 miles",5,148 bhp,2017 (67),68.9,Estate,WHITE,1.0,Euro 6,£199,"£17,800",109 g/km,01-09-2022,,,
370,3 Series,Diesel,3.0L,Automatic,"49,162 miles",4,255 bhp,2015 (65),53.3,Saloon,ESTORIL BLUE,,Euro 6,£199,"£17,800",139 g/km,08-10-2022,BLACK DAKOTA LEATHER,,
371,2 Series,Petrol,1.5L,Manual,"36,244 miles",5,134 bhp,2017 (66),51.4,Estate,WHITE,2.0,Euro 6,£199,"£17,800",127 g/km,11-04-2022,,,
372,2 Series,Diesel,2.0L,Manual,"20,957 miles",5,188 bhp,2018 (18),64.2,Hatchback,BLACK,1.0,Euro 6,£199,"£17,750",115 g/km,03-02-2022,,,
373,1 Series,Diesel,2.0L,Automatic,"51,109 miles",5,147 bhp,2018 (18),67.3,Hatchback,ESTORIL BLUE,1.0,Euro 6,£199,"£17,700",110 g/km,15-03-2022,,,
374,3 Series,Diesel,2.0L,Automatic,"33,513 miles",4,148 bhp,2018 (68),67.3,Saloon,Mediterranean Blue,2.0,Euro 6,£199,"£17,700",111 g/km,,BLACK DAKOTA LEATHER,,
375,X1,Diesel,2.0L,Automatic,"56,004 miles",5,148 bhp,2017 (67),65.7,Estate,MINERAL WHITE,2.0,Euro 6,£199,"£17,700",114 g/km,17-05-2022,,,
376,1 Series,Petrol,1.5L,Automatic,"25,923 miles",5,134 bhp,2018 (18),37.2,Hatchback,ALPINE WHITE,1.0,Euro 6,£199,"£17,600",131 g/km,22-08-2022,,,
377,3 Series,Diesel,2.0L,Automatic,"41,928 miles",5,161 bhp,2018 (18),67.3,Estate,BLACK SAPPHIRE,1.0,Euro 6,£199,"£17,600",111 g/km,29-06-2022,,,
378,5 Series,Diesel,2.0L,Automatic,"48,979 miles",4,188 bhp,2016 (16),62.8,Saloon,MINERAL GREY,2.0,Euro 6,£199,"£17,600",119 g/km,17-12-2021,BLACK DAKOTA LEATHER,,
379,2 Series,Petrol,1.5L,Automatic,"27,932 miles",2,134 bhp,2016 (66),51.4,Coupe,GREY,1.0,Euro 6,£199,"£17,600",129 g/km,,,,
380,1 Series,Diesel,2.0L,Automatic,"44,645 miles",5,221 bhp,2017 (67),61.4,Hatchback,BLACK SAPPHIRE,1.0,Euro 6,£199,"£17,500",121 g/km,27-01-2022,,,
381,1 Series,Petrol,1.5L,Automatic,"20,452 miles",5,134 bhp,2018 (68),37.7,Hatchback,GLACIER SILVER,1.0,Euro 6,£199,"£17,500",128 g/km,06-07-2022,,,
382,3 Series,Hybrid Petrol,2.0L,Automatic,"44,216 miles",4,,2017 (17),,Saloon,ALPINE WHITE,2.0,Euro 6,£199,"£17,500",44 g/km,20-06-2022,,,
383,2 Series,Petrol,1.5L,Manual,"29,064 miles",2,134 bhp,2018 (18),48.7,Convertible,ALPINE WHITE,1.0,Euro 6,£199,"£17,500",136 g/km,28-03-2022,,,
384,3 Series,Diesel,2.0L,Automatic,"47,411 miles",5,188 bhp,2017 (17),62.8,Estate,WHITE,2.0,Euro 6,£199,"£17,500",119 g/km,13-07-2022,,,
385,3 Series,Diesel,2.0L,Automatic,"39,463 miles",4,161 bhp,2018 (68),74.3,Saloon,BLACK,1.0,Euro 6,£199,"£17,500",99 g/km,18-10-2022,,,
386,2 Series,Petrol,1.5L,Manual,"23,302 miles",5,138 bhp,2018 (18),40.9,Estate,RED,2.0,Euro 6,£199,"£17,500",137 g/km,28-06-2022,,,
387,2 Series,Petrol,1.5L,Manual,"19,060 miles",5,138 bhp,2019 (68),42.8,Hatchback,SILVER,2.0,Euro 6,£199,"£17,500",132 g/km,22-09-2022,,,
388,1 Series,Diesel,2.0L,Automatic,"41,544 miles",5,147 bhp,2018 (67),67.3,Hatchback,ESTORIL BLUE,,Euro 6,£199,"£17,500",110 g/km,30-06-2022,,,
389,3 Series,Hybrid Petrol,2.0L,Automatic,"54,303 miles",4,,2017 (66),,Saloon,BLACK,2.0,Euro 6,£199,"£17,500",49 g/km,19-10-2022,,,
390,5 Series,Diesel,2.0L,Automatic,"54,091 miles",5,188 bhp,2015 (65),60.1,Estate,CARBON BLACK,2.0,Euro 6,£199,"£17,450",123 g/km,18-11-2021,BLACK DAKOTA LEATHER,,
391,1 Series,Petrol,1.5L,Automatic,"24,425 miles",5,134 bhp,2017 (17),58.9,Hatchback,BLUE,2.0,Euro 6,£199,"£17,400",112 g/km,05-04-2022,,,
392,5 Series,Diesel,2.0L,Automatic,"33,673 miles",5,148 bhp,2017 (17),62.8,Estate,GLACIER SILVER,1.0,Euro 6,£199,"£17,400",118 g/km,08-03-2022,BLACK DAKOTA LEATHER,,
393,X1,Petrol,1.5L,Manual,"54,744 miles",5,138 bhp,2018 (18),51.4,Estate,BLACK,1.0,Euro 6,£199,"£17,400",129 g/km,15-07-2022,,,
394,4 Series,Diesel,2.0L,Automatic,"50,749 miles",4,188 bhp,2016 (16),58.9,Coupe,ALPINE WHITE,,Euro 6,£199,"£17,400",126 g/km,03-02-2022,BLACK DAKOTA LEATHER,,
395,5 Series,Diesel,3.0L,Automatic,"75,048 miles",4,308 bhp,2015 (65),50.4,Saloon,ALPINE WHITE,,Euro 6,£199,"£17,400",148 g/km,17-09-2022,BLACK DAKOTA LEATHER,,
396,1 Series,Petrol,1.5L,Manual,"23,895 miles",5,134 bhp,2017 (67),53.3,Hatchback,BLACK,1.0,Euro 6,£199,"£17,300",123 g/km,18-12-2021,,,
397,3 Series,Diesel,2.0L,Manual,"22,688 miles",4,148 bhp,2018 (68),67.3,Saloon,Mediterranean Blue,2.0,Euro 6,£199,"£17,300",111 g/km,11-11-2022,,,
398,3 Series,Diesel,2.0L,Automatic,"19,319 miles",4,148 bhp,2016 (16),67.3,Saloon,Mediterranean Blue,,Euro 6,£199,"£17,300",111 g/km,13-08-2022,,,
399,3 Series,Diesel,3.0L,Automatic,"77,215 miles",4,308 bhp,2016 (16),51.4,Saloon,ESTORIL BLUE,,Euro 6,£199,"£17,300",145 g/km,15-10-2022,OYSTER DAKOTA LEATHER,,
400,2 Series,Petrol,1.5L,Manual,"19,462 miles",2,134 bhp,2017 (67),52.3,Coupe,MINERAL GREY,1.0,Euro 6,£199,"£17,300",130 g/km,,BLACK DAKOTA LEATHER,,
401,X1,Diesel,2.0L,Manual,"55,960 miles",5,148 bhp,2017 (67),68.9,Estate,Mediterranean Blue,1.0,Euro 6,£199,"£17,300",109 g/km,29-09-2022,,,
402,3 Series,Diesel,2.0L,Automatic,"41,052 miles",4,181 bhp,2015 (65),62.8,Saloon,BLACK SAPPHIRE,2.0,,£199,"£17,300",118 g/km,12-01-2022,,Euro 5,
403,1 Series,Petrol,1.5L,Manual,"41,174 miles",5,134 bhp,2018 (68),37.2,Hatchback,MINERAL GREY,1.0,Euro 6,£199,"£17,300",137 g/km,22-09-2022,,,
404,2 Series,Petrol,1.5L,Manual,"35,354 miles",5,138 bhp,2018 (18),40.4,Estate,BLACK,1.0,Euro 6,£199,"£17,300",137 g/km,26-08-2022,,,
405,3 Series,Petrol,2.0L,Manual,"34,778 miles",4,181 bhp,2016 (66),47.9,Saloon,BLACK SAPPHIRE,1.0,Euro 6,£199,"£17,200",138 g/km,11-10-2022,BLACK DAKOTA LEATHER,,
406,X1,Diesel,2.0L,Manual,"41,384 miles",5,148 bhp,2017 (17),68.9,Estate,BLACK SAPPHIRE,1.0,Euro 6,£199,"£17,200",109 g/km,25-08-2022,,,
407,5 Series,Diesel,3.0L,Automatic,"63,689 miles",4,308 bhp,2015 (15),50.4,Saloon,BLACK,,Euro 6,£199,"£17,200",148 g/km,09-03-2022,,,
408,1 Series,Diesel,2.0L,Manual,"29,546 miles",5,147 bhp,2017 (67),65.7,Hatchback,ESTORIL BLUE,1.0,Euro 6,£199,"£17,200",114 g/km,13-09-2022,,,
409,2 Series,Petrol,2.0L,Automatic,"46,906 miles",5,189 bhp,2018 (18),50.4,Hatchback,WHITE,1.0,Euro 6,£199,"£17,200",127 g/km,09-06-2022,,,
410,I3,Hybrid Petrol,0.6L,Automatic,"58,895 miles",5,168 bhp,2018 (68),0.6,Hatchback,WHITE,1.0,Euro 6,£199,"£17,100",13 g/km,,,,
411,2 Series,Diesel,2.0L,Manual,"27,456 miles",2,188 bhp,2016 (66),60.1,Convertible,WHITE,2.0,Euro 6,£199,"£17,100",124 g/km,31-08-2021,,,
412,1 Series,Diesel,1.5L,Manual,"4,589 miles",5,114 bhp,2019 (19),78.5,Hatchback,BLACK,1.0,Euro 6,£199,"£17,100",94 g/km,,,,
413,2 Series,Petrol,1.5L,Manual,"22,299 miles",5,138 bhp,2018 (68),44.1,Hatchback,BEIGE,1.0,Euro 6,£199,"£17,100",132 g/km,20-09-2022,,,
414,1 Series,Petrol,1.5L,Automatic,"34,278 miles",5,134 bhp,2018 (68),37.7,Hatchback,SUNSET ORANGE,1.0,Euro 6,£199,"£17,050",128 g/km,10-10-2022,,,
415,2 Series,Petrol,1.5L,Manual,"8,901 miles",5,138 bhp,2020 (20),44.1,Hatchback,ORANGE,1.0,Euro 6,£199,"£17,000",132 g/km,,,,
416,3 Series,Diesel,2.0L,Manual,"18,085 miles",4,188 bhp,2017 (67),67.3,Saloon,JET BLACK,1.0,Euro 6,£199,"£17,000",111 g/km,,,,
417,3 Series,Petrol,1.5L,Automatic,"34,300 miles",4,134 bhp,2017 (17),54.3,Saloon,GREY,2.0,Euro 6,£199,"£17,000",122 g/km,24-08-2022,,,
418,3 Series,Diesel,2.0L,Automatic,"41,183 miles",4,148 bhp,2016 (66),64.2,Saloon,WHITE,1.0,Euro 6,£199,"£17,000",116 g/km,26-07-2022,BLACK DAKOTA LEATHER,,
419,3 Series,Diesel,2.0L,Manual,"28,380 miles",4,148 bhp,2016 (66),64.2,Saloon,GREY,2.0,Euro 6,£199,"£17,000",116 g/km,01-12-2021,,,
420,3 Series,Diesel,2.0L,Automatic,"55,206 miles",5,161 bhp,2018 (18),67.3,Estate,BLACK,1.0,Euro 6,£199,"£17,000",111 g/km,30-09-2022,,,
421,3 Series,Petrol,2.0L,Automatic,"31,368 miles",4,181 bhp,2017 (17),51.4,Saloon,SILVER,2.0,Euro 6,£199,"£17,000",129 g/km,19-10-2022,,,
422,1 Series,Petrol,1.5L,Manual,"18,631 miles",5,134 bhp,2019 (19),37.7,Hatchback,ALPINE WHITE,1.0,Euro 6,£199,"£17,000",137 g/km,,,,
423,3 Series,Diesel,2.0L,Automatic,"61,362 miles",4,188 bhp,2018 (18),62.8,Saloon,MINERAL WHITE,1.0,Euro 6,£199,"£17,000",118 g/km,04-03-2022,,,
424,2 Series,Petrol,1.5L,Manual,"38,984 miles",2,134 bhp,2018 (68),52.3,Coupe,BLACK,1.0,Euro 6,£199,"£16,950",125 g/km,26-09-2022,,,
425,3 Series,Diesel,3.0L,Automatic,"68,095 miles",5,255 bhp,2015 (15),51.4,Hatchback,GREY,2.0,Euro 6,£199,"£16,900",144 g/km,08-12-2021,,,
426,2 Series,Petrol,1.5L,Manual,"22,402 miles",5,138 bhp,2018 (68),44.1,Hatchback,BLACK,1.0,Euro 6,£199,"£16,900",132 g/km,12-09-2022,,,
427,1 Series,Petrol,2.0L,Automatic,"26,045 miles",5,181 bhp,2017 (67),48.7,Hatchback,SUNSET ORANGE,2.0,Euro 6,£199,"£16,900",133 g/km,07-02-2022,,,
428,3 Series,Diesel,3.0L,Automatic,"57,762 miles",5,255 bhp,2015 (65),54.3,Hatchback,SILVER,2.0,Euro 6,£199,"£16,900",137 g/km,29-10-2021,,,
429,3 Series,Petrol,1.5L,Automatic,"35,056 miles",4,134 bhp,2017 (67),54.3,Saloon,Mediterranean Blue,,Euro 6,£199,"£16,900",122 g/km,30-09-2022,,,
430,2 Series,Diesel,2.0L,Automatic,"39,390 miles",5,187 bhp,2018 (18),49.6,Hatchback,BEIGE,1.0,Euro 6,£199,"£16,900",124 g/km,11-04-2022,,,
431,3 Series,Diesel,2.0L,Automatic,"71,303 miles",5,188 bhp,2018 (18),65.7,Estate,ALPINE WHITE,1.0,Euro 6,£199,"£16,900",114 g/km,20-06-2022,,,
432,1 Series,Petrol,1.5L,Automatic,"26,426 miles",5,134 bhp,2016 (16),54.3,Hatchback,ALPINE WHITE,2.0,Euro 6,£199,"£16,850",122 g/km,13-08-2022,,,
433,1 Series,Petrol,1.5L,Manual,"17,382 miles",5,134 bhp,2018 (68),37.7,Hatchback,ALPINE WHITE,1.0,Euro 6,£199,"£16,850",137 g/km,,,,
434,2 Series,Diesel,2.0L,Automatic,"40,891 miles",2,148 bhp,2016 (66),62.8,Convertible,BLACK SAPPHIRE,2.0,Euro 6,£199,"£16,800",118 g/km,22-09-2022,BLACK DAKOTA LEATHER,,
435,2 Series,Diesel,2.0L,Automatic,"29,148 miles",2,188 bhp,2015 (15),60.1,Coupe,GLACIER SILVER,,Euro 6,£199,"£16,800",124 g/km,07-10-2022,CORAL RED DAKOTA LEATHER,,
436,3 Series,Diesel,2.0L,Manual,"44,680 miles",5,161 bhp,2018 (68),68.9,Estate,Mediterranean Blue,1.0,Euro 6,£199,"£16,800",107 g/km,,OYSTER DAKOTA LEATHER,,
437,3 Series,Diesel,2.0L,Manual,"51,291 miles",4,188 bhp,2017 (17),64.2,Saloon,WHITE,1.0,Euro 6,£199,"£16,800",116 g/km,01-03-2022,,,
438,1 Series,Petrol,1.5L,Manual,"23,709 miles",5,134 bhp,2019 (69),37.7,Hatchback,GREY,2.0,Euro 6,£199,"£16,750",137 g/km,,,,
439,2 Series,Diesel,2.0L,Automatic,"53,627 miles",2,188 bhp,2016 (16),68.9,Coupe,MELBOURNE RED,2.0,Euro 6,£199,"£16,750",107 g/km,25-10-2022,CORAL RED DAKOTA LEATHER,,
440,X1,Diesel,2.0L,Manual,"36,715 miles",5,148 bhp,2017 (17),68.9,Estate,SPARKLING BROWN,1.0,Euro 6,£199,"£16,700",109 g/km,03-08-2022,,,
441,1 Series,Diesel,2.0L,Automatic,"38,088 miles",5,188 bhp,2015 (65),62.8,Hatchback,BLACK,2.0,Euro 6,£199,"£16,700",119 g/km,23-09-2022,,,
442,3 Series,Diesel,2.0L,Manual,"63,181 miles",5,161 bhp,2017 (67),65.7,Estate,GREY,1.0,Euro 6,£199,"£16,700",114 g/km,21-09-2022,,,
443,X1,Diesel,2.0L,Manual,"72,613 miles",5,148 bhp,2017 (67),68.9,Estate,ALPINE WHITE,1.0,Euro 6,£199,"£16,700",109 g/km,04-10-2022,,,
444,4 Series,Diesel,2.0L,Automatic,"77,712 miles",2,188 bhp,2016 (66),60.1,Convertible,MIDNIGHT BLUE,,Euro 6,£199,"£16,700",124 g/km,14-07-2022,OYSTER DAKOTA LEATHER,,
445,X1,Diesel,2.0L,Manual,"65,535 miles",5,188 bhp,2016 (66),58.9,Estate,MINERAL GREY,2.0,Euro 6,£199,"£16,600",127 g/km,,,,
446,3 Series,Diesel,2.0L,Automatic,"38,646 miles",4,161 bhp,2017 (67),74.3,Saloon,BLACK,1.0,Euro 6,£199,"£16,600",99 g/km,11-09-2022,,,
447,3 Series,Diesel,2.0L,Manual,"48,639 miles",4,188 bhp,2017 (17),58.9,Saloon,WHITE,2.0,Euro 6,£199,"£16,600",126 g/km,02-03-2022,,,
448,1 Series,Diesel,2.0L,Automatic,"32,676 miles",5,147 bhp,2016 (16),67.3,Hatchback,ALPINE WHITE,,Euro 6,£199,"£16,600",110 g/km,10-11-2021,BLACK DAKOTA LEATHER,,
449,2 Series,Petrol,1.5L,Automatic,"62,310 miles",5,134 bhp,2016 (66),51.4,Estate,BLACK,1.0,Euro 6,£199,"£16,550",127 g/km,27-02-2022,,,
450,2 Series,Diesel,2.0L,Manual,"16,550 miles",2,188 bhp,2016 (66),64.2,Coupe,ESTORIL BLUE,2.0,Euro 6,£199,"£16,500",115 g/km,27-09-2022,,,
451,X3,Diesel,2.0L,Manual,"58,442 miles",5,188 bhp,2015 (65),52.3,Estate,BLACK,2.0,Euro 6,£199,"£16,500",143 g/km,22-03-2022,,,
452,3 Series,Diesel,3.0L,Automatic,"42,530 miles",4,255 bhp,2015 (65),56.5,Saloon,BLACK SAPPHIRE,2.0,Euro 6,£199,"£16,500",131 g/km,14-02-2022,BLACK DAKOTA LEATHER,,
453,2 Series,Petrol,1.5L,Manual,"44,961 miles",5,138 bhp,2018 (68),40.9,Estate,RED,1.0,Euro 6,£199,"£16,500",137 g/km,26-08-2022,,,
454,1 Series,Petrol,1.5L,Automatic,"36,655 miles",5,134 bhp,2018 (68),37.2,Hatchback,MINERAL GREY,1.0,Euro 6,£199,"£16,500",131 g/km,,,,
455,2 Series,Diesel,2.0L,Automatic,"32,990 miles",2,148 bhp,2016 (16),62.8,Convertible,MINERAL WHITE,,Euro 6,£199,"£16,500",118 g/km,09-10-2021,,,
456,2 Series,Petrol,2.0L,Automatic,"41,182 miles",2,181 bhp,2017 (17),47.9,Coupe,MELBOURNE RED,1.0,Euro 6,£199,"£16,500",135 g/km,20-07-2022,BLACK DAKOTA LEATHER,,
457,2 Series,Diesel,2.0L,Manual,"60,363 miles",5,148 bhp,2017 (17),62.8,Estate,WHITE,1.0,Euro 6,£199,"£16,500",119 g/km,27-07-2022,,,
458,2 Series,Petrol,1.5L,Manual,"56,625 miles",2,134 bhp,2018 (18),48.7,Convertible,WHITE,1.0,Euro 6,£199,"£16,500",136 g/km,02-09-2022,,,
459,4 Series,Diesel,3.0L,Automatic,"47,550 miles",2,255 bhp,2014 (64),53.3,Convertible,MIDNIGHT BLUE,2.0,Euro 6,£199,"£16,500",139 g/km,09-09-2022,,,
460,3 Series,Diesel,2.0L,Automatic,"55,306 miles",4,188 bhp,2016 (16),64.2,Saloon,ESTORIL BLUE,2.0,Euro 6,£199,"£16,500",116 g/km,,BLACK DAKOTA LEATHER,,
461,3 Series,Petrol,1.5L,Automatic,"30,671 miles",5,134 bhp,2015 (65),51.4,Estate,MINERAL GREY,1.0,Euro 6,£199,"£16,500",129 g/km,24-09-2022,,,
462,2 Series,Diesel,1.5L,Automatic,"45,212 miles",5,114 bhp,2016 (66),68.9,Hatchback,WHITE,2.0,Euro 6,£199,"£16,450",108 g/km,21-12-2021,,,
463,1 Series,Petrol,1.5L,Automatic,"29,437 miles",5,134 bhp,2018 (68),37.2,Hatchback,WHITE,1.0,Euro 6,£199,"£16,400",131 g/km,30-09-2022,,,
464,3 Series,Petrol,1.5L,Automatic,"23,360 miles",4,134 bhp,2016 (66),54.3,Saloon,BLUE,2.0,Euro 6,£199,"£16,400",122 g/km,04-12-2021,,,
465,X1,Diesel,2.0L,Manual,"85,475 miles",5,148 bhp,2017 (67),68.9,Estate,Mediterranean Blue,1.0,Euro 6,£199,"£16,400",109 g/km,17-11-2022,,,
466,2 Series,Diesel,2.0L,Automatic,"52,932 miles",5,148 bhp,2017 (67),65.7,Hatchback,BLACK,1.0,Euro 6,£199,"£16,400",114 g/km,20-10-2022,,,
467,2 Series,Petrol,1.5L,Manual,"56,112 miles",2,134 bhp,2018 (18),52.3,Coupe,WHITE,1.0,Euro 6,£199,"£16,400",130 g/km,30-07-2022,,,
468,1 Series,Diesel,2.0L,Manual,"32,105 miles",5,147 bhp,2017 (17),65.7,Hatchback,ALPINE WHITE,,Euro 6,£199,"£16,400",114 g/km,23-12-2021,,,
469,1 Series,Petrol,1.5L,Manual,"58,752 miles",5,134 bhp,2017 (67),52.3,Hatchback,ALPINE WHITE,1.0,Euro 6,£199,"£16,400",126 g/km,16-11-2021,,,
470,5 Series,Diesel,2.0L,Automatic,"53,511 miles",5,188 bhp,2015 (65),62.8,Estate,SPACE GREY,2.0,Euro 6,£199,"£16,400",118 g/km,31-08-2022,BLACK DAKOTA LEATHER,,
471,2 Series,Hybrid Petrol,1.5L,Automatic,"58,962 miles",5,,2017 (17),,Hatchback,BLUE,2.0,Euro 6,£199,"£16,400",46 g/km,30-03-2022,,,
472,1 Series,Diesel,1.5L,Manual,"46,647 miles",5,114 bhp,2017 (67),70.6,Hatchback,MINERAL GREY,,Euro 6,£199,"£16,400",106 g/km,23-11-2021,,,
473,3 Series,Petrol,1.5L,Automatic,"27,758 miles",4,134 bhp,2016 (16),54.3,Saloon,ALPINE WHITE,,Euro 6,£199,"£16,400",122 g/km,08-11-2022,,,
474,3 Series,Diesel,2.0L,Automatic,"45,081 miles",4,188 bhp,2016 (66),67.3,Saloon,BLACK SAPPHIRE,2.0,Euro 6,£199,"£16,400",111 g/km,31-10-2021,,,
475,3 Series,Diesel,2.0L,Manual,"31,447 miles",5,161 bhp,2016 (66),68.9,Estate,BLACK,1.0,Euro 6,£199,"£16,300",107 g/km,11-09-2022,,,
476,3 Series,Petrol,1.5L,Automatic,"40,490 miles",4,134 bhp,2018 (67),54.3,Saloon,GREY,1.0,Euro 6,£199,"£16,300",122 g/km,17-10-2022,,,
477,2 Series,Petrol,1.5L,Manual,"34,915 miles",2,134 bhp,2018 (18),52.3,Coupe,BLUE,1.0,Euro 6,£199,"£16,300",125 g/km,02-06-2022,,,
478,3 Series,Diesel,2.0L,Automatic,"62,058 miles",5,161 bhp,2017 (67),70.6,Estate,SILVER,1.0,Euro 6,£199,"£16,300",104 g/km,11-07-2022,,,
479,1 Series,Petrol,1.5L,Automatic,"46,541 miles",5,134 bhp,2018 (68),37.7,Hatchback,MINERAL WHITE,1.0,Euro 6,£199,"£16,300",128 g/km,30-10-2022,,,
480,4 Series,Diesel,2.0L,Manual,"57,654 miles",4,188 bhp,2016 (66),62.8,Coupe,GREY,1.0,Euro 6,£199,"£16,300",119 g/km,01-12-2021,,,
481,1 Series,Petrol,1.5L,Manual,"22,989 miles",5,134 bhp,2019 (19),37.7,Hatchback,GLACIER SILVER,1.0,Euro 6,£199,"£16,250",137 g/km,,,,
482,3 Series,Diesel,2.0L,Automatic,"75,416 miles",5,188 bhp,2017 (17),62.8,Estate,BLACK SAPPHIRE,1.0,Euro 6,£199,"£16,250",119 g/km,02-11-2021,BLACK DAKOTA LEATHER,,
483,1 Series,Diesel,2.0L,Automatic,"33,932 miles",5,147 bhp,2017 (67),74.3,Hatchback,BLACK,2.0,Euro 6,£199,"£16,200",99 g/km,29-10-2022,,,
484,2 Series,Petrol,1.5L,Manual,"37,972 miles",2,134 bhp,2017 (67),52.3,Coupe,ESTORIL BLUE,1.0,Euro 6,£199,"£16,200",130 g/km,,,,
485,2 Series,Diesel,2.0L,Manual,"34,017 miles",2,148 bhp,2016 (66),61.4,Convertible,BLACK,,Euro 6,£199,"£16,200",122 g/km,27-09-2022,,,
486,1 Series,Diesel,1.5L,Automatic,"31,242 miles",3,114 bhp,2018 (68),78.5,Hatchback,JET BLACK,2.0,Euro 6,£199,"£16,100",96 g/km,27-09-2022,,,
487,2 Series,Diesel,2.0L,Manual,"23,385 miles",2,148 bhp,2018 (18),65.7,Coupe,BLACK SAPPHIRE,1.0,Euro 6,£199,"£16,100",113 g/km,29-07-2022,,,
488,4 Series,Diesel,2.0L,Automatic,"52,364 miles",4,188 bhp,2016 (16),65.7,Coupe,BLUE,2.0,Euro 6,£199,"£16,000",114 g/km,06-01-2022,,,
489,3 Series,Diesel,2.0L,Manual,"61,808 miles",4,161 bhp,2018 (68),72.4,Saloon,ORANGE,1.0,Euro 6,£199,"£16,000",102 g/km,18-11-2022,,,
490,3 Series,Diesel,2.0L,Automatic,"44,345 miles",4,114 bhp,2016 (66),68.9,Saloon,SILVER,2.0,Euro 6,£199,"£16,000",109 g/km,15-03-2022,,,
491,X1,Diesel,2.0L,Manual,"62,883 miles",5,148 bhp,2017 (67),68.9,Estate,PLATINUM SILVER,1.0,Euro 6,£199,"£16,000",109 g/km,27-09-2022,,,
492,3 Series,Diesel,2.0L,Manual,"48,635 miles",4,188 bhp,2017 (67),58.9,Saloon,GREY,1.0,Euro 6,£199,"£16,000",126 g/km,31-08-2022,,,
493,3 Series,Diesel,2.0L,Automatic,"51,098 miles",4,161 bhp,2018 (18),70.6,Saloon,GREY,1.0,Euro 6,£199,"£16,000",104 g/km,,,,
494,2 Series,Petrol,1.5L,Manual,"30,452 miles",2,134 bhp,2016 (16),47.1,Convertible,BLUE,2.0,Euro 6,£199,"£16,000",139 g/km,05-06-2022,,,
495,4 Series,Petrol,2.0L,Manual,"39,831 miles",4,181 bhp,2016 (66),46.3,Coupe,ALPINE WHITE,2.0,Euro 6,£199,"£16,000",141 g/km,03-05-2022,BLACK DAKOTA LEATHER,,
496,2 Series,Diesel,2.0L,Manual,"15,997 miles",5,148 bhp,2017 (67),68.9,Hatchback,BLUE,,Euro 6,£199,"£16,000",109 g/km,25-05-2022,,,
497,4 Series,Diesel,2.0L,Automatic,"84,817 miles",2,188 bhp,2015 (65),60.1,Convertible,BLUE,2.0,Euro 6,£199,"£15,900",124 g/km,01-07-2022,,,
498,X1,Diesel,2.0L,Manual,"51,123 miles",5,148 bhp,2017 (67),68.9,Estate,BLACK,1.0,Euro 6,£199,"£15,900",109 g/km,27-07-2022,,,
499,3 Series,Diesel,2.0L,Manual,"37,994 miles",5,188 bhp,2017 (67),62.8,Estate,Mediterranean Blue,2.0,Euro 6,£199,"£15,900",118 g/km,28-09-2022,,,
500,2 Series,Diesel,1.5L,Manual,"30,186 miles",5,114 bhp,2017 (17),68.9,Estate,BROWN,,Euro 6,£199,"£15,900",108 g/km,08-11-2022,,,
501,X1,Diesel,2.0L,Manual,"52,895 miles",5,148 bhp,2017 (67),68.9,Estate,BLUE,1.0,Euro 6,£199,"£15,800",109 g/km,21-09-2022,,,
502,3 Series,Diesel,2.0L,Manual,"69,828 miles",4,188 bhp,2018 (68),64.2,Saloon,BLACK,1.0,Euro 6,£199,"£15,800",116 g/km,29-09-2022,,,
503,1 Series,Petrol,1.5L,Manual,"46,054 miles",3,134 bhp,2018 (67),52.3,Hatchback,ESTORIL BLUE,1.0,Euro 6,£199,"£15,800",126 g/km,11-02-2022,,,
504,2 Series,Petrol,1.5L,Manual,"36,729 miles",5,138 bhp,2018 (68),44.1,Hatchback,WHITE,1.0,Euro 6,£199,"£15,800",132 g/km,11-09-2022,,,
505,1 Series,Petrol,1.5L,Manual,"35,127 miles",5,134 bhp,2018 (68),37.7,Hatchback,MINERAL GREY,1.0,Euro 6,£199,"£15,800",137 g/km,,,,
506,1 Series,Diesel,1.5L,Automatic,"53,555 miles",5,114 bhp,2017 (17),68.9,Hatchback,ESTORIL BLUE,1.0,Euro 6,£199,"£15,750",107 g/km,14-10-2022,,,
507,1 Series,Diesel,2.0L,Manual,"28,858 miles",5,147 bhp,2018 (18),68.9,Hatchback,GREY,,Euro 6,£199,"£15,700",109 g/km,23-07-2022,,,
508,1 Series,Petrol,1.5L,Manual,"36,764 miles",5,134 bhp,2018 (68),38.2,Hatchback,SEASIDE BLUE,1.0,Euro 6,£199,"£15,700",134 g/km,30-10-2022,,,
509,4 Series,Diesel,2.0L,Automatic,"89,587 miles",4,188 bhp,2016 (66),65.7,Coupe,ESTORIL BLUE,1.0,Euro 6,£199,"£15,700",114 g/km,29-09-2022,,,
510,2 Series,Petrol,1.5L,Manual,"37,772 miles",2,134 bhp,2018 (68),52.3,Coupe,ALPINE WHITE,1.0,Euro 6,£199,"£15,700",125 g/km,27-09-2022,,,
511,1 Series,Diesel,2.0L,Manual,"19,139 miles",5,147 bhp,2018 (18),52.3,Hatchback,GREY,2.0,Euro 6,£199,"£15,600",115 g/km,08-09-2022,,,
512,1 Series,Diesel,2.0L,Manual,"65,669 miles",5,188 bhp,2017 (67),62.8,Hatchback,BLACK,1.0,Euro 6,£199,"£15,600",118 g/km,21-07-2022,,,
513,2 Series,Diesel,1.5L,Manual,"41,595 miles",5,114 bhp,2017 (17),74.3,Hatchback,BLACK,1.0,Euro 6,£199,"£15,600",99 g/km,24-03-2022,,,
514,2 Series,Diesel,2.0L,Automatic,"47,133 miles",5,188 bhp,2017 (17),65.7,Hatchback,GREY,,Euro 6,£199,"£15,600",113 g/km,12-01-2022,,,
515,2 Series,Diesel,2.0L,Manual,"44,527 miles",5,148 bhp,2017 (67),68.9,Hatchback,WHITE,2.0,Euro 6,£199,"£15,550",109 g/km,21-09-2022,,,
516,2 Series,Diesel,1.5L,Manual,"9,692 miles",5,114 bhp,2017 (67),74.3,Hatchback,RED,2.0,Euro 6,£199,"£15,500",99 g/km,26-09-2022,,,
517,1 Series,Petrol,1.5L,Manual,"22,449 miles",5,134 bhp,2018 (68),37.7,Hatchback,BLACK SAPPHIRE,1.0,Euro 6,£199,"£15,500",137 g/km,26-08-2022,,,
518,3 Series,Petrol,1.5L,Manual,"36,066 miles",4,134 bhp,2018 (18),52.3,Saloon,MINERAL GREY,,Euro 6,£199,"£15,500",124 g/km,06-12-2021,,,
519,3 Series,Diesel,2.0L,Automatic,"72,237 miles",5,188 bhp,2015 (15),57.7,Estate,ESTORIL BLUE,,Euro 6,£199,"£15,500",129 g/km,18-01-2022,,,
520,3 Series,Petrol,2.0L,Manual,"31,136 miles",4,181 bhp,2017 (67),48.7,Saloon,BLACK,2.0,Euro 6,£199,"£15,500",134 g/km,20-10-2022,,,
521,5 Series,Diesel,2.0L,Automatic,"43,531 miles",4,188 bhp,2015 (65),62.8,Saloon,BLUE,,Euro 6,£199,"£15,500",119 g/km,13-09-2022,,,
522,1 Series,Petrol,1.5L,Automatic,"48,760 miles",5,134 bhp,2018 (68),37.2,Hatchback,WHITE,1.0,Euro 6,£199,"£15,500",131 g/km,29-09-2022,,,
523,1 Series,Diesel,2.0L,Manual,"23,136 miles",3,147 bhp,2017 (67),65.7,Hatchback,BLACK SAPPHIRE,1.0,Euro 6,£199,"£15,500",114 g/km,16-11-2021,BLACK DAKOTA LEATHER,,
524,2 Series,Diesel,1.5L,Manual,"39,427 miles",5,114 bhp,2018 (18),74.3,Hatchback,BLACK,1.0,Euro 6,£199,"£15,450",99 g/km,20-10-2022,,,
525,1 Series,Diesel,1.5L,Manual,"26,869 miles",5,114 bhp,2018 (67),78.5,Hatchback,BLACK,1.0,Euro 6,£199,"£15,450",94 g/km,04-10-2022,,,
526,1 Series,Petrol,1.5L,Manual,"22,843 miles",5,134 bhp,2018 (18),56.5,Hatchback,GREY,1.0,Euro 6,£199,"£15,450",116 g/km,05-05-2022,,,
527,2 Series,Petrol,1.5L,Automatic,"72,374 miles",5,134 bhp,2017 (17),55.4,Hatchback,GREY,2.0,Euro 6,£199,"£15,400",119 g/km,01-03-2022,,,
528,3 Series,Diesel,2.0L,Manual,"56,138 miles",4,148 bhp,2017 (17),64.2,Saloon,WHITE,,Euro 6,£199,"£15,400",116 g/km,08-02-2022,,,
529,5 Series,Diesel,2.0L,Automatic,"73,867 miles",4,,2016 (65),,Saloon,White,,,£199,"£15,400",119 g/km,,,,
530,1 Series,Diesel,1.5L,Manual,"16,645 miles",5,114 bhp,2017 (67),72.4,Hatchback,MELBOURNE RED,1.0,Euro 6,£199,"£15,300",103 g/km,03-08-2022,,,
531,3 Series,Petrol,2.0L,Manual,"39,979 miles",4,181 bhp,2015 (65),47.9,Saloon,ALPINE WHITE,,Euro 6,£199,"£15,300",138 g/km,27-06-2022,,,
532,1 Series,Petrol,1.5L,Manual,"25,871 miles",5,134 bhp,2018 (18),38.2,Hatchback,BLACK SAPPHIRE,1.0,Euro 6,£199,"£15,300",134 g/km,21-08-2022,,,
533,2 Series,Petrol,1.5L,Manual,"21,390 miles",2,134 bhp,2017 (67),52.3,Coupe,BLUE,1.0,Euro 6,£199,"£15,300",125 g/km,15-10-2022,,,
534,1 Series,Diesel,1.5L,Automatic,"30,327 miles",5,114 bhp,2018 (67),78.5,Hatchback,MINERAL GREY,2.0,Euro 6,£199,"£15,250",96 g/km,30-01-2022,,,
535,1 Series,Petrol,1.5L,Manual,"39,180 miles",5,134 bhp,2018 (18),53.3,Hatchback,BLACK,2.0,Euro 6,£199,"£15,250",123 g/km,28-06-2022,,,
536,1 Series,Petrol,1.5L,Manual,"61,274 miles",5,134 bhp,2018 (18),52.3,Hatchback,ORANGE,1.0,Euro 6,£199,"£15,200",126 g/km,21-05-2022,,,
537,2 Series,Diesel,2.0L,Automatic,"63,149 miles",2,188 bhp,2015 (65),60.1,Coupe,BLACK,,Euro 6,£199,"£15,200",124 g/km,10-11-2021,,,
538,1 Series,Petrol,1.5L,Manual,"19,639 miles",5,134 bhp,2017 (67),53.3,Hatchback,GREY,2.0,Euro 6,£199,"£15,200",123 g/km,27-11-2021,,,
539,3 Series,Diesel,2.0L,Manual,"63,168 miles",4,188 bhp,2017 (17),62.8,Saloon,ALPINE WHITE,1.0,Euro 6,£199,"£15,150",119 g/km,29-12-2021,,,
540,2 Series,Diesel,2.0L,Manual,"34,255 miles",2,148 bhp,2015 (65),64.2,Coupe,WHITE,2.0,Euro 6,£199,"£15,100",116 g/km,26-11-2022,,,
541,3 Series,Petrol,2.0L,Manual,"47,455 miles",4,181 bhp,2017 (17),48.7,Saloon,Mediterranean Blue,,Euro 6,£199,"£15,100",134 g/km,13-04-2022,,,
542,3 Series,Diesel,2.0L,Manual,"71,334 miles",5,188 bhp,2017 (67),62.8,Estate,BLACK,1.0,Euro 6,£199,"£15,100",118 g/km,26-02-2022,,,
543,2 Series,Diesel,2.0L,Manual,"43,188 miles",5,148 bhp,2016 (16),64.2,Estate,BLACK,2.0,Euro 6,£199,"£15,000",115 g/km,09-08-2022,,,
544,2 Series,Petrol,1.5L,Manual,"40,484 miles",5,138 bhp,2018 (18),44.1,Hatchback,WHITE,1.0,Euro 6,£199,"£15,000",132 g/km,07-06-2022,,,
545,2 Series,Petrol,1.5L,Manual,"26,348 miles",5,138 bhp,2018 (18),44.1,Hatchback,WHITE,1.0,Euro 6,£199,"£15,000",132 g/km,15-06-2022,,,
546,1 Series,Diesel,2.0L,Manual,"21,691 miles",3,147 bhp,2018 (68),49.6,Hatchback,BLACK,2.0,Euro 6,£199,"£15,000",120 g/km,,,,
547,3 Series,Diesel,2.0L,Automatic,"83,191 miles",4,188 bhp,2018 (67),64.2,Saloon,BLUE,2.0,Euro 6,£199,"£15,000",116 g/km,08-09-2022,,,
548,1 Series,Diesel,2.0L,Manual,"58,522 miles",5,,2018 (68),,Hatchback,BLUE,1.0,,£199,"£15,000",124 g/km,11-10-2022,,,
549,3 Series,Diesel,2.0L,Manual,"38,106 miles",4,141 bhp,2015 (15),60.1,Saloon,ALPINE WHITE,2.0,Euro 6,£199,"£15,000",122 g/km,20-08-2022,BLACK DAKOTA LEATHER,,
550,2 Series,Diesel,2.0L,Manual,"22,642 miles",5,148 bhp,2018 (18),68.9,Hatchback,BLUE,1.0,Euro 6,£199,"£15,000",109 g/km,30-07-2022,,,
551,5 Series,Diesel,2.0L,Automatic,"59,120 miles",4,188 bhp,2015 (15),68.9,Saloon,MINERAL WHITE,2.0,Euro 6,£199,"£15,000",109 g/km,07-11-2022,BLACK DAKOTA LEATHER,,
552,3 Series,Diesel,2.0L,Automatic,"49,096 miles",4,188 bhp,2016 (65),67.3,Saloon,ALPINE WHITE,2.0,Euro 6,£199,"£15,000",111 g/km,28-02-2022,,,
553,3 Series,Petrol,2.0L,Manual,"38,289 miles",4,181 bhp,2015 (15),41.5,Saloon,GLACIER SILVER,2.0,Euro 6,£199,"£15,000",159 g/km,17-08-2022,BLACK DAKOTA LEATHER,,
554,2 Series,Petrol,1.5L,Manual,"31,303 miles",5,138 bhp,2019 (19),44.1,Hatchback,BLUE,2.0,Euro 6,£199,"£15,000",132 g/km,,,,
555,2 Series,Petrol,2.0L,Manual,"40,976 miles",2,181 bhp,2016 (16),44.1,Coupe,ALPINE WHITE,2.0,Euro 6,£199,"£15,000",149 g/km,03-08-2022,,,
556,2 Series,Petrol,1.5L,Automatic,"54,660 miles",2,134 bhp,2015 (15),51.4,Coupe,ESTORIL BLUE,2.0,Euro 6,£199,"£14,950",129 g/km,07-08-2022,,,
557,1 Series,Petrol,1.5L,Automatic,"20,212 miles",5,134 bhp,2016 (16),55.4,Hatchback,JET BLACK,,Euro 6,£199,"£14,800",119 g/km,17-03-2022,,,
558,1 Series,Diesel,1.5L,Manual,"10,505 miles",5,114 bhp,2017 (67),78.5,Hatchback,GREY,1.0,Euro 6,£199,"£14,800",94 g/km,12-12-2021,,,
559,5 Series,Diesel,2.0L,Automatic,"73,107 miles",4,188 bhp,2015 (15),62.8,Saloon,CARBON BLACK,,Euro 6,£199,"£14,800",119 g/km,22-12-2021,,,
560,5 Series,Diesel,2.0L,Automatic,"73,237 miles",4,188 bhp,2016 (16),68.9,Saloon,ALPINE WHITE,,Euro 6,£199,"£14,600",109 g/km,15-06-2022,OYSTER DAKOTA LEATHER,,
561,2 Series,Diesel,2.0L,Automatic,"40,384 miles",5,148 bhp,2015 (65),68.9,Hatchback,WHITE,2.0,Euro 6,£199,"£14,550",109 g/km,13-08-2022,,,
562,1 Series,Petrol,1.5L,Manual,"47,291 miles",5,134 bhp,2018 (18),38.2,Hatchback,ALPINE WHITE,1.0,Euro 6,£199,"£14,500",134 g/km,16-05-2022,,,
563,1 Series,Diesel,2.0L,Manual,"35,161 miles",3,147 bhp,2016 (66),65.7,Hatchback,GLACIER SILVER,,Euro 6,£199,"£14,500",114 g/km,05-08-2022,,,
564,2 Series,Diesel,1.5L,Manual,"59,310 miles",5,114 bhp,2017 (67),68.9,Estate,BLACK,1.0,Euro 6,£199,"£14,400",108 g/km,20-09-2022,,,
565,1 Series,Diesel,2.0L,Automatic,"69,567 miles",3,147 bhp,2016 (66),67.3,Hatchback,BLUE,,Euro 6,£199,"£14,350",110 g/km,30-04-2022,,,
566,3 Series,Diesel,2.0L,Automatic,"71,332 miles",4,161 bhp,2017 (17),74.3,Saloon,ALPINE WHITE,1.0,Euro 6,£199,"£14,350",99 g/km,22-11-2021,BLACK DAKOTA LEATHER,,
567,2 Series,Petrol,1.5L,Manual,"30,077 miles",2,134 bhp,2015 (65),50.4,Coupe,BLUE,,Euro 6,£199,"£14,300",130 g/km,13-07-2022,,,
568,1 Series,Diesel,2.0L,Automatic,"72,711 miles",5,147 bhp,2018 (18),74.3,Hatchback,SEASIDE BLUE,1.0,Euro 6,£199,"£14,300",99 g/km,15-02-2022,,,
569,2 Series,Petrol,1.5L,Manual,"44,966 miles",2,134 bhp,2015 (65),50.4,Coupe,ALPINE WHITE,1.0,Euro 6,£199,"£14,250",130 g/km,03-11-2021,BLACK DAKOTA LEATHER,,
570,3 Series,Diesel,2.0L,Manual,"35,808 miles",4,114 bhp,2017 (67),68.9,Saloon,BLUE,1.0,Euro 6,£199,"£14,250",109 g/km,02-10-2022,,,
571,1 Series,Diesel,2.0L,Manual,"52,127 miles",3,188 bhp,2017 (17),62.8,Hatchback,ORANGE,1.0,Euro 6,£199,"£14,200",118 g/km,02-08-2022,,,
572,1 Series,Diesel,1.5L,Manual,"50,106 miles",3,114 bhp,2017 (67),70.6,Hatchback,MINERAL GREY,1.0,Euro 6,£199,"£14,200",106 g/km,,,,
573,2 Series,Petrol,1.5L,Manual,"33,904 miles",2,134 bhp,2016 (16),52.3,Coupe,BLACK,2.0,Euro 6,£199,"£14,200",125 g/km,17-02-2022,,,
574,5 Series,Diesel,2.0L,Manual,"67,067 miles",4,188 bhp,2015 (65),60.1,Saloon,GREY,2.0,Euro 6,£199,"£14,100",124 g/km,,,,
575,1 Series,Diesel,1.5L,Manual,"36,287 miles",5,114 bhp,2018 (68),78.5,Hatchback,GLACIER SILVER,1.0,Euro 6,£199,"£14,100",94 g/km,29-09-2022,,,
576,1 Series,Diesel,1.5L,Manual,"27,676 miles",5,114 bhp,2016 (66),70.6,Hatchback,ORANGE,2.0,Euro 6,£199,"£14,100",106 g/km,05-09-2022,,,
577,1 Series,Diesel,1.5L,Manual,"52,493 miles",5,114 bhp,2018 (68),51.4,Hatchback,BLACK,1.0,Euro 6,£199,"£14,000",114 g/km,13-11-2022,,,
578,1 Series,Diesel,1.5L,Manual,"43,651 miles",5,114 bhp,2019 (19),78.5,Hatchback,ALPINE WHITE,1.0,Euro 6,£199,"£14,000",94 g/km,,,,
579,3 Series,Diesel,2.0L,Manual,"61,614 miles",4,161 bhp,2018 (18),72.4,Saloon,GREY,1.0,Euro 6,£199,"£14,000",102 g/km,23-06-2022,,,
580,1 Series,Petrol,1.5L,Manual,"35,078 miles",3,134 bhp,2017 (17),52.3,Hatchback,WHITE,2.0,Euro 6,£199,"£14,000",126 g/km,26-07-2021,,,
581,2 Series,Diesel,2.0L,Automatic,"56,822 miles",5,148 bhp,2016 (16),68.9,Hatchback,SILVER,2.0,Euro 6,£199,"£14,000",109 g/km,09-09-2022,,,
582,1 Series,Diesel,1.5L,Manual,"32,770 miles",5,114 bhp,2018 (68),78.5,Hatchback,SILVER,1.0,Euro 6,£199,"£14,000",94 g/km,29-09-2022,,,
583,3 Series,Diesel,2.0L,Manual,"57,690 miles",4,188 bhp,2016 (66),67.3,Saloon,ALPINE WHITE,,Euro 6,£199,"£14,000",111 g/km,12-09-2022,,,
584,3 Series,Diesel,2.0L,Manual,"46,834 miles",4,161 bhp,2017 (67),72.4,Saloon,BLACK SAPPHIRE,1.0,Euro 6,£199,"£14,000",102 g/km,23-08-2022,,,
585,3 Series,Petrol,2.0L,Manual,"44,261 miles",4,181 bhp,2017 (17),48.7,Saloon,MELBOURNE RED,2.0,Euro 6,£199,"£14,000",134 g/km,01-10-2022,,,
586,1 Series,Petrol,1.5L,Manual,"24,555 miles",5,134 bhp,2017 (67),56.5,Hatchback,JET BLACK,1.0,Euro 6,£199,"£14,000",116 g/km,18-09-2022,,,
587,1 Series,Diesel,1.5L,Manual,"38,976 miles",5,114 bhp,2017 (67),78.5,Hatchback,WHITE,1.0,Euro 6,£199,"£13,950",94 g/km,28-12-2021,,,
588,3 Series,Diesel,2.0L,Manual,"37,824 miles",4,188 bhp,2016 (66),67.3,Saloon,BLACK SAPPHIRE,2.0,Euro 6,£199,"£13,950",111 g/km,10-11-2021,,,
589,1 Series,Diesel,1.5L,Manual,"30,743 miles",5,114 bhp,2017 (67),83.1,Hatchback,ALPINE WHITE,2.0,Euro 6,£199,"£13,950",89 g/km,13-09-2022,,,
590,3 Series,Diesel,2.0L,Automatic,"62,210 miles",4,161 bhp,2016 (16),74.3,Saloon,MINERAL WHITE,1.0,Euro 6,£199,"£13,900",99 g/km,07-04-2022,BLACK DAKOTA LEATHER,,
591,3 Series,Diesel,2.0L,Manual,"28,603 miles",4,141 bhp,2014 (64),62.8,Saloon,ESTORIL BLUE,2.0,,£199,"£13,900",118 g/km,22-10-2022,BLACK DAKOTA LEATHER,Euro 5,
592,3 Series,Petrol,1.5L,Manual,"40,027 miles",4,134 bhp,2016 (66),52.3,Saloon,JET BLACK,2.0,Euro 6,£199,"£13,900",124 g/km,24-03-2022,,,
593,1 Series,Petrol,1.5L,Manual,"23,008 miles",5,134 bhp,2017 (17),53.3,Hatchback,MINERAL WHITE,2.0,Euro 6,£199,"£13,900",123 g/km,29-12-2021,,,
594,2 Series,Diesel,2.0L,Manual,"41,254 miles",5,148 bhp,2016 (16),68.9,Hatchback,WHITE,2.0,Euro 6,£199,"£13,800",109 g/km,18-11-2021,,,
595,1 Series,Diesel,2.0L,Manual,"40,886 miles",5,147 bhp,2017 (66),68.9,Hatchback,GREY,2.0,Euro 6,£199,"£13,800",109 g/km,25-01-2022,,,
596,1 Series,Diesel,1.5L,Manual,"47,934 miles",5,114 bhp,2018 (18),53.3,Hatchback,GREY,1.0,Euro 6,£199,"£13,750",111 g/km,28-06-2022,,,
597,2 Series,Petrol,1.5L,Manual,"75,864 miles",5,134 bhp,2017 (67),55.4,Hatchback,GREY,1.0,Euro 6,£199,"£13,700",119 g/km,13-10-2022,,,
598,1 Series,Diesel,1.5L,Manual,"57,526 miles",5,114 bhp,2018 (67),72.4,Hatchback,ALPINE WHITE,1.0,Euro 6,£199,"£13,700",103 g/km,01-02-2022,,,
599,3 Series,Diesel,2.0L,Manual,"55,341 miles",4,148 bhp,2017 (17),64.2,Saloon,BLUE,2.0,Euro 6,£199,"£13,700",116 g/km,20-04-2022,,,
600,3 Series,Diesel,2.0L,Manual,"60,503 miles",4,161 bhp,2016 (66),72.4,Saloon,Mediterranean Blue,2.0,Euro 6,£199,"£13,650",102 g/km,08-12-2021,OYSTER DAKOTA LEATHER,,
601,2 Series,Diesel,2.0L,Automatic,"57,324 miles",2,148 bhp,2015 (65),68.9,Coupe,WHITE,1.0,Euro 6,£199,"£13,500",108 g/km,20-07-2022,,,
602,3 Series,Diesel,2.0L,Manual,"68,742 miles",4,188 bhp,2016 (16),64.2,Saloon,WHITE,2.0,Euro 6,£199,"£13,500",116 g/km,24-01-2022,,,
603,2 Series,Petrol,1.5L,Manual,"45,311 miles",5,138 bhp,2018 (18),44.1,Hatchback,GREY,1.0,Euro 6,£199,"£13,500",132 g/km,05-08-2022,,,
604,4 Series,Diesel,2.0L,Automatic,"87,712 miles",2,188 bhp,2016 (66),70.6,Coupe,BLACK SAPPHIRE,2.0,Euro 6,£199,"£13,400",106 g/km,29-11-2021,BLACK DAKOTA LEATHER,,
605,3 Series,Petrol,1.5L,Manual,"40,699 miles",4,134 bhp,2016 (16),52.3,Saloon,ALPINE WHITE,,Euro 6,£199,"£13,400",124 g/km,05-07-2022,,,
606,3 Series,Diesel,2.0L,Manual,"41,271 miles",4,148 bhp,2016 (65),67.3,Saloon,ALPINE WHITE,2.0,Euro 6,£199,"£13,300",111 g/km,05-03-2022,,,
607,3 Series,Diesel,2.0L,Manual,"51,272 miles",4,114 bhp,2017 (67),68.9,Saloon,MINERAL WHITE,1.0,Euro 6,£199,"£13,250",109 g/km,11-09-2022,,,
608,3 Series,Diesel,2.0L,Manual,"51,038 miles",4,114 bhp,2016 (66),68.9,Saloon,ALPINE WHITE,2.0,Euro 6,£199,"£13,250",109 g/km,27-11-2021,,,
609,2 Series,Diesel,2.0L,Manual,"34,631 miles",5,148 bhp,2015 (15),68.9,Hatchback,WHITE,,Euro 6,£199,"£13,200",109 g/km,08-01-2022,,,
610,2 Series,Diesel,2.0L,Manual,"42,195 miles",5,148 bhp,2016 (66),68.9,Hatchback,WHITE,1.0,Euro 6,£199,"£13,150",109 g/km,23-10-2022,,,
611,3 Series,Diesel,2.0L,Manual,"67,920 miles",4,181 bhp,2014 (64),57.7,Saloon,BLUE,,,£199,"£13,100",128 g/km,16-07-2022,,Euro 5,
612,3 Series,Diesel,2.0L,Manual,"61,829 miles",4,114 bhp,2016 (66),68.9,Saloon,MINERAL GREY,1.0,Euro 6,£199,"£13,100",109 g/km,18-10-2022,,,
613,3 Series,Diesel,2.0L,Manual,"79,954 miles",5,114 bhp,2018 (67),64.2,Estate,SILVER,2.0,Euro 6,£199,"£13,100",116 g/km,09-02-2022,,,
614,1 Series,Diesel,1.5L,Manual,"54,230 miles",5,114 bhp,2018 (68),78.5,Hatchback,JET BLACK,1.0,Euro 6,£199,"£13,100",94 g/km,,BLACK DAKOTA LEATHER,,
615,1 Series,Diesel,1.5L,Manual,"43,082 miles",5,114 bhp,2018 (68),78.5,Hatchback,GREY,2.0,Euro 6,£199,"£13,000",94 g/km,14-09-2022,,,
616,2 Series,Diesel,2.0L,Manual,"48,893 miles",5,148 bhp,2015 (65),68.9,Hatchback,GREY,2.0,Euro 6,£199,"£12,900",109 g/km,30-12-2021,,,
617,3 Series,Diesel,2.0L,Manual,"60,561 miles",4,161 bhp,2016 (16),72.4,Saloon,BLACK SAPPHIRE,1.0,Euro 6,£199,"£12,900",102 g/km,31-01-2022,BLACK DAKOTA LEATHER,,
618,2 Series,Diesel,2.0L,Manual,"46,206 miles",2,148 bhp,2016 (16),65.7,Coupe,WHITE,2.0,Euro 6,£199,"£12,800",113 g/km,01-11-2022,,,
619,1 Series,Diesel,1.5L,Manual,"33,928 miles",5,114 bhp,2015 (65),72.4,Hatchback,RED,,Euro 6,£199,"£12,800",103 g/km,23-11-2022,,,
620,1 Series,Diesel,1.5L,Manual,"31,387 miles",5,114 bhp,2017 (17),83.1,Hatchback,Mediterranean Blue,1.0,Euro 6,£199,"£12,750",89 g/km,29-12-2021,,,
621,1 Series,Diesel,1.5L,Manual,"32,331 miles",5,114 bhp,2017 (67),78.5,Hatchback,WHITE,1.0,Euro 6,£199,"£12,600",94 g/km,16-09-2022,,,
622,3 Series,Petrol,2.0L,Manual,"76,500 miles",4,181 bhp,2016 (16),48.7,Saloon,ALPINE WHITE,2.0,Euro 6,£199,"£12,500",134 g/km,14-04-2022,,,
623,1 Series,Diesel,1.5L,Manual,"59,223 miles",5,114 bhp,2017 (67),78.5,Hatchback,JET BLACK,2.0,Euro 6,£199,"£12,300",94 g/km,14-11-2022,,,
624,1 Series,Diesel,1.5L,Manual,"64,139 miles",3,114 bhp,2016 (66),70.6,Hatchback,MINERAL GREY,,Euro 6,£199,"£12,300",106 g/km,12-09-2022,,,
625,2 Series,Diesel,2.0L,Manual,"70,434 miles",5,148 bhp,2017 (17),68.9,Hatchback,WHITE,,Euro 6,£199,"£12,100",109 g/km,07-03-2022,,,
626,1 Series,Diesel,2.0L,Manual,"50,670 miles",5,147 bhp,2015 (15),68.9,Hatchback,WHITE,,Euro 6,£199,"£11,950",109 g/km,17-12-2021,,,
627,2 Series,Diesel,1.5L,Manual,"63,962 miles",5,114 bhp,2017 (17),74.3,Hatchback,BLACK,1.0,Euro 6,£199,"£11,950",99 g/km,13-07-2022,,,
628,1 Series,Diesel,2.0L,Manual,"63,986 miles",5,147 bhp,2016 (66),68.9,Hatchback,RED,2.0,Euro 6,£199,"£11,900",109 g/km,21-12-2021,,,
629,2 Series,Petrol,1.5L,Manual,"62,033 miles",2,134 bhp,2015 (65),50.4,Coupe,MINERAL GREY,,Euro 6,£199,"£11,900",130 g/km,27-09-2022,,,
630,1 Series,Diesel,2.0L,Manual,"30,410 miles",5,114 bhp,2015 (15),65.7,Hatchback,BLACK,,,£199,"£11,800",114 g/km,24-03-2022,,Euro 5,
631,1 Series,Diesel,1.5L,Manual,"55,070 miles",5,114 bhp,2015 (65),83.1,Hatchback,Mediterranean Blue,2.0,Euro 6,£199,"£11,700",89 g/km,07-12-2021,,,
632,1 Series,Diesel,1.5L,Manual,"57,552 miles",5,114 bhp,2015 (65),72.4,Hatchback,BLACK,,Euro 6,£199,"£11,400",103 g/km,19-04-2022,,,
633,1 Series,Diesel,1.5L,Manual,"48,177 miles",5,114 bhp,2015 (65),83.1,Hatchback,MIDNIGHT BLUE,,Euro 6,£199,"£11,300",89 g/km,14-09-2022,,,
634,1 Series,Petrol,1.5L,Manual,"59,313 miles",5,134 bhp,2015 (65),53.3,Hatchback,CRIMSON RED,2.0,Euro 6,£199,"£11,250",123 g/km,27-01-2022,,,
635,1 Series,Diesel,1.5L,Manual,"49,488 miles",5,114 bhp,2015 (65),83.1,Hatchback,SILVER,2.0,Euro 6,£199,"£11,100",89 g/km,08-11-2022,,,
636,3 Series,Diesel,2.0L,Manual,"82,364 miles",5,114 bhp,2016 (16),64.2,Estate,Platinum Silver Metallic,1.0,Euro 6,£199,"£11,100",116 g/km,26-09-2022,,,
637,2 Series,Diesel,1.5L,Manual,"69,949 miles",5,114 bhp,2017 (17),74.3,Hatchback,WHITE,1.0,Euro 6,£199,"£11,000",99 g/km,28-10-2022,,,
638,2 Series,Diesel,1.5L,Manual,"73,605 miles",5,114 bhp,2016 (65),74.3,Hatchback,BLACK,1.0,Euro 6,£199,"£10,300",99 g/km,07-12-2021,,,
